id_usuario;user_id;user_name
1;AE22E2AXODSPNK3EBIHNGYS5LOSA;Subhajit Kansa Banik
2;AE22MK2NXQD3ZARLIOL3SLD4GU6A;Vishal Tiwari
3;AE22Y3KIS7SE6LI3HE2VS6WWPU4Q;Srinivas Pasumarthi
4;AE23RS3W7GZO7LHYKJU6KSKVM4MQ;Mithila Saha
5;AE23WGYTUMB5R6JJMBU4V43JIW7Q;Nageswararao
6;AE242TR3GQ6TYC6W4SJ5UYYKBTYQ;anurag jain
7;AE243IWFZJ3BB6E6WMUG52DHWJVA;Jasper
8;AE24UFIVBSESSEV7UALTKP7K5Z4A;vikas
9;AE26ZTVZB6CB4VML6JSTYTL2QG6A;Placeholder
10;AE27PFEMMMJS44GT27KPL6VUOQUQ;Amazon Customer
11;AE27QPJRG7545VJX7LYRK2EO3I4Q;Gopal Samanta
12;AE27UOZENYSWCQVQRRUQIV2ZM7VA;virender malhotra
13;AE2AQ2I2SHITDWZ4YERKOBFU4KGA;Shishir mishra
14;AE2BXTBQXZ54NAE4NYNFSBR2WREA;Ankita singh
15;AE2BZUBJGOBQS2A3U66VXDUV5FRQ;Ann John
16;AE2CMOCWNJRTN53KESNTBUNXV37A;Mini
17;AE2E632GMYL5U2ESNXOX5UT5D34A;Jagdeesh singh
18;AE2EO67O5G5BPFX5QGUUBOF22LQQ;SUBHASH
19;AE2FPXNWO4ROL5WOAVLZWUE4OIAQ;Pavan
20;AE2H52BMLK7G66D6ALAYEQHW37PQ;purti
21;AE2HYLZSTHIFFYG2VTQEUMEZJNWQ;GauravK
22;AE2IJXBP54QRMOS6COSQSEWEJ6TA;SUNIL A.
23;AE2IPM7LGWZM72PWXD7DG2OJAEJQ;Md. Aftab alam
24;AE2IURVHTZIHYVJSWHTXDKEF3QOA;Chiranjeevi
25;AE2JTMRKTUOIVIZWS2WDGTMNTU4Q;Ganesh
26;AE2KS6ZY376YMGX7RNKV7VXUEGFQ;awadhesh Kumar
27;AE2KY7GO5HPPGPTMF2M5Q2GT7AXA;Sravann
28;AE2LOPNSKMI6BX2SCFLMGUOITKIA;jk
29;AE2LUQX7TDOHRQ6KSHCG46LFH2SQ;Bharat Chugh
30;AE2MJ6XVIE6OPT647IMTCCL234MA;Griswold
31;AE2MN74BM246562VMYFMSEFSTAJQ;Nayan Ambhore
32;AE2MUYHXVNFPILOIZ6T7B72BCR6A;Ravindra Pandit Kumavat
33;AE2NBVHMJEM7COMHX2XJ4UPZ7D7Q;Sahin
34;AE2NS3LUBQ33MFLYXAFBOTZOUO5Q;Amrut S
35;AE2O7ZDZY2IUTJCPPMM5IBEO2LRQ;Amazon Customer
36;AE2ODWBBOBD2SITDDIEJ644OSRFQ;syed azhar abbas
37;AE2OFVZSIE6KSBAPG6GMKCER35LA;Ajit Kumar Rai
38;AE2PQX6JEE6UW7QB6SNEYP3TAXLQ;Neeraj K.
39;AE2PYPC3OF2HEF4NCE63FBFFFOMQ;Amith PJ
40;AE2QCA6OGX2KOV5CKDSU2S35R4LQ;Radheshyam Tripathy
41;AE2QGBWD4NHT3VTKAS4TCZY6S7DA;Ashish Patel
42;AE2QS54KQW357EMHTCIX34UBB2TA;Satish
43;AE2SWHFUXPXFJLITBNYV5YGTI5LQ;Vanshik Kamboj
44;AE2SX6NXG2KPPA4PPOG6ZXAO4XRA;Shyam Kumar Diwakar
45;AE2SYKBDNNE4PVOOYME4HQILKXTA;Goutham.G.A.
46;AE2THTCCQLBIUSWPF4CPXC6GGP7Q;Saumil s.
47;AE2TS2DBYLAJ5WY6FFWFNXFY24SQ;Antara M.
48;AE2TSJXRS5BXE6X7WFS7HOFJKCOQ;shree
49;AE2TW6ATJ4SP2DNK4TH4DFYENOBA;Sumit
50;AE2VJTZLXNBNDNLTOJERY75Z3UFA;Sharad Ojha
51;AE2VXY4CFO36MDSIMPG43XHNF4GA;PRADEEP
52;AE2WCZU5RXVCKNUTUJ4HCDTLU6OA;Manroop S.
53;AE2WVSMP7ZOFNGQWHUPQNRZHLOVQ;Kaviya
54;AE2X3X56PWZY32QSRKVU4VOIKDIA;Sachin Yadav
55;AE2XBDOYDMXVHS6NWFKR363SXNEQ;Amos b.
56;AE2XMB6CEF4SCPYQI75GHNYEAXIA;Dilip Panchal
57;AE2XSRIZGIHUEHFRYKTLVQIKYFKA;ASHUTOSH PANDEY
58;AE2YKXGI2XFOVDHNL6FF2RQAZ55A;Sukumar Ballavolu
59;AE2YPAMPW3WE3EY6YUGZTOVDZMEQ;Aadarsh
60;AE2Z7NYPJLUYMZ3GNEMYZ5RDRM6A;Ashish
61;AE33HJDC2ZFONU6UHWESJ4GJ25ZQ;Sunil ashat
62;AE33MAZWYRVAAICGNACZAIWACK7Q;Ganesh Gholap
63;AE343V2CIFDUDQORRTJSRI6PXNYQ;rupali lakhera
64;AE34CJ4WMOVB26TU5H42L74U5DGA;Fauziya
65;AE35FM3ZVTBEQGYDRYS6BVM65J5A;Shravan V Prasad
66;AE35LUYKKECJUBLJE373GGQIZNOQ;Abhinav Mukherjee
67;AE35OI7LDTOKU32IFQ3GQX5AOKFQ;lucky
68;AE36KAI4PDY27JY3SBFA62OR6TFQ;Devi sree Prasad
69;AE376Y5V3WTFCERMS7ZVYUZCFNUQ;Manish Kumar Pandey
70;AE37UHWDVGTD3RZUERS6DMZ73QIA;Amazon Customer
71;AE3AAKFCFKJRKT76B4KMGZGIQNOQ;ShashankVerma
72;AE3AF67Y5YK6UG7I6HIVMWU4NWVA;ALOK
73;AE3AMYF4V4BHW3J5ODDAU6WECIRA;bhujvir
74;AE3BKBMK2CPOW3B3NOAN6753O4TA;Anastasiya Glebova
75;AE3BLMRIEOFTPVYRWPR7P5QUL5RA;Chandraprakash mohata
76;AE3BO5WPWSLE4GZMDE2Y4HJYS6CA;Archishman
77;AE3CC3KBP4BWJZJMRJD4W6DYTXUA;Rajat Mandal
78;AE3CEODJYJIUKTIQXGNWKTY5OH2A;Sagadevan.j
79;AE3CFONNMANNC5QPYIAXV67EUYUQ;ganesh
80;AE3CY2RS5BHE5G25RBAQFUY2FDCQ;sowmya varukuru
81;AE3D5CJ2GDUP5SQ3AAYMVAGDTX7A;Sukrit Basak
82;AE3DRCI3U5PRSINPY2TZAU6JEWBA;Deepak Kumar
83;AE3DUU4DR7FZFATXB6EAXVQ2XXHA;Chandni verma
84;AE3EGIT22MVVMLV2BZBQAURWSF2Q;Amazon Customer
85;AE3EGXXGRBM43FWMTLQB37JMC7OQ;Man Mohan Gupta
86;AE3EZWQC4YBZLYGELTAF4RPD4YVQ;Kanna Keerthi
87;AE3FF4SDT3KWMHGTK4ENKBTY7M6Q;Farha
88;AE3FL6OXMXKQCWOBJCDYMJWNA4EA;Tushar Aglave
89;AE3FZBDL2DKG5S23STYXDBEFCLFQ;Prime Customer
90;AE3GIVX24R4R67DU2MXLX24XYCIQ;RISHAV RAJ
91;AE3GJ4N2G2K4Q6JXYPIQSH4344CQ;Dhirendar
92;AE3GY55N5USCMWLS2JIO7CZFS5FQ;harsh shah
93;AE3IMYWXCNVEMIF3ELZZDGDXWKRA;Credit Maverick
94;AE3JIMEZHC22EA7YZAUQF7VOUIFQ;Unknown
95;AE3JXOT37VQRM3R7KJNLXD35X66Q;G RAJAN
96;AE3KVLQI3N4354HVJ5YAIHRJFQSQ;A Sinha
97;AE3LGSXHC4DSCKB6JNXLAHV5KUZA;bhanu pratap Phulwaria
98;AE3LXXFXH6BORYJRUFKZHYY3UHYQ;Bhaskar kr yadav
99;AE3M4GJCTIZI347G76JF67K7NODQ;Nitesh raj
100;AE3MPP4472M7T34QT5674QU2XC3A;ADITYA GUPTA
101;AE3MQNNHHLUHXURL5S7IAR7JTGNQ;Durai Vignesh
102;AE3MSW6H3AL6F3ZGR5LCN5AHJO6A;Deekshith
103;AE3NK5I2NAFOPARL2APH27FP3HBQ;sushil
104;AE3NPJLVC2YRPBNFICNMX5ZB6MEA;Abid
105;AE3O6366WGEQAANKJ76QETTUQQTQ;Purnendu
106;AE3OLFD74JMTB3BH445H4VU2KR4Q;Senorita
107;AE3OOUCU4W42ZU6AUODMT6CN6BPA;Mahadev Kolekar
108;AE3OXM4Y3HH35IJQENWQU5RQFS7A;Venky Iyer
109;AE3PDSVEERSBHPUPUMIXEGBQCB5A;RAGHU RAMA
110;AE3PNBPHVSOFM6ZFHRN65BJ623WA;Ashwin Showi
111;AE3PTJFRVU3YM5YFYN3ICDA5X6FA;Rameez Khan
112;AE3Q5LLITMWIVXRKSDTAIBKUX67Q;ank_bangalore
113;AE3Q6KSUK5P75D5HFYHCRAOLODSA;rahuls6099
114;AE3RFRGO7TRR2B3HPMSS4UGJZDMQ;Ramesh
115;AE3S2ZAEMH765KUJ57DR6HBZBB3Q;Fardeen mujawar
116;AE3S562OZDGHRXCXEO6AXOU3W5AQ;Amazon Customer
117;AE3SQVHSPJCIM3FT4MYLZOLX2ZSA;Syed Musaddiq Shazeb
118;AE3T4QKW5KPNX5VAVCS5K43WSESQ;Rohit Dudeja
119;AE3T6AOS4TGSVXSZ7QPC4ANCQ3TQ;Perabathula Srinivasarao
120;AE3TDTXNYRURNBEATXHSUB52QUQA;deepa
121;AE3USSWYJX32PTYGSCYTNTRCRTQQ;Naveen
122;AE3VLBYZZY526XUWNWWSXEEQ2O5A;soumya
123;AE3VYASU5PP6DWIZJ66PBLNM4PLQ;Anita Devi
124;AE3W6H2PP2KKMVEDIF4Z2RANULGA;Bharanidhar
125;AE3WABKZUWIAANLDG7L7UURMCDKA;Sohan Gope
126;AE3WB4ZVEGCMAZMHPCPLCQNKKQHQ;amit kumar
127;AE3WP33376SA5IZT4Z5P25RW5SNA;Lakshmipati Hari
128;AE3XDACOGNEPOGDQHEDJWR4R3JBA;Sreeram
129;AE3XH7AL52IBMYH77L5KO4DGTCDA;Vishal shah
130;AE3XNUB7K2MKUGB4H4KY2JY7WVQQ;Sunil Mahato
131;AE3Y3NN5YE2ATKHWKIYW7LZ34WHA;Girish
132;AE3Y3RIVJMUAJO2ABMM6V7I5V7QQ;Rishi shukla
133;AE3Z6FOZQTLXHRH3FSDWSUVG774Q;jivan surse
134;AE3ZQLAKLHGLFWBN2LOJTSYYN7HA;Naresh
135;AE42BCXRYURRUEFT4LVAFCIOCDDA;Daksh
136;AE42ERTVDMJOMKKWUM2TY7O2SPHQ;Arun
137;AE42EZDBUFSJZGL66F275G54PSUA;ESWARAN
138;AE42NSELZZ36ILVUWVDCPYWS3HDQ;Nevith Gowda
139;AE42ODBABKBHKRL2PW5XSBEB2IWQ;neeraj vashisht
140;AE43KS43Y6L62UBGG6K64AD5OISA;SP
141;AE43YOKQNGCH4SSBHBYFXDSPX6YA;Hemanth J.
142;AE442FMTBZA5GS5MDBKIB76GQDXQ;Prakash hembram
143;AE44R623GFX6JWJVREI7NZGB5BFQ;Kashish Vardhan
144;AE45GZLSH4SCD2YNBBHFAT7PULIA;lalit
145;AE45TP5ZURNMWK6GGPJ3F75P4ZZA;Vijay
146;AE46HCBRT2IIILPNCL32DZ5JHYMQ;Ashutosh
147;AE46PAL3I6SQVZG4CQR754OYQ7RA;Dwarakesh Arshu
148;AE4755NP2P2WIA3W6UZ4GBQUMYJQ;ANURAG
149;AE47PRQCNT3YFSESBLAJOH6MSCFA;Blackspade
150;AE47RN5UXX2ON7VIYMVW6NBT7PJA;Kc m.
151;AE47VDLEQSEVOXUCQTGZUFGIT2DQ;Manish Kumar singh
152;AE47VUN3SIUKJIBG4MYPFIOCK5XA;Biju T.
153;AE47XF2766XJOEOI42DVP2HMB4YQ;Amazon Customer
154;AE47Z7OIMUONNOFNS74AL5G3SEUQ;Amazon Customer
155;AE4ADCFGK4BPHVK426KLAGJIECTA;INSOLARE ENERGY PVT Ld
156;AE4BFRYLLJQRZJLJ755OH7DYIE4A;Amazon Customer
157;AE4BIPLKOA6B7N27WD53TX2UU6VQ;Gautam S.
158;AE4CCI6LBWFJBG4CLFJFLCJZ7YRA;madhu
159;AE4CJM43GFS4KYQVZRKJSGM5MIPA;Chirojit
160;AE4CX4G4C5JU6S4MBHE5YZO3AHXA;Aijaz Mahmood Ibji
161;AE4CY6H2MUWSFJ66OVTV6RBJCC3Q;Ryan
162;AE4DHHEU4Y3LQBPIJKXC4IBXB4WQ;Ujjval Rathod
163;AE4DPKX5AMUCEWM4543JPWAZVA2A;HaRshal Kapote
164;AE4DX3LKPJLQMTSMMVZISY3Z4LAA;Lancy
165;AE4ECIOVJONHQF4A4G4GYNVQNPZQ;Tamzid Hasa Dipu
166;AE4ENCSAVBVYJVFC3GMNMRDSD2KA;Ankit Kumar Singh
167;AE4FFHZAQYHRMCJA7VSTKEWFAMXQ;Ravi shankar
168;AE4FRP3D6KIQG7H3GP436GUD52VQ;Altaf Khan
169;AE4FTPFQLHBP4IG2JCSRSKXM4VFA;NSP
170;AE4G376L73UNPWICYOSYO2KNXYJA;P
171;AE4GETIZXRFI5D7IX7X66HOXA7HA;DIBYALOCHAN DUTTA
172;AE4GKTZA6NFJG2HC7TAMA4NIIDEQ;Kothapalli subramanyam
173;AE4HN6JZ6ZJYA2ACUAOQIUXSP5FA;Chenna Rao
174;AE4IOLUZBOKNPMKOWBH4NSBQANGQ;Sarthak Jain
175;AE4IRBIAL6D4FWUJDI7G3TDMZEZQ;Gagan
176;AE4IXYSBU6N2L4ABI3FPVKYOL4XQ;Deepak
177;AE4J6N4OTZMC3NVLJPGFTR5P7NIA;Rajesh A. Dhok
178;AE4JBCKONTM2LRZA546FASO3KV7Q;jeevesh parag
179;AE4JUNCUKPAHHGNR2OJEXJ64ZJOA;Umadevi
180;AE4KGK2WCG6QWH2TOWODVEN4F5OA;Amazon Customer
181;AE4KODNBVTDCZWZO4HZM4GTRERPA;Amazon Customer
182;AE4KODYP3MGRZS2JI6V7ZWVI5CHA;Rishi V
183;AE4KOR7RGVVZIAJPP5V4KYR7S4AA;MIR AMIR
184;AE4KVX5GHYODL52WEFZP43XMAQGQ;Alphonex
185;AE4KYJVLMHHZZHZGFZ6ETCWGRCNA;Placeholder
186;AE4L3MBEACOHT7Y7GGWQ72DUJ6SA;prem chand
187;AE4LFM6DUWG3H3L2O7BRXRDWMPQA;ÁJíth
188;AE4MORXG46LGABI76KRVGV5BCLMQ;Amazon Customer
189;AE4MWULC56KNGZ5KY6KVDRZ3IKGA;Jeevansh
190;AE4OFTARTQGROJSUYBZNK5N3EZHA;Amazon Customer
191;AE4OJDGKLBRC3SKJV2S3AHVXBWBA;Shahbaz
192;AE4OWRO7RHZKT3HIJCC6NFJLVADQ;Akash
193;AE4PAQOUOTQHDRBH74KKGQAMW56A;Kisan barik🎈
194;AE4PB2D5M7A6CIPE4SHZMHIDDIBA;Amazon Customer
195;AE4PB3GAZFWQPTCFXFFJMMZOSU5A;Amazon Customer
196;AE4PHOB4VRRT6W2L4E5TT4QROAWA;Jayabalan
197;AE4Q5XQ7SZW35EEUJKQ3IV2IIBQQ;Vidisha
198;AE4QKV65VW3ZO4ZOHL6GVNGFQ53Q;Sid
199;AE4S7RU4C77FN2E57NMJIFAMH7RQ;Sarvdeo Pandey
200;AE4TXVJAXHK5R7IELJNWWYHFIN6A;Anish Galgate
201;AE4UXKJGBAZWE6WR5DADPJBGVHTQ;Siddharth patel
202;AE4VHTKSWGIZRK2VBPA5W4BVVW6Q;FAIBI INDIA
203;AE4VKQV43AJEZDWE4WVJWFDY6RVA;Dinesh Ahuja
204;AE4VZLYVX3UP3NDMCIFWLLDGVO2A;Jaswinder ali
205;AE4W5ONOAXFJGV2L3AE72XWKSUKA;Shivani Chande
206;AE4WAZZ4DGMPHC2IFXOPULQIT6ZA;manik
207;AE4WFHYQM5DHVK4TJMYABWXRPMHA;anuj saxena
208;AE4WVGQ3VRHKHQN3CNM7NCZL3BBA;gaurav bagde
209;AE4X4RZZDN6H2D7NHKZ66VLDES7A;Faraz
210;AE4XKNCRFDT42UVC2DCKMIXW4MVQ;kishorekr
211;AE4XYBWQ4326DYVHYR2NLGVAVQYQ;Sudheer
212;AE4XZRBGX3OYZRK6X25BK6UW7KPA;Sumit
213;AE4YGDAAZX7ZDDGP4BTONW72CMIA;Rohan Wakade
214;AE4YIOCA5OVDV3GCCYFIJZ3XEKCA;Aasif Shaik
215;AE4YLPCDLNTQVAY55PYV3LYJYUSQ;Tushar Jain
216;AE4YTBWL7JODU6DEWIW2PTUQ5XPQ;Himanshu
217;AE4ZXGSA2CQOGKH3N7GS7WNS67MQ;Dileep Venigalla
218;AE52UBBUK555IYRGTS5VX7PO44IA;Neki Bijarnia
219;AE52V2LIW4Z75F47TVPERNBRPXRA;sundar
220;AE532GAPNMVN65KBRQWSO2D7ALPA;Deb
221;AE5333EQIF5YVB2LAEVCWPH2U5DQ;Amazon Customer
222;AE537L5FIMAIM2UYHZ3YQEUC7WJA;Ab
223;AE53NI5ENHBJCJOCII2GH6FLUOUA;Gautam Chawla
224;AE54CJHDDTC3JOR6UCSVK4UCZTTA;vasuki
225;AE54CJI2T5ADE7M3QPQN7LC7ECTA;Rajkumar jain
226;AE54UCU6AOZMSSLTEX4RTUZXTI6Q;Sreeram
227;AE556ASSODHNECNYDEABP6Q7Z75Q;Rahul Todur
228;AE55KTFVNXYFD5FPYWP2OUPEYNPQ;Sethu madhav
229;AE55VMGAF6S4FH763DDIXLTZIVBA;Balkrishnan
230;AE55WJERHR4C7SEAIWX4JJHFSZBA;Done Chandra Mouli
231;AE562XMNDX7ZSE5LXF3ML73JYBFQ;Dona Sreekumar
232;AE565UJ6PONRGUN6Z7BBE63X6D2A;Aditi Sharma
233;AE56AJOPJC6V2NF73NNWOLPERPXA;ShreeKrishna Gavhane
234;AE56BTAM4RTX2OYG7NBKUYADHE3Q;MANJUNATHAN A
235;AE56M2JBQC5JI3MSRAM3VTYP36HA;Sunil Govind Jawale
236;AE57EASYAUGIY3LHBP7QIOETS7IA;tarun
237;AE57P6GZXORH2I7GELKYG4WF44EQ;Sachin R.
238;AE5B4IQUTNKHTVKOPXPIZF7BSVCQ;Shivdev Singh Dhanjal
239;AE5B5BRM3KRUUMGH2DOGYGFHAEAA;muntasir kayal
240;AE5BBOZWRMK46CA2IDKPBVIQIFAQ;Latheesh Reddy
241;AE5BCR4FI23IPEGD3ZSDWOGO4ALQ;Netaji
242;AE5BEDOHJHOGLXFPGD7XGENYUXCQ;bhoobalakrishnan
243;AE5CGWMRDJN6NMXZ5XH74X2GIRNQ;Amazon Customer
244;AE5CXOIK2XJRKPRSKOXHICJHG3UQ;Rachna
245;AE5D3EMPETKIA4VU4SZU5UIHXKQA;Aradhna Aadhya
246;AE5DHPL6NSPL4NZU5YM6P2U67ZSQ;Amazon Customer
247;AE5DRZFQN56UNHWLA6RSKDLDXU3Q;Amazon Customer
248;AE5FLXF7GOUMGRXJNSX6UBK4SVNA;Subhendu D.
249;AE5FZ5B3EEES45Q26PNUBTJ5DRYA;gitesh jaiswal
250;AE5GMXIOYRAI3YQEDFM4W22P6SWQ;Sandeep Reddy
251;AE5GTUXFCCPSGKHOEKPPBZXXFH3A;Yusuf
252;AE5GXCIX32PZKCLESSPQFXILAPNA;Harsh
253;AE5HN6WL7NRP4AQWHEA2OGRZNAIQ;A.P.Gohil
254;AE5HUIXKA7KHNJP7S6ON4CEY4R4Q;Sridhar S
255;AE5IO4H7IZTRJPKIO4L6DMQ76GGA;Lakshmi
256;AE5IZ2UOEQTGU5LA3MHBKWIGQ2GQ;Aiyappa Nayaka
257;AE5JHZYLGZRTLGO7DJ7OGLD3NJZQ;Monish
258;AE5JNSRY4O3FLWR6P24C76QLBZGA;Amazon Customer
259;AE5JR5HPVSNYE3USXPC5DD5QZPEQ;Parul Walkey
260;AE5JV64MRH475HD7BRHX43UG5U4A;Amazon Customer
261;AE5JZKPJIR4HTZPWNC6ZPYMMGNBA;Yash
262;AE5KAK3S3XZDPRUR2VCND2QNZTUQ;Any babar
263;AE5KLF5JEOL4PMUGKERILYLPDSNA;Devraj Nayak
264;AE5LEWHQDGISBMSHQ3QRHVAO5ROQ;Aditi
265;AE5LG42YQKQ5MSEFHFL7N2AIUGQA;A certified buyer
266;AE5M5KSBCHDULWFU2S2YB7JAWQDQ;Nilsankar
267;AE5M7SPRDYEU6EPXVXHFGAS3WZXQ;Tejinder
268;AE5MAL4I5X3GDH2YF3MSDC5BPQCA;Elizabeth Paul
269;AE5MYFZ4IHAZY7EEV6IIXV7RPLTQ;Arnab Samanta
270;AE5N2V2V7NEXSAKNOV2YCEKMBTXA;meena polkam
271;AE5NYBPJTJOSK4VJU4OTM75E4OBQ;Sudhir Prasad
272;AE5PSEM6HJVUV5QNHJVA7RRSLNVA;Suaeb ansari
273;AE5Q66OAQVOETNNHP2BPN5WIBVJA;Kailas kanna
274;AE5QM7YNLDN264RDC3P7GBGFYUEA;Varun
275;AE5RKE23GK5T7VQBYKSUCUIHPMIQ;Molly Papachan
276;AE5S2QIJPXDUQT54XGJVGPQJOTSA;Dinesh B.
277;AE5S6YA36LI6NLAPALMF4AY5AZ4Q;dv
278;AE5SY7U46GVLNQWM3GYOBMBKCVQQ;Muscledark
279;AE5TFI4AZKIO5BARSWZQCPMUQMTA;Krish
280;AE5TYL3HV3PPD3BRG5C5HJO6Z2SA;Sharfuddin Baba Mohammed
281;AE5UEABJHMKBLTCBIQYEFKFG3LAQ;Siddhant
282;AE5UIXZIYQZMWTMJQNMGSPZKNUXQ;Kamal
283;AE5VM7Y43HENV5JBN7JB4LCDHO4A;Daljeet Singh kang
284;AE5VN6K6A4NJNWVYSEWB62MA3GMA;Karthik
285;AE5VPGHORHY2ZU5RW6B3AEL4CFJQ;Vaibhav.Vichare
286;AE5VS52EYPPGCA6BVWXK2NT6NFBA;Manasi Kulkarni
287;AE5W6S5KCJV6L2WMBIOKYWQJN37Q;Lokesh Hegde
288;AE5W7W53GHU7VOQE7ITNRK2TS3WQ;sangeetha arun
289;AE5WEK33Q53BHDQAPWRPVEN5OPZA;Vishnu singh
290;AE5WPJODNCWCZCMCMMXZ4DKDVIIQ;Sourav Bhattacharjee
291;AE5X7F5K6HASKKQZGUJEF3VZFRRQ;pawhnai
292;AE5XN2CICXIBA4IK6F4ONOJ6TOCA;JeneZ
293;AE5XTZM6CCS7KOS6K2CEYEESQJUA;Praveen K Cherian
294;AE5Y3XGYJUA7M7JL53MYYBZLXFOA;Jeswin
295;AE5YB4LKRKHWXAQRGN6CFKCFPRBQ;Abhishek Katoch
296;AE5ZOLUY3TPAUBD2KP2BEG2KKC7Q;PRABHAKAR DESAI
297;AE5ZU25XXCXJ33ZMNCFE55DO7IJQ;Ramesh
298;AE62ADD7WHBES7SB2GESKXCE2R7Q;kamal k.
299;AE637NV55PORSWGNKW547AAOV3VA;MUKUL
300;AE63YMXM3DHXLPTNVJHJ52BUA4KA;Rohit Bhambhani
301;AE642RIGZIT2VPQJOLNUZ34QVWJQ;MUNDATH BALGOPAL
302;AE64ROQOZG3YQPANW75Z4DGEOEYQ;Amazon Customer
303;AE64UCDJJ5GO35UI7VJ2OCCZMGFQ;A H.
304;AE64VTXK4VOBPNSBG2EGZS62YF6Q;Amazon Customer
305;AE65JZULZYSAXTA2EGDZEM6PBYPA;imti
306;AE666QCFHN4ZT5Q6YSSL7UXCW7WQ;Pavan Sisode
307;AE67YDKU344VENVLFVSPVZAG7AUQ;PATIL
308;AE67ZNU72JW5PJQHCXBG7SZX63SQ;AbdulKhader Mohammed
309;AE6APMY2U2SCCZYPIQWLII3GJGDA;Lucifer
310;AE6CCAMGPBVPHGMC3F5OFEGLSNXA;Uma
311;AE6CROVUGPHR7BRT5JASNRWSPBVQ;archit
312;AE6DLJW3TAZT627XBMBJGGCWYBPA;Dibyendu
313;AE6DRYSJVPHBCSHCTRNULSU2D4CA;Amazon Customer
314;AE6DVWUAWPSVBSLLUQYNPPSQQAJA;Rahul
315;AE6DY6YWTSSE3XNHDXZDGQM2JL2Q;Uday Joglekar
316;AE6DZEFBVJYVMURYFDATZFAANXJA;Prem
317;AE6EGCFBVJIZEZ4XPPIY3PES2SDQ;Prathamesh poojari
318;AE6EIDBISBBJAAF35WCPRRY3NORQ;Abdul Aziz
319;AE6ELRMJIUHC3CN34MMM7JRL5RBA;Shahul Hameed
320;AE6FSULFZEB65U7FWSETNHLBP5JQ;Rayees Tigadi
321;AE6GK7TE4UWNKQMMTNWZ5I4L3RZQ;Babu v.
322;AE6GNTASF4AF7GAW767UV2OON4EQ;satyam bansal
323;AE6GVJU7FTFYSAV3VRKLJMZJ5PFQ;Md. RIpan
324;AE6GYV2V4MGT4VMFHJ2CDRWVYS5Q;Praveen Ramachandruni
325;AE6HGV4SSK2V4C4QVOKY42KZW2DQ;Tathagata Chakraborty
326;AE6HP365WCXNFAUQETWLZ5AW2KEA;Alan
327;AE6HZIWCKGIK6A5E2O3FKGEOXWMQ;Aran
328;AE6IJ467G5TQ72ECC4ESEAAE2BUA;Jaspal singh
329;AE6JJW7YL5O4AMNXCKPOXXC6PA3Q;SUBRATA MUKHERJEE
330;AE6JO5FOQR3D3UE4GTIJT5FVRNKA;RONI.A.P.P.POONTHOTTAM
331;AE6MBEP4HN5HDV6LIEEN54UBRPWQ;CHANDAN JHA
332;AE6MJCSRJU3RFLB23P6WJWLZ6GBQ;Uday Vasant Gosavi
333;AE6O5SNFA7JNCFCI36XMSLHPT6IA;Sun.
334;AE6OITGK4Q3JK2PM6CA7Q5YVED6Q;Suprit Sagar
335;AE6PRC54EJZUTOB4OST65EPVDWIQ;Sayan Bhowmick
336;AE6PYJAIQ4PNYJNVMWW6NOCP2SPA;Sandeep
337;AE6QIRYYQXWBXRANCBNV7UQU3C3Q;Dhiraj Bansal
338;AE6T7WGZSJSYC6C44JF6AJLJDOCA;Abhishek
339;AE6THY5M7QTHCQRZ6PIUENS3NY4A;Sumesh
340;AE6TTPY5R4YW3XHTPGX6CGHLMVGA;Awesome Shopper
341;AE6TWJIXPTWPLBA6HQBQSCSHMXVA;Kriinaa
342;AE6VPREPQCXMNBLLF3SDM4ZWRSLA;Takshak Tathagat
343;AE6WKGXVWOEVM65BYKLOK56G2UVQ;Amazon Customer
344;AE6X7T342OTM3RULX5KQPVUT7TTA;Harpreet Kaur Sodhi
345;AE6XO6PGI4TTR6S74S4LWSPCMI5Q;Mukesh Kumar Maurya
346;AE6XTR4HOF6A4ZYWTEYOIM7RXWIQ;Santwana Bania
347;AE6XZBRHYTRKG33Z6UGCG7EUQ2UQ;Vinod Patidar
348;AE6YWSEP7SYHCL2F5WLM3JLAPTDA;Sunny Senpai
349;AE6ZHG2AXD6VPRRT3EUFSGVQJKOA;M Das
350;AE72VFMVHB7UT4FFROPQ4KJPAAQQ;Dipu
351;AE73MTFALRYHY4XMK66FIAZBOMGQ;nikhil joshi
352;AE74526CGYUJIWO3DRBFRBTN2I3Q;annaladasu jeevanababu
353;AE75YQCXBMW3R4W2MVET2JICVCYA;Mahaboob shareef
354;AE762UDUDQPW4R4QHHTIL7TPTJUA;Rejoy Jacob
355;AE76DJPCEWHN2OTAI3SQR6WIPB6A;Bhagwan Patil
356;AE77S5GV4JXA37SULMC5CYORCK5Q;RAJASEKAR
357;AE7A3EKW57EKUTLWKEKWLVQV6RUQ;SARFARAAZ AHMAD
358;AE7A3OXYT2YN46P3WD37MDGTCDQA;Ayesha Khan
359;AE7B5IIEKRJEPJUD7MU45QZIRLYQ;Arun
360;AE7BIR5NP6B6UA6DSJE23BBYJGHQ;Arpit Narula
361;AE7BNHD6PZQQD7K3OKFEPFHTISSA;Hrishikesh, pune
362;AE7CCDFNM42PHTVFFJ5JF3AFRZJQ;D Joardar
363;AE7CCWXTUAVBDTLXQJEP7M5M7FPA;Sundar
364;AE7CFHY23VAJT2FI4NZKKP6GS2UQ;Pranav
365;AE7CRGIWRNSZMTVAHR3SWOUQVFUQ;Saravanan
366;AE7D3RJLZB7FRIEHCAY6O2ATRJDQ;Padmanabhan R
367;AE7DSLIHNWRP33ZULLHXQA4KM5BQ;Amazon Customer
368;AE7DUUZF744LA3EMVCLI3UJDCIDA;Priyanka
369;AE7DWY6A2QRWHQTYLRM7QYUNY7FA;Vinayak P.
370;AE7DX25DQCE7MXLEASO6I3YLWHRQ;Samba Shiva
371;AE7EIACCCS63A5SXBSEHILB7XLSQ;harikrishna
372;AE7FBRGFEJAIKNXKMR47DB6P7TEQ;Hemal.S
373;AE7FJN3NTELV6LEGHCJEF3KVHDTQ;Sai
374;AE7FMASDWJPQ4VPAOQ4OEI46T72Q;monika
375;AE7FR7KNV6BX4XL43G2TZAV57XVA;Gopichand pawar
376;AE7GD3VRRYQEAHDR7FXJIR23INYA;Hari Krishnan PS
377;AE7GGDNBOHD2JQ2X5JPD666SAQOQ;AMAN KUMAR
378;AE7GKHRXG35GBMJJDCQ2ALF4UQRA;jhankar dhumketi
379;AE7GOXE6DZEYGOHGHKUAODAOWECQ;Arif H.
380;AE7H55TQ6WG5UBHJXDIJXAZJKCIA;Amazon Customer
381;AE7HD2B333CUTVNEKKQ2OFF3ZWNA;Purvi Neema
382;AE7IAOHK4VD5SU2NV3WDE5Y5TVHA;Sunita
383;AE7JCA7MTQHV6XTNF2NQFH5DG6KQ;Simple Person
384;AE7JD7KIAYTAFPP35NQ7YUJF2GNA;Akash pundir
385;AE7KUNNQKS6JSHH7QVFPPRKCS4BQ;Shan Raj
386;AE7LEUVO5O6WMKYYJRLP4MUZDZ6A;Anuj
387;AE7M7M6QTDYEHQKAKXIWO2OVMBXQ;Dr.  Balasubramanian Pechimuthu
388;AE7N4FEGNJFTRCFIDRMGOBDVTOKA;Gurukiran Maratha
389;AE7NBFOB3OSILKUH2JW5D2E26VFA;AstroQueen
390;AE7O44O3ZCU6YCS56X4UBNSMN2DA;Rishabh Gupta
391;AE7ODFGTGXOJ43E766LIKWOZWYTA;Anuj Malhotra
392;AE7OLL6ZAVDAJM4L6M54XNWRV4EQ;Amit
393;AE7OMK3IQJR2U2JZE2HQ4BKSPA6A;Chandrasekara rajasekara reddy
394;AE7PU2TS7JOYITZOCZV5YQ2D4LVA;Mahir
395;AE7Q7KWRZ7MHMTD4I63KVNQQLOGQ;Balvinder
396;AE7QAFZ3XNWF3O4BK4WIGFB3JGIQ;Rahul
397;AE7QGXIB227O4GIHLSTP2Z6VENCA;Kalyani Ramasubbu
398;AE7QJ5FKTIU6K26GFQWGMXKO2MGQ;Peter john
399;AE7R6PIVOLTXM6HWGKPKBI7NBIVQ;Santhosh
400;AE7RG5GRVSLRP2HGPKIF2JJ7BAHQ;vipin
401;AE7RZUVJXGKZLFJIM73AQTSJ6UHA;Faisal
402;AE7SGVKTAI4S2KFUR322Y2MCWYFQ;Satish Kumar
403;AE7SXDPE4UX5MOB32PS4V63RPVEA;ADITYA PAWAR
404;AE7TDC25GEFP6FQHGQNYGMEGA7TQ;Kailash
405;AE7UFVGPV7KYAP74UQJAQYE5PEDQ;Prajwala
406;AE7VL5JTR7ZZ67UPBM6KP2NYEOYQ;Ravindra J.
407;AE7VMF3T7AZVT6UB7TAZ2CVBTECQ;Farheen
408;AE7WCE4G7TDHHYVS72L46F2VKMOQ;YUGANTIKA
409;AE7WYVO3LE7NWMHVORZVUYS55TJQ;Jyoti Dwivedi
410;AE7XJTRAUD7W4BJAEVEKHQ5GDJIA;priyanka sahi
411;AE7XMCKQKQD4EJTIJ6INOTML43WQ;Gurinder Singh
412;AE7XNRKCIQXN2W5G667XOUMKDGGA;Kapil Chaudhary
413;AE7Y2H4FKICIHTQWHKJTBPPJXTTQ;Venkatasubramanya Narayana
414;AE7Y6RN5W7UID7VMJJWVAIT55JAQ;Amazon Customer
415;AE7YHD67JEECIX3IESFI44QL4HNQ;Pıŋkɘsh Goʋɽ
416;AE7ZYKK6AN7B2Y7ACR7JHJW236LA;Vipin Arora
417;AE7ZZAYS6ZDZ3PQEPKBKRPZKQIIQ;L Haokip
418;AEA2DZ4UBGO6GPVDVGEAIAQ2AMRA;utpal roy
419;AEA2HQHMFG3ZGJFOLLJQ65WKIZUQ;Sethuram.S
420;AEA4764BEJKLL5UEYQ75K6TRRD3A;LK
421;AEA4XMS33D3PRZZLZ5W6H5BDENEA;Nagesh Pai
422;AEA5X2W76STDCKVMFZ2WP7H7QFUA;Drowna roy
423;AEA6472BE7C24EQJU3GKJNILU27A;Ac3Connor
424;AEA6LQAAQNTPHS6NGAL6DDVFJZ3A;Chandresh kumar
425;AEA6UPUVSSMVOTGA6JN7GFG2AZ7A;Apurav
426;AEA7RJWIWRHGUYKUP6LJBPRSZCDA;Sohan Maity
427;AEAAA47F4XDSXNLTFKAEKQXYDDCA;shashi Bala
428;AEAATGPU3JDB35QPGDBHURZCAH2A;Dhiraj Tiwari
429;AEACBJY3IOIQP26VSSYJH4IGFDXQ;kishore
430;AEACCLBAYRCRJLUMTQVS5JSOYYVA;Joel Thomas
431;AEACEPNVLWUZDAPOTC4PB6YMDU4A;Sandip Biswas
432;AEAD2LHI2R3QVR3AQKOPB523SVUA;Aksa akhila
433;AEADA3ZA62TZRABEJAPSEZ5T4JCA;Premkumar
434;AEADGYDCRKJZHYV73SEXX5CODVVQ;Amazon Customer
435;AEAEGYFLA2BDHDKFUFJYT535NYGA;SK
436;AEAEURMVDILS5FIOXHO3U5UK7GCA;ViswanthAmazon
437;AEAFK6ITOXRVS34MTPODTIE4UWLQ;Shubu
438;AEAGP3KMHVFRPDKOR7TNLXYAKA6A;Shubham band
439;AEAGYWE74P5OI4Z3ORHAZICQDQRQ;Amit Kumar
440;AEAHCVLMYLKLICSIKCTUS54NVQ2A;Lulzdrone
441;AEAHQT2GADXG7O5HE362SSWYG5TQ;Bazil
442;AEAHUUJODQRTT2CHUPUCRGDHYTKQ;Patel
443;AEAJ3Z2IULDDDQC7KCSUIC62M3GA;Ramana KV
444;AEAJEELFQNAUNC3VXCKYR6RQPCJQ;Ritesh Ray
445;AEAK4OYOCJC43VRIH3NDSRTPNIAA;Amazon Customer
446;AEAKVP53B3LBTLJOVAQZUWEF6PYQ;Venkatesh
447;AEAKW6XSSNBTTT2SHXRSIYJ3P2KA;Vikas
448;AEAKZZZKAZKLEAAUUXG7QOL3XCQQ;Virendra Kumar Dube
449;AEALKKVOIADNBRZB3EOH2VJHP27A;Jayanth
450;AEALVGXXIP46OZVXKRUXSDWZJMEA;Harshada Pimple
451;AEAMCPIZZKK5QNGMASLDV27QTLVQ;Sahil Suman
452;AEAMCSAQXV3P5AXMBC4FPV3SMVWA;Amazon Customer
453;AEAMIR3CMSA32IDEINSJKHRNANTA;indrajyoti d.
454;AEAMTNJ62GWPNSKKZKL2CBYJ7QPA;BISWAJIT DAS
455;AEAMTXU57DL6YNJCT53AYMLYGXUA;Karthik
456;AEAMXZQMDHPTSSU6VOCCG7FJ3L5A;Shivam Jha
457;AEANG43WACMLOHWRIT6NS5P2SEYQ;chetan
458;AEAOO4M764H7IQUU3CTHRMQBB4SQ;RAKESH SWAIN
459;AEAOSBMIGWQY5HFXDMBRQUE3L52A;parveen sharma
460;AEAPKDGJ23GWBHSLTG3OQ4ZD72SA;Amazon Customer
461;AEAQ7J2ZTABMBDMZHCHUBIMR3RHA;Shivam Rajput
462;AEAS3VMYYUY4TJIVXZRHM6G6J7VA;Suyash gupta
463;AEASLP7ZXVRRT76WW6BZCHKEETPA;Rounak
464;AEASTV5BKJJIYW6WVS6JUBSK4MHA;deshraj s.
465;AEAT6CQT34IWYKUHXFMFGRNU7Q2A;Saravana Kumar K N
466;AEATK7D6GACRLCZSW4SNRWKVSYZA;Neha khan
467;AEATMWNUKI5O67DEVGKUJBZDATIA;Anushruti
468;AEATXOF4DX2VJQQBD2OLGA6WD2NA;Deepak
469;AEATZAGPDVY63OECCENTN5XZHNNQ;Shruti Didhate
470;AEAUDCMXHJHTKQNGANQYEVTM5ZYA;Alexis engg and mktg Pvt ltd
471;AEAUQLBFFDELPJFM3F6JAIX4VWKA;Nawang
472;AEAUTGCUVV2HSOOAJL6YMN7HG4OQ;Zafirah k.
473;AEAX5Y7DTTQZQWVZQMUAJ5OCQWXQ;Aleena Antony
474;AEAX7BRPDS3NSYCZQBQDL5DGZDVA;Ak
475;AEAXGTO24BDGSEOOQZQD66GYWOMQ;amit ray
476;AEAXPZESQ6V7SHMWRZTWKF5BVINQ;Srinu Jonnada
477;AEAYAWNX73JL6XLLTZIBP3WRPGXA;Tuku Roy
478;AEAYBCVEBO7ZZ4SXPQUEWWYXO7IQ;rajat
479;AEAZGAS5S5WBPYJUXAAJLS6HILEA;Rahul
480;AEAZZCC5KRGSGXGTGBRNK2O6IDAQ;Inderjeet Singh
481;AEB2ODYYKIX6P2T3SP7PADBNKGPQ;Praveenkumar
482;AEB2QT7KVD2RVAWLPXGQFJ3ERYWQ;Rompy
483;AEB3EVUTQCHIE3PGITWK72Q6EKTA;Amazon Customer
484;AEB3GRL6Q7FDMQSWGOPRAZ3VUL7Q;Rahul kumar
485;AEB3YEBRITFKRFWRJ6F7VGPIR6FQ;Kuldeep Rai
486;AEB475WQGOIS7R5P667OS3Y4YYSQ;Avi kaur
487;AEB4KX3FFG2DE2Q5CNKYTOWP5CBQ;-
488;AEB5GI6B4ZNBZUJQPXNXKQ5M776A;Avinash kr pandey
489;AEB5LUPJLVMRBV2DQYWOLGIC2OXQ;Ajay
490;AEB67NVL2DZCG3IKQOWI3752NDVA;Jash shah
491;AEB6ZUPDFZXQWXHE72JVVSO4ZFGA;rajiv
492;AEBAKTSBJSTQP4QYDTXHO7LZDWTA;Saswata Prime
493;AEBBA2BEZHS7VHTVPTM33SUFOPLQ;Mohit
494;AEBBDZUR4T6MWDXS4COIUJLYXHHA;PATEL P.
495;AEBC5L4UVUOB45BUSQHLNHGZC2JQ;Ashok
496;AEBCZJWGP66A67PNQTG6AIEZSJDA;Neelu Srivastava
497;AEBDNHLXROGGOSFVHA76BYKSNO4A;Abhinav Sharma
498;AEBDUINAFKTVCCEEHAXKR7AG5LXA;NARENDRA  N
499;AEBE2BCPPVJ4IPBU2J5EPU44WQJA;Nagarajunuti
500;AEBEAFP5OFFPDEF73JDC2QJUU6YQ;Neethu Akhil
501;AEBEEV5D2QU7YGXUN4BJIK4UUFMQ;Nilesh
502;AEBEEXG4EBJXPW7PBL4FL62NOGXA;Manisha
503;AEBEUDL2VRUKJQ3R52K2SQR5JHJQ;purnendu shekhar
504;AEBEUDO7ACRBO5M32NSUUSUVEIJA;Lekha Shivashanker
505;AEBFS3LI626ABZMQMQQZAVCZMSEA;Joy Ghosh
506;AEBGGTLXDNNFGOIHCQYCGF2AOL3A;Shashi
507;AEBGOR6UDRO2OU5XDIA2MV3YYFOA;Hari
508;AEBGRX2UHNMQHYKUQFHGDUPE4UCA;rajni
509;AEBHFCOMRX6G22X3JLSCKHLXPTOA;Sahid
510;AEBHTXXQFWE7YM6GAR63C4QEJVLA;Abeendranath K.
511;AEBHV4MEUEGYYUNRYNMTNAEZFRBQ;Govind N.
512;AEBHZQJ4R2TZ57GOCSTMIP53F4JQ;Vinay
513;AEBHZXZIBEHNBKLIAYNXWBMDX2ZA;siri srujana
514;AEBI27B54C4N5R3O45S2AWCPPNPA;Sham s.
515;AEBIJEXNYPRKO5MKEV6Y3B7T3CCQ;Damodaran
516;AEBIN6NSCXXL32OUISQKEN575X2A;Amazon Customer
517;AEBISQTRTH3NWC7NFQ4QOZVWLHDQ;Ashok S
518;AEBJF5IZ4I3DJKCO5DFA6UPGX3NA;Deepika
519;AEBM3UFSICAMJJ63YZUBAFR6DZHQ;NAGARAJAN
520;AEBMBHYSJBU324NU4URUAU4RHB2A;B. Bibo
521;AEBMIYML42WN2LWWZ4VIYP6IYPJA;Rishikesh Gharge
522;AEBMJLSOXQ6R3AYV2E5IRO5ENPLQ;deepak jha
523;AEBNUYHIR7GVMMLJXH5ONPDIJF7Q;Vamsi
524;AEBO2BBZLCJSQSMQSSZUR4JWW6UA;Devarajan N
525;AEBO7NWCNXKT4AESAN443HQH35FQ;Anirudh Sood
526;AEBOS67PZZ65W6MOFB5TLA3UMHIA;Sheikh Mohammed Imtiaz
527;AEBPHDTDFUCW7HI35KWQYFX46I6A;Biman
528;AEBPRGXBZGLP7GSDVHJW7MDK6TRA;Prat JD
529;AEBPX652YIDCC2QXOBBBXXZREV5A;Priya S.
530;AEBQPMPROYPTAQLTNBBFS4OQBYGQ;Gurmeet Bhamra
531;AEBRBDIZFIWDBOXITGLYRRSVZBTA;Brijnandan Singh
532;AEBRFXFON7LZTJCLJHVYUTGAG4JA;Dr Naqash
533;AEBRKCEYVLKRYEX4DVFRH3UUWPVA;Rahis Khan
534;AEBSIJDEVFVOC7PQYB3W36OLAHNA;Kunal Kapur
535;AEBV2AUCTSN3QJO4LJVJ66HVYSTQ;Laxmi Narayan
536;AEBVK2W3LLIF2OZWCC4ETO7AZBLQ;Avani Sahu
537;AEBVNEPJTREFKWKSVGGA4OTLKF3A;Saurabh yadav
538;AEBWA5I4QFCA3P3OBEPMELBGN4GQ;Akash Thakur
539;AEBWPF3PRVVFG5KWXV7X34GDFKUA;Habeeb-ind
540;AEBY74RXWDNJOHARPUMVQT5MY5XA;UMME KULSUM
541;AEBY7LSKMBHUL74SXGJDSRKKPGXA;Ananya
542;AEBYPM6SOKDZXXWGVKQO6QE3KARQ;Jaspreet Kaur
543;AEBZ2HAXFK35IM72RWPADC7VH3EA;M L.
544;AEBZ5HFJJPYLJAJL6YPW5B5TNSPQ;Joginder Parihar
545;AEBZFCW7Z2OSX3FS2DVMINPUZ6KQ;Syammie
546;AEBZKKPXROE4RBTBFJ6E5F5BGALA;Sai
547;AEC273TXQHQG4ZDMVD5VILLPYQAQ;Radheshyam Sharma
548;AEC2T4BCBJLQGM6767M73GQX6THA;Aadi Raj Uthup
549;AEC3CTKKV26PO32KOGUKKABJ4OAA;Khushi singh
550;AEC3N2HJPRWIDJRQNOE4CO6JCVUA;Placeholder
551;AEC4ACDLYBYYFG2473OXFA6BOCHA;Pasala Eswararao
552;AEC4ANXPPWN4RV5YG4JXEVPUXTHA;Vivek Ramachandran
553;AEC4LE3IVY4QZXX2ZBLZJSVOLOMQ;Shubham oli
554;AEC4ZK2E7SL6RXURSFAQILIAIYHQ;Archana
555;AEC5BUE7IZ7BJDWQBTHSZ5NTBMRA;Ajinkya Kumbhar
556;AEC5C3VXEKLH62ITNOMMUYIE2CAA;Anonymous22
557;AEC5PUIW4OSIDDQED7WLXG2S7TOQ;Dharminder Singh Singha
558;AEC6ANESUDELYRB2T3RKNZCOXMMA;M.Suresh
559;AEC6SV7YUF3HQVEMSZOXIOJORZ2Q;Srikanth GR
560;AEC6UDCEAUIBIFHGQDQ4KR67GC4A;venkatesh kg
561;AEC7I37QEPNKZBAK62I4W32FSVBA;Nimeshchandra S. Patel
562;AEC7RE5DTPOP3U3VWADY32HLOKMQ;Amazon Customer
563;AECA5GYEXI5PM7SREQZXQQBLP5PA;pramod b.
564;AECAPFEPRBCKU4VOBRUGOVMNJBXA;Kumkum Kumari
565;AECB5EX3CJUHCFUXJLQNDKYAXO7Q;Ashish Wakte
566;AECB6MUP7WF3B2FO3FIYZWRPHRHQ;Rajeev Mishra
567;AECB6RAIS3NCSRCNMUWNZAQARNMA;Kadir
568;AECBOMQMFPCFZ2YYN5SAQTT52Q5A;Gulshan
569;AECBTAP3SOAAMWUSNGBILNOOM5DQ;Himraj
570;AECBX5NSUD2POXPYXHZSETUVH5CA;Seshadri Majumdar
571;AECBZRZ5INBTHZJJIGSQJNEEEUYA;Sanjeet Tudu
572;AECCRE6ZTCPFGPVWDNY3IYYHCMOQ;Amazon Customer
573;AECDY7FOZSIRF26RIVPKPTJBAR2A;Kiran Singh
574;AECEPMMYOPFBE6SIVWQUSUHHAC2Q;Niraj Agrawal
575;AECF2E7SAWWCGKCIE7DVMFMDT24Q;Amazon Customer
576;AECFK7X5H4ZKSE2P4WI4SGN52XVA;Ignorant Nalayak
577;AECFYIUCHSZXDLACTYPEUSM5DIKA;Manoj Kumar
578;AECGAMNNIMW5QOPOBXRYQAKMQGEA;Avishek Majumdar
579;AECGYTPJLGUMYHXYFCPA3P4N6E2A;Vijay
580;AECHOPWYQWIMRB5UR6FLCY2AYKYA;Placeholder
581;AECJGIPE6J5ODC5P7L6WXI4XBNYQ;Shivu
582;AECJOC7KZPYXOULLW43TTOMQJCPA;Kindle Customer
583;AECK2OJ3MXCQOGMEUQOFE6NDAU5Q;Amazon Customer
584;AECKGXUASU4IXEIMUNT2ZGT47JPQ;Praveen Behara
585;AECKINXPQ25FT226Z26A5P6WM4DA;Rohit lakra
586;AECKQGFXRQ5NR6PHVGTS5TCIYKQA;Rekhabai bhoi
587;AECKQLXBHYEZN76LUT45XCGPGUHQ;Ganesh
588;AECKRXKG6P4WDPQMPD3XPO5ZZ5QA;ABHISHEK SAXENA
589;AECKXEN7R2D54DHRZIB6JYNXLU4Q;Md Tauqeer Akram
590;AECLAPFHLKPUROW3OP3WUZDWVWIA;NCR
591;AECLFSQIEBC26S2ZU7FRYDI66W2A;Gagan BV
592;AECLI5ARPX2YOZANEVKSRVV36QJA;Amazon Customer
593;AECLI7T73FK3PR4D3GESJ6QUGW6A;Asha Saraswat
594;AECLJOFG2C4ZUAJUS5JW52OCJGFA;Manuel D'Abrew
595;AECLL66KOCXSQJ2GAS5FF2DEIXQA;sadiya swaleh
596;AECLUTC5AZMCISU3ZNO6J5POEQQQ;Sardar V.
597;AECMC4ZTLI2FFUQHAXVILRVCNJHA;Ankur Kunal
598;AECMQ2RLIJLZPBV65R74ZXYWBHDA;Santosh
599;AECMWB3HNGTTXL2CN4FR6NFXD5GA;Dinesh K.
600;AECNIS47DOPIKSIDCNYXX7B7PIKQ;Rajasekaran M.
601;AECNKBFNUZ5AY4RLJIYQOHMMKQVA;Neeraj Rawat
602;AECNNZVKQPR25O2GJGFWLHBH367Q;Aniket Raj
603;AECO2EJCD6W3VMBXILWJE2BPJSDA;Sivaji Kodali
604;AECO4Q5ZTTJ4UWRTXXESCF2BZD3Q;MR DEBABRATA GHOSH
605;AECO65DQ3UZY67KSSN3RSKVWKXYQ;Rajasekar
606;AECOALJSL7PRTK6PAPQVUM6BT3MA;Manoj K.
607;AECOFAMXWUJ62CI4VQJU5W7NVTZA;govind
608;AECOJHWYPDNQKUVPWJ5LW3W4WRXQ;manpreet
609;AECPF7WFMUQ3TR7YTLSL72GHF36Q;Siddhi Prabhudesai
610;AECPFYFQVRUWC3KGNLJIOREFP5LQ;ArdKn
611;AECPQWPXGTZOXEYOPZXTZQ5ZG23Q;Brian Visvasam
612;AECQAMC4JK52F4BZZJ23CKZEWXNQ;Jubin kakati
613;AECQPIQJEIF5ASVCNW43FEDLAATQ;Amazon Customer
614;AECQXTLQHIUJGVCJRIZGBG74HZMA;Richard P.
615;AECSR4RFQGV6P2PCOA7XPNGGBZQQ;Shweta R.
616;AECSY43DVEY6JFCK3RGGCNDWTPDA;Venkureddy remala
617;AECSYXIFB6BFWLLNK6ZEL322DPJQ;Jaidev singh fojdar
618;AECTQFMI5LITXPVVXAMCEN7T4OMA;Ajay Patil
619;AECTTIBADJRR6PNCGQM3KLJT65XQ;Sudhakar Samuel
620;AECUDCUUNINQYLQOYTKNXGMYWIDQ;Renga C
621;AECUHYUPESWI2DB5JMEZQF77VWOA;koustav
622;AECUT2M2ZMO76YUEXUVPCKGFOHMA;JAGANNADHA RAJU DANTULURI
623;AECVPCTS5NOO6MT4NUYJJBUT7COA;Amazon Customer
624;AECWBGFECHOEYECHQGPMWRYNKHYQ;Samadhan patil
625;AECWPRYCITRCOZR5Y4FNNYESFFBQ;Amazon Customer
626;AECWYSIVTNLIIS5A2JCCXVV65YEA;shruti
627;AECXPKAOE4L7HKC7MX3HARQ2ZN7A;Kiransaravanan
628;AECXWRKH4W4B73UW5IAHDTBZYTBQ;Georgy Mathew
629;AECXYBWM74VM7PE44MKGWPPLUPMA;Navneet raj
630;AECXZYGASHXD24MRMRWAS4JAHENA;Dhanush
631;AECYNJOWTBY3PX3PXUDDWBLIOPSA;Ariz Siddique
632;AECYTJD5MC5XGEX75UZY6T64WX5A;Durgaprasad g.
633;AECYWFZ53SIMOPOKAILDW3VNGRRA;tharangini reddy
634;AECZ4IP3TBM4EUG52BZAOQV3EKIA;Ankit
635;AECZ74YEI7GUHN27KFQKRVIEFCHA;Anil
636;AECZ7LYEACIXJTSOCFWLHVZLJPEA;Saikrushna Dyaga
637;AECZMYNKZNRE7CJZQ257V2F3MRTA;Navin
638;AED2NJ6DBAMJR3CHAEJDTLG3NN2A;Martin Gibson Karkada
639;AED2V75UUU3LKRDYR6C7JKBSMOOQ;Advisor
640;AED2YYBYVHAASJ3QCTDEZUTBWVOA;Vishnu Bagal
641;AED36GWWMN3IDN6MHKBLYHYCTTYQ;makwana keval
642;AED3IJZWBNFRKJVPEX6E7S3J4YCQ;Amazon Customer
643;AED3V5KQXHYOPY3IL2CUQITIZFHQ;Krishti jaswani
644;AED4F4GBE3CHLH5VPHQFYBNTSZJA;Arasu
645;AED4U5CF37HVSYPMD6KUP3YPH36A;Ajit
646;AED54H4JXQGZT6GANH6PJN4SNU7Q;Periyasamy
647;AED5BT2OISJYFBV7A2B33PXRM27A;As
648;AED6534KQCNZBMWINPAQWCHZN6FQ;Manish Shrivastava
649;AED67MOMBSOFF4YGXKG4BNH4L7CQ;Mohd Aslam Khan
650;AED6JXY3SFVHOYMZM4MBG6D2LGAQ;Experience Japan
651;AED6PKQYUIQOV6YB4NAZTJQ2VCIQ;BASANT KUMAR PRADHAN
652;AED7TRAUSBC6ZNGG5Y6OIPXINVEA;KARTHIK
653;AEDASFMONSZILDTQ2KMND32254ZA;Madhu R
654;AEDB4HO3XZSRGBOZOKXHJDFH7EKQ;Amazon Customer
655;AEDCAWW6MGT4UO4RRH7NOK3EH5SA;Mananveer singh
656;AEDCFJT7COKZ3DP4YGWKH6KU7LAA;Sib
657;AEDCUCVJEJKQWJPNYA4E5HMQ37TA;Narinder Kumar
658;AEDDSZIS6P2DL7Z4MHVXUKLW73QQ;ziya malik
659;AEDE34W5WJGXECUXTOAKRHAOUGBQ;logananil
660;AEDEO6FQJAAYWROW5Y74WR73VOXQ;kuppannan maruthachalam
661;AEDG2D2EUJBTRXOTXTERTO45O3YQ;Pavish
662;AEDGEVRXRPJZOKCKYHPSRPYFIDZA;Anil reddy
663;AEDH674UH53A5FKLUZCCM5LVKUQQ;Rakesh yadav
664;AEDH7DZL7EV37HNO2Y774YFM6SYA;Amazon Customer
665;AEDHFXMKZMTSZUD6ZDT2EAIJBQUA;Karan Rai
666;AEDHYDNNCKCAOWK442JABEE5CWLQ;Seerat Dar
667;AEDJJ4HPMNRLJMCNUIE7KOJM2UWQ;Shariq Shaikh
668;AEDJK6VC42VWN3SJOPPI4V5HAQMA;sanjay kumar
669;AEDJTEMKFFN3UT7NI6Y2E4UKCJWQ;Sunil
670;AEDK7NNC32QPIBYSPK3J4OFILH4Q;Amba vasantha lashmi
671;AEDKALHSURZRICZ2LRUS4QMUGK5A;sunil
672;AEDKNRNG6YV7UXI72VNLX4DK3XMA;MOHD NASIM
673;AEDKRMDACO4VWC4ERJ42X6USUNTQ;Sitanshu kumar
674;AEDKU3NF2473GPBRWDHIHRTZJPXQ;Chinna
675;AEDKV6ZUXIBYYQJBXOHXB3DZLYWQ;Ravindra r.m
676;AEDL37BWW4MEOIJFCGUXHFUQRXGQ;Shyam Kotecha
677;AEDL3PA6SU7XPRZ3LKDR7XYKZC4A;nishapandit
678;AEDLLY6JXNCVYIW227SBCPVYHNUA;keshav
679;AEDLXBJM6UISEM4SXR6YUIY4KNCQ;datta DG
680;AEDM7KPWGF43EOIT2OHPQEMDTBSQ;Dnyaneshwar
681;AEDMCNDDE56FCVUPTKNCDFKM26NA;Arun
682;AEDMMOCM4OA7BFGRBDZP2RIROZFA;Shivam Bharti
683;AEDMNVL5UD34C7NFQD5HN32ALFZQ;RAHUL MEHRA
684;AEDMOT4JJAD7UCEFLEA76Y526CGQ;Amazon Customer
685;AEDMSJ2CEQZID62NXPKEQLMBG2LQ;S.k nahak
686;AEDMXTLZRXBSPPDRYIN6PAGXFXCA;Venkatesh S.
687;AEDN2U7HH4M3FF3HHDBHYZM2V4DA;shivendra pratap
688;AEDN6ICRLDC6CVKYHK3F5747TF7Q;Jhala Digvijaysinh Pravinsinh
689;AEDNDMWWZ33RMM5UIXXGMEPSUYFA;Vaibhav baid
690;AEDNDNSMKKRKDTTX67VVJMEQEPPA;Apurv G.
691;AEDNFIJI2HDWTA4SZPMOVNEHPKOA;shaila
692;AEDNFNVOPMOWPCSBXQJFW6PCP3ZQ;Garry
693;AEDNOJVJHRNIBUYTBMFCMOLD62VA;Amazon Customer
694;AEDNS57XE64VB4TCVC5ZOKBDE2QQ;Raushan Kumar singh
695;AEDONSL33XUU6IK7HCDLQEPV7GGA;Mini
696;AEDOS7O5DUVDYA7EHU6VERPRAFMA;hirabhai thakarda
697;AEDOY7QSF22AYSFDSBF32NURIY3A;Rattan Lal Narula
698;AEDP3USNSZXGRPOONSUFGDM7YDKA;Amazon Customer
699;AEDPJXQWX34LSNG4ZOIRO2DMYZBQ;Deepak Samson
700;AEDPXMYWKEF2FFU4P7JUPNRVWU3A;Siva
701;AEDQG7IQKAQB77K53PPHHWV4QCXA;Sandeep
702;AEDR652FAPSVVJAKQXEP6BYIKVEQ;Ram Shukla
703;AEDRDM7OTIWIAOWELAEAITODC4EA;Purvesh
704;AEDRNOENRBIMTJ75EUOOTKRN7YOA;Jenifer
705;AEDS2VTTH5GACRGL2B5F7TLJULYQ;Amazon Customer
706;AEDSNOOD2D6SJAET2BTNBHLV2SSA;Shubham Pawar
707;AEDTSPMMJN5UL33AYZXSBOVGMRLA;niteesh
708;AEDU5UVD5ZMYRMBTNQTU7QUFLDVQ;MAHESH KANCHARANA
709;AEDUUPZP42KTG4E4WBBN6XBQ7OEA;Amazon Customer
710;AEDV4GI2RIY5EVU7EXSDYNSRSVSQ;Dr.Murli Manohar
711;AEDVHCTFRSHLBEEGFK3H45GATQFA;S.Balasubramanian
712;AEDVMC3DUI5UUVQ43C4XLLZJGWUA;sanket
713;AEDW5CCSPBHRUFSD4KHK4EYEINSQ;Yovan Aroquiam
714;AEDWE7SRSLUC4O4UBDVW2PG6RALA;A Rohini Kumar
715;AEDWGHRREZFUGG26RHCC755HN7HA;Rohan Sakhare
716;AEDWSW43DK26XB4AM4TRHLPEJ3HQ;Amazon Customer
717;AEDWWKMEJES5SUY5QRGMWWMM7CWA;Kavya Singh
718;AEDXKCO2L3ULRQJ5IH4QNI33A44A;Shamim
719;AEDY3GIDR2RJL5RYJ3TZYZ5MUJ2Q;Jincy Thomas
720;AEDY5UAJ26E6AID2QBRV2B3DEOEQ;Manoj  kumar
721;AEDYGQWG3MQCXE4NAFPHEKHC65RA;Colonel PSV Ramana
722;AEDYRTC4664YWM5FEQVQB3IVCAMA;Ashish A. Jhala
723;AEDYZS5DODYXST6PMDSAC3F5NOUQ;ajeet
724;AEDZ4OLR66LZO57XWMR6F43K736A;R Periyasamy
725;AEDZXGGZW3ZS22XINYAPXX347GKA;Wajiha
726;AEE2HCL5QT6A7E3BE2FDJ4OLCSQQ;Jatin Raikwar
727;AEE2UIYAS7GME4GOS6EZWUK52KCA;Prabhat Sharma
728;AEE2XYKFE3DMNYQTOCBK3PEVORQA;LEO SELVARATHINAM
729;AEE3AO34SPLLZWYEDMWH5JJWGQNQ;Meenakshi Chabbra
730;AEE3BW7DUIDZY367EH44OKNKDJDA;shameer
731;AEE46IBP3ZPVE6S3HRLREKFHW6WQ;Ajay Singh
732;AEE4RPNGOYPSBZXDRDNG5JR7KMTQ;Ajmat
733;AEE4VC52GEZBJ62O6SCO43EWMT6A;Gopal pawar
734;AEE5DT5BRBCBX27LOGB5EIX3GVHQ;Aman dhiman
735;AEE5ETMIZN42YFYSNE3DUQUSWEJA;Akshay Kaushik
736;AEE5QN5TSLHUPXJL4WX76DZW3YEQ;Arpit Agarwal
737;AEE5R6QGK7NZBOBH65HH26TGX2XQ;Vijay Mohite
738;AEE5TKO2YQMMVIBAGMEE4BQS6ZHQ;Shrijit Mondal
739;AEE5XXQWRVZSVDNYTBDR3BY4PHAA;Rajkumar
740;AEE6AOZ236TYFSCLGHGXIIG2SFUQ;Jose Febin
741;AEE6GBKI25S2XX77PN4SZTH7KWTQ;Rishi
742;AEE6KWTJSN7EKGJ2TWFZCA6EGWJA;Dr Emes Malsawma
743;AEE7B7WVQ7D4AVZ3PNCXJEA36ZWQ;N T HARI HARAN
744;AEEBECR65JN34YC7NEJIFAQB67TQ;Mayank Singh
745;AEEBGA5NPM4BZ2UVJYRWPZVHZTVA;Rohit khuswaha
746;AEEDAYAZG3NHVRQC4VQJO7UOGA6Q;Ishfaq Sheikh
747;AEEDBX6NJS6TW3AY6TG3DUN4TI5A;Divyaj
748;AEEE77EDIHNXZHXAC77EGZGKGSLQ;Surendra Sawant
749;AEEETBDP73H6344UQ5FJSUBNR63A;Placeholder
750;AEEF4HG4M3I4C27OWPX5SSBESB6Q;Annan
751;AEEFHVT72FRALB75Y3WUTDBMMKDA;Siddharth
752;AEEFM3W6RGC2KDYG5B6N7VQXR4QA;Tejas
753;AEEFPG736MUL72UDWLRNYQWVSWCQ;Devasish
754;AEEFS3FOUKDT4GU4ERN6AOCMHTFQ;Mayur Shetty
755;AEEFUBM5UGOQDCGWGY6JORVEO5QA;Indrani B.
756;AEEGGAYRYXP6RHFL64B5MD5RVOKA;Amazon Customer
757;AEEGGJUP3XKWMPAPJDTY5TEICVNQ;Tamanna
758;AEEGGTGGYA4JE55NEKYL4DOOZANA;Rupesh goel
759;AEEGIQ6LMHJWRZ3YS37ACZD6HYCA;Amazon Customer
760;AEEGO3RFZPTW2WUQBMW4S3SMZDEQ;Vikas Dashpute
761;AEEH35CH4JAERU44DZYQVKQVXGHA;vishal mandal
762;AEEH5DFNKICJXQME6UXNS3P3OM3A;Yugandhar Menda
763;AEEIEOI4H2XLUKSM52M7BFRT2LDA;Prity
764;AEEIGWJVASSHYBL4QVIVIRRLJHKQ;Renuka
765;AEEJ44O5YFDJ7ILQI74U7XMNEFIQ;Suman sutradhar
766;AEEJ6B3XBCPD2CHBKEWXRNHXM5EA;Bhavika
767;AEEJESI2M64R6WO3LQGYW2J2VYGA;Vilas
768;AEEK7DYZXOHAWSCKMMKJYMOMDS5Q;MOHAMMED JAHANGIR
769;AEEK7J244RB5UK7OFFLH5QHEQ3RQ;ANIRBAN  GANGULY
770;AEEKJOMZAKG7QA2HLN2OSNTKTN3Q;sonu sharma
771;AEEL3YZEVV6RI67NSG7M65TCKEDA;Shashidhar N
772;AEEM5Q36DTXAMCJWEX2E7P6DAUUA;najeeb rizvi
773;AEEMDECLMB6ZOYW4MZDRUTMPNDMQ;Pankaj Bhatt
774;AEEMOUFPIMWI2J6CNO5W4YVLLIGQ;Narendra Choudhari
775;AEEMPL2VIRNJTYATMFPHFSHI4IOA;Sumit pandey
776;AEENNI7W6SOEI77V5T55AFK62DUQ;Placeholder
777;AEEOHRSGRB777SO6I4OOPWZ4DQ4A;bheemanna
778;AEEOKIYMOYNGBWPWP3FJDCRYUCMQ;Aniket
779;AEEP24AQWPKPYJZOKSCKSBMR362Q;Raveendran
780;AEEPWPF5DKQ2OMNUTMCXXLZLF3RA;Neel Sengupta
781;AEEQ3N6TTKJ6KIQQ5GNDS7AHU7ZQ;Priyajit Samanta
782;AEEQGUXKD6HEZIATDRB27PQJY4AQ;MF
783;AEERA3TDMJGDMFA2NSPWSU5DUYNA;Sanchit
784;AEESPVBBOGON4LQB5OV3CCXNRKJQ;Arpan Seth
785;AEET56DWLVEJJRK3CQLKWYUG5W4A;Akshay
786;AEETOHX32FYDRI6SIAW7L76Q2NHQ;Shivasunhith
787;AEETUHPLSOLA55TPPWJWAQ7DZK5A;Muzammil Parkar
788;AEETUTB5Z5Y6IVW4JTMU3MXWSGWQ;Anuj Jain
789;AEEUZBBPEPROX4BJYECX33XIBY7A;Sandhya
790;AEEV73PQDYYMSQSW46LQMZ526YVQ;Qais Makani
791;AEEVA2YRT3OJQTU2U7EWDW7EKPPQ;Pawan kumar
792;AEEVM3YPIPIVWHVUE4HARBANNZHQ;Debabrata p.
793;AEEVP6GP6VPJ3DKV2WCQZXRYF4NA;Khushi sharma
794;AEEWA3EFIRGINHXPIZFLU74HKVXQ;9625766449
795;AEEWHS6M7UDMDKWHZSVVHGW5JJUQ;JYOTI SRIVASTAVA
796;AEEWIC5Y6UOO3KA5O2RE5GMQMLDA;Sudhanshu Shekhar
797;AEEWJRWNATTBY7SQIK5QZEUELLXA;Atul kumar
798;AEEWMW6LV5AVBCW6OTUO2TRYKY2A;Brajmohan Gaur
799;AEEWPCT3NI67LDWFLJ7HICLMMZPQ;Sai Deepak Velivela
800;AEEWUDXSGNJ3CNRK3PKT5NPCLNJQ;JOHN
801;AEEXKG5AG3K2ZV5EDWTS44RP245Q;Palak dadhich
802;AEEXZXEWCWYDJLF6GTCY2Z26BNCQ;Ranabindu mondal
803;AEEYC3VV6XNJOUKLAKNJCTNZ37DQ;Aditya Pandey
804;AEEYJCTR44VPW4DW537EAZHK5CPQ;Kshitij
805;AEEYMW4YXUA5ZC4H34CHUW5EPFKA;Saurabh vats
806;AEEZ33SWLBQZEQUUK7AM3EICB23Q;Shubhpreet Ubbi
807;AEEZJKFACBVCAW4R5CM45YW4GGZA;Saima
808;AEEZYJZPB2KSAO2LICWVJHFBDZYQ;JOHNSON KACHHAP
809;AEF27BA6AC4XT2HSGW57TG3YS2HA;Anurag kumar
810;AEF3QNOCDEMLINRVML6H7XIGWYPQ;Paramesh
811;AEF43YVI4VWAPHIJ6PVL72WYMLZA;Mohit Sharma
812;AEF46GENYIQSETB5QV7U3BFPRLWQ;Karthik Palani
813;AEF46LTPVXW3BL7J4RETUFLLW3RA;Ritu Doloi
814;AEF4AQOCIUBZ2YYY25OWVB42GTKQ;Rhea
815;AEF4QBAINOQAYMSVNXHYZE7AYTSQ;SANYAM SINGHI
816;AEF55HUCR2L3DMBXVV4SGD55JKIQ;Rishi Kapoor
817;AEF5RCDWM36RUTBBON7LXA26PTCA;अशोक वैष्णव
818;AEF5YBIELXGHKIQUBYBHTEPHHAHA;Daisy daniel
819;AEF6JSVY55DHBPROF6AK72DB43ZQ;Pallab Das
820;AEF7R2XPRQEBGHMMUTQRQNQ7CHLQ;Rudraksh
821;AEFANDDI6JRPXAGKHLQH2TV6A53A;Sudhanshu Shekhar Tripathy
822;AEFAWUMPU4OZI76XQ37T5D7JHLEQ;Arun
823;AEFAY7OKZJMR544YASL7AUXA7ZOQ;Saurabh Majumdar
824;AEFBEFEQHITZHESCPA42U5N2Y7YQ;Archana Mishra
825;AEFCRF3XKSLRNEZ35P6P4SCLGIPA;SS BATRA
826;AEFDI2YRIMBNCPVHEGTCZ3EEJJBQ;Arvind kumar
827;AEFDNKBBMU2WUSR5PXNGKH3RVGZQ;Dipankar Paul
828;AEFES7Z2WEM3TVJHVRRRPIGRRXVA;siva behaea
829;AEFHQZEKUBGETK53T6ASRZZROQRQ;Amazon Customer
830;AEFI7KCPVSZ2JTMHAZ7AXVWCZR7Q;Shahrukh shaikh
831;AEFIFJIV3YDBR7WKSDYX4JEQSCDA;Yogesh Tayde
832;AEFIFPUVWYO3I3N2P2WD7XLI6MXA;sheela k.
833;AEFIOOBMEJPER2FTC4AVKEZ44NYA;Bharti
834;AEFJC2FTSOL3UWEG42NAOBRG5VTA;DINESHWAR
835;AEFJJHEDW3VJRIQANBUZTZNYCOPQ;Ayushi sharma
836;AEFLPPQ4RG2KHSAOJF53X2CIPTEA;Vikash R.
837;AEFLSGZLX2IZ46ZHEXXAGLAWX5XQ;Shravanti
838;AEFNEVSP4WMJVLBSRPH3YKKRSDWA;shubham
839;AEFNT7TWJYDOX5RL3Y5YW77IZT5A;Taniya singh
840;AEFRDOHS5FREPDSZU6FPMMH5QXPA;Amazon Customer
841;AEFS33TZ32ZFCNHF4HLNUCSMZQMQ;Gururaj Kulkarni
842;AEFUJZ7AZW6MNREF2KOJDSJSYW5Q;legends2k
843;AEFUKUMHKDI2O3TFN7HKNZIP4Y3A;Manoj Yadav
844;AEFUZZHV62AGF5NW5JJMEQI5TJ2Q;Fazeela Fazzii..
845;AEFVBBYV2B2FDYETNBPLPC5ZBS4A;MATHEW JOSE
846;AEFVX5GYQ6Y5MQSA25IP2FM2ZKTA;A customer
847;AEFXAZ2UATTLLEZX44V5WMEGNS4A;Vishal S.
848;AEFXFHQQRNGTHNUGCIDULRC6BHLQ;Anu Jain
849;AEFXOSV5LSFQVAI3FYKVECIQ2YKA;Aditya Abhishek
850;AEFYJ3VKDQDLXLOEH7TKQUXIT7HA;Manish Holla
851;AEFYKJA3MREFE47PSGVWXKAZNX5A;Rohit Y.
852;AEFZB452E6G2IGBYI3RXU7C5QGTA;Joshilla P.
853;AEFZDQSLOAQK43UQQF6SHZUEHDVQ;PavanKumar
854;AEFZZLVLJSICGSP4WDGTZFSDF2BQ;Gokul
855;AEG2WHR5FSYCEYGD3KEKGENVLP7Q;Sanket dhar
856;AEG3CL326V5AJNOLTC2BCUTR6NHQ;Prosper Paul
857;AEG3FM4NNSWVGPQKTOWSUWD5WIRQ;Sanjeev Rawal
858;AEG3HYLEKKRSE4WITBF2CB2GIAXQ;Sunil Jeurkar
859;AEG4O3NA4UH2NADX7S54C6AROJVA;Amazon Customer
860;AEG4RN3E6SIUFNUSICKYE5VPJMMQ;Amazon Customer
861;AEG4VIVKNFDYAV2FCBSOHWCVZSVQ;Sandesh
862;AEG5JOZOUBWEAZOGQQR6YDVPTL6A;Pratap
863;AEG5SODTEGYP3IUXIGCGFJBG4W4Q;Meet Rana
864;AEG62TH65UKTMBXY5MS2T7JD3YLA;Ashish Thakur
865;AEG6NCZPUEEC3YY267IS3YMFRBWA;Dhineshkumar
866;AEG6WS6DQBW7RUYV5N6Z4QKCWSPA;Vivek
867;AEG6YPCCZCXOX53TAJ7RCARHGZ3Q;Liyaqat Ali Diwan
868;AEG7RME35Q4ONPV74W2CUT46XFBQ;Dr. Ramya Sampath
869;AEGA5UJCOTFHN4JW6PDCIHQGYTEA;Arif Hussain
870;AEGAAZHTQRX7HIKMQ4KTWNBICPEA;Neha
871;AEGAHQJXL5G7G3Q7RBN6RDVGUTVA;balakumar mohan
872;AEGALBMIH2REIAM54HH446CXCAFA;siddhath shiva
873;AEGALXWP75YMO7CPPRFZBHHM73DA;Ashutosh Chawla
874;AEGBGS574C35NMBICCMQLC5ODEKQ;Manan Parmar
875;AEGCEHUVRPOYDRJHI4UJVB2XY6FA;s s.
876;AEGCMA54O4ML7L2XAVP4BCKXBHLQ;DEEPAK
877;AEGDY32LMHDQODUG3Y452L2DSSOQ;Ayush negi
878;AEGE3H7UIM7FCTYQKD3MMRM3EXMA;Himanshu kumar
879;AEGEOVAES62OFGQTSPSDSQ5U7SHA;Mohammed Suhail
880;AEGEQUSFQ3L5GTTYJEM34ZLSZN5Q;Pannalal singroli
881;AEGFHIVVOOMWQ2JRIPHMTSZ2VIYA;Hemali Thacker
882;AEGFQO2LSWCXXPUILBB4B4GDIOWQ;Srinivas
883;AEGFTYIQOSF52XMDJABR4CC67WUQ;B. Vinod Kumar Reddy
884;AEGFVXFBHCAZ4DHUJ2KSAP2RMMYQ;Amazon Customer
885;AEGGIMWBMF527D35B4MPSIRF7I3A;Anil Verma
886;AEGH2WM5MITQZBEZM5JC4XMD2DNA;Philip Chacko
887;AEGIDWKG4HE7J5FFY65JSBQTELFA;Huq Enterprises
888;AEGJT6ZZJCVJKSQZPBCCMRTQ4HLA;Svblue
889;AEGJTZ4QRK6UHU3EGUOFPFKVATWQ;Sathish r
890;AEGJWEAXJNRH3OLXI7JE3VRTSNWA;Raja Vankadara
891;AEGKENPFPHGDZPCWMBUDNHKBVQJA;Anu Chandra
892;AEGLHOQOWUUUQEDV6EWXTSHIUE7A;Plaban
893;AEGLSZQOSLV77Z3RYDNKQ4DHO7OA;Vasanth
894;AEGM6LOP4B2ZZYZJQVFSMBGEY63Q;Adesh Kumar
895;AEGN7HVNZ43GTPKGZMHH2CUDQ6GQ;varsha nale
896;AEGORIFOSXK3ZKHWQYU6C7D5XKRA;Ajeet singh
897;AEGPWBXEAWPF6XRT7EZJOYJQA6DQ;Kailash
898;AEGQJH2NIAS54T7WKAHKVEO4B67A;Md asif akhter
899;AEGR6ZYWXPEZWM7JUEBWQHAOPS2A;Steve
900;AEGSHUH24XRRJI6CKUBKUFVWIQCQ;Amazon Customer
901;AEGT7WPGXXMSH5J3LZLL6CPJ7QMQ;Vidhi Nigam
902;AEGU57M3ITWK676QUCVQYF4ZMM3Q;Samala Dayaker
903;AEGUITV4JAB3VYFYBCTJPGIHXAHQ;Shameem Z.
904;AEGUNYKUOOKYLZ5EVFG2RZ3IL5NQ;Suvajit Thakura
905;AEGUR22KUMKPSYANRJUB4Q42DFKA;Ritesh Kumar
906;AEGVHZAPQ2JZ5NRAROTG75MC6PUQ;Amazon Customer
907;AEGWP42GIGIOVDTY5DG2A6E4AY5Q;Asraful
908;AEGXNM3XGAHJGUJ7MIFPE7QFMJHA;Amazon Customer
909;AEGXNXBUADLS35GCQLX7K5EIFU2A;B J SHIVA SHANKAR
910;AEGYHN3DWMVH2RZLTP2H2A2U6EHA;ashish bajaj
911;AEGZAYS4PGUN7JSO2F4KZDPBJTPQ;Ajay Kumar
912;AEGZCGGDNS4ZRNPG3CDULRVB5Z5A;Jai kumar
913;AEGZNHJ5ZCSPMTVBUTJZPDEJEGRA;Shwetha Shenoy
914;AEGZSJIUSKF2EKIKGLNKY2CU6WXA;Priya
915;AEGZSNGSJJAEMJ3RRNVZTKUILOHA;Vijayan C V
916;AEH27CVZQNPB3YDLTNLPLCNNMKOQ;Sankar G
917;AEH2EQBAQVCXDUXSZ255V72TYKOA;Ayyappareddy
918;AEH2RH7OIWT7S4QEODICS53N57KQ;Sankarapu sateesh
919;AEH37ZM7QT7HC7PJUDD2OMJUQ3ZQ;Nithya
920;AEH3MURR76DG3TEX3NXIJVJTKBLA;CH Venkatesh
921;AEH3VHBR2ECN647RYG3VNMASKBWA;Sirajdurvesh
922;AEH4535UEBGBK4WIFIR5RHBM7AQA;Arnav
923;AEH463ZLT7U67XS3DWK2Y27GLVWQ;Shirish Shivarkar
924;AEH5FAS6HXOZKYQOUM2YV5KKCNHQ;Gaurav Chauhan
925;AEH5I544J65UH4UBNRET43YVAXOQ;Shekhar saini
926;AEH5PKQJMHETBOTMVZZU77XAOPHQ;Monu
927;AEH5UMINQMJ3YS2JJYWFZENJDF2A;Alexa
928;AEH6JRDO3GFF5AKVH7SZUP2UPNZA;srinivasa reddy t
929;AEH7AAYSP6ZITYT2K6PDMCY4PGTA;Rosy Thakur
930;AEHADZCQJ6HAZHKR6U57FX7GAUFA;Irfan Shaikh
931;AEHAJER6YJ6UB74W534EA2CA355Q;Velu_Vadeo
932;AEHANMVD4Q7UEQ2XXSW7XW72EJKQ;Morpankh art gallery
933;AEHBE4U3HD6G2TMSHKE7TNZYOWCA;Amit Sharma
934;AEHBFH46VYKCD4FWZ3AQ5GFSSILQ;Bsharat Ali
935;AEHBIJNM7L6EIKFCVMEOHPEVFFYQ;Sintu
936;AEHC7ITQUJKLOGQJCAA6Q7V63EVQ;Tech boy
937;AEHCKIGIFLT2FLLRLX7SPCJESYGQ;Naveen Mishra
938;AEHCVDRO2RQCQNWQH25CS6227BOA;Naresh R.
939;AEHD5BWCDLH2JHNRTU4CYG77GKXQ;Amazon Customer
940;AEHEFYAEHA37VQC4PACWPXVNWP2A;Amazon Customer
941;AEHF6MHN4CV3UGP6HKGFX5YVOUIA;Siddhesh Garud
942;AEHF7TORHRTMJOSTX2KYEILWRDEQ;EPIC
943;AEHFMY2XIP7P3MZV6KHQVLCFKWBQ;pala pothuraju
944;AEHFXUDWPL2CJNEDKMN5473JESNA;Salil Iyer
945;AEHGMGXA44JTSSOAKBIHJ2MXUJOA;Harvinder Singh.
946;AEHGQC3G6B3IWI6OD7AGD353D6ZQ;Abakash Nayak
947;AEHH6FPWXY4NFI63UAHKFRAGWICQ;Rupesh Chaundkar
948;AEHI7PMP7HHH3BIMEMM4D6XKJC2Q;Surya
949;AEHIRIOGHJKVTFYHFZVQ322CMZMA;Christopher R
950;AEHIS3XIFCPQPLDPWVW2LYQDI5FA;parveen
951;AEHIU6L7VK72RINFPDTI7XSIMD7A;Tanveer Sayed
952;AEHIUDWIZIPJN662N7WZ2KXXOMBQ;T.Sharanvelan
953;AEHIVP567T6DNMLNZKGOVUENP5YA;Akul
954;AEHJFSE7VES6WCXZMR7OAQ6W7NIQ;Subrata Nath
955;AEHJQV4B4LXFWLMUQVHBC4DTAMXA;Kushal
956;AEHKGBC4LAMAC3AUCAWLJKKHRTAA;Rohit
957;AEHKKIS4WKMVCADF6Y3HMR5IRM7Q;Benoy M.
958;AEHMIAQFYXW3CY6Z37ABRXSOJRPA;Amazon Customer
959;AEHNATRKVLZZ3X2QKTLTSJN5SOXQ;Himanshu
960;AEHOGFWLLZ3VXB3FKNIMZU5QBQQQ;KOVENTHAN G
961;AEHOSAW5XG4OCCNCREYA25HGLFGQ;Sandy
962;AEHOWFK4BF6CWRRJDVZUZOVUL64Q;Joyal
963;AEHOZYTOH5VUWA2Z7OB672WX4F5A;Vaishnavi
964;AEHQERYQKTKY5OMTF5KOWEIVCSQA;Biswas Enterprises
965;AEHQFXO3FHGOI47KAVTBR4CKSEGQ;Sadum Yeshwanth
966;AEHQNWJEJY5XIESTNJAGD7LXQUVQ;Preeti
967;AEHQQTEDMSXRGSBDDEIH3JF4AOMQ;arun
968;AEHQYGI5L4FFALBMC5XMT5KXSZCA;Vivek
969;AEHR3J2Y6MUL5B3J5KJNJAH24JDQ;Vikram singh
970;AEHSEYWIGX2757A2UWJS7J2CG3CA;Ankita D.
971;AEHSXJA4C4V3JQWZMSE6FTILXNXQ;yemcee1954
972;AEHT3UW6AG4BFUEZQY6COIDBOBGQ;Axay Chauhan
973;AEHTBA3SGAOECHU5ZCSRUW4NUGLA;Gunjan Sengupta
974;AEHTBYQI7XPSICO42RVPPDG6GYAA;Amazon Customer
975;AEHU6ETDR7HVQOGLKITDETHZEO7A;None_123
976;AEHUTTWMDAOEZMG66NSX74CVMGQA;Himanshu Kumar Sinha
977;AEHV36BG2B5DD6MRSRAJMEFNF2GQ;vinay
978;AEHV4VOLDQX5XYA42OZHALYA3USA;Neha Mehta
979;AEHVAFNMQZ2ED7EH35D3BV23ZQRQ;Ronald Stephen
980;AEHVGO7QNRXBJXCIN7ZS2IBKCMUQ;Aditya Mondkar
981;AEHVZHMJQYG456XUPYSWK7PWAJAA;Pralipta Kumar Sahoo
982;AEHWYKP6AINWLLGVCZXRT3GOBT6A;Shubham Maurya
983;AEHXNDAJNJXBV4NGZ2ZWKIPPJREQ;9703041496
984;AEHY4R257RX5JX5BBSG5AHMO6GSA;ASHISH CHAUHAN
985;AEHYZUICPG76APEFLWIJM2VEL44A;Suresh Prasad Gupta
986;AEHZ4NOZ5SIDQLGODWS4UZ6RVQJA;Amazon Customer
987;AEHZS2RWOOR6UFKXAYRXJMQMJ3MQ;KRISHNA PRASAD VL
988;AEI25R6V7XEXAAD455IWKZ3KE7TQ;Aashish M.
989;AEI2GKBIJPYIB7KUV7EKAFN5P4IA;Neeraj Kumar
990;AEI36WUCG27UYFAGDF7HX74VEGIA;Rajat Singh 2
991;AEI3CRGT2GQUOOD67T5H2NK6J32A;pravesh
992;AEI3YYFPUCPXOK5MAJVB2CKZHBYQ;Neelanjana
993;AEI4BIWGOCYLHHENSEEBA3PZACHA;Suresh Chauhan
994;AEI4GFTOVHF2SESNRVUOE4N2NDNQ;Gokul
995;AEI4VIVXAPEKJT4MCN25ZWPE6Z7A;Manoj kumar
996;AEI5DECZOUI4HIKFFJMOOKI7EZCA;JOHNNY
997;AEI5OOS434KUVK3SPKYEZMBJUB5A;PUNEET SOOD
998;AEI5XMVBEE4RLXD3B5VKGLNLH2JA;Amazon Customer
999;AEI6GYSN3UARZSSWIR5HYUEF44XQ;Amazon Customer
1000;AEI6Y3E7HZN7HAJIEHYUO3PELSNA;Anil V
1001;AEI7HJU4RFV6NR5WSRDQV5ZSRYSA;Aashna Nasta
1002;AEIBNPVAOVFKRMNCG7WQBP3KD6LA;Abhishek
1003;AEIBWLUGRBR5PDQLXFISBUHOQI5Q;siddhraj
1004;AEIC54X2ISV3NK4SBJUMSTJWRMLQ;Rakesh kumar
1005;AEICD6CA4XTLZ2ZLKBJ2NQWSAGGQ;Jayant Lokare
1006;AEIDEFLG7JQYBGDO37SBXCH7B5KQ;asha chatri
1007;AEIDO6I6DOUJAKJX6VR6C2PC6ETQ;Jay
1008;AEIE7R5GFFELVNO5KDRXGRS3TPKA;Puneet
1009;AEIEKF6EFHH26R4DTUACQKMPJXDQ;NOOR MOHAMMAD
1010;AEIEQNRYFSUJ4WYXO4BTUHBCC5IA;Ajinkya Pathak
1011;AEIETT5YH6XRP434INQB4KSDMI4Q;Deepak Sarkar
1012;AEIFMHDK4ETHLYWSV6TUFNSJU4MQ;AkashP.
1013;AEIFPFERCLDOHEDLTL4AT54MGQYQ;Harshith
1014;AEIGFUFEU2YGVXZQSYKPUF5FTCCA;KS
1015;AEIGU5AK2I65SNMDBAHWSHIONC6Q;RITUPARNA BANERJEE
1016;AEIHE3RYSQSHEDWWK75BDB37K3DA;Annapurna metta Sarjare
1017;AEIHLPUUYWECA55HPXXHUPKVA6JA;MKS
1018;AEIHZJXM2H6AC7RCDXCNEJW3E44A;Hammad K.
1019;AEII2B5GAPQWGZCTI2PIMOEFJMRA;Suresh Kannan B S
1020;AEIIOCCDVYEZSGZVFZSNYZKHM6HA;Harish Thakkar
1021;AEIJ2WAYER5T4QYWGJINFMXVV5JA;Fatima Sayyed
1022;AEIJ7SPIJQQGYL2ILSVFV7L7KUCA;SK HANNAN ALI
1023;AEIJBUDBWBW6XM22W5US5BWDBFYA;Sravani
1024;AEIJPU4PXM6JZM5QZSZWUPLV5I5A;Shonjana
1025;AEIKB2XA64MPG7BBXRG4DT57QKPQ;santhakumar
1026;AEILB3YJC5WD4FNH2SCVAGPRDRBA;anandmohan
1027;AEILGA3FG3TQAYO3EITLHUVI6MCA;Omar
1028;AEIM5O3GZRMQXNPWZU7KFLA5Q5CA;aditya
1029;AEIM7QAPGI5IXJG5XRJCLPBNDNZQ;B.kiran
1030;AEIMBDWSM42YEDEE6476WUXFZJHQ;Jay
1031;AEINPEPKMQYXLTEYJ5H2AOGO3YSQ;mahtab alam
1032;AEIOIMVJ327S7YLGXHPRMSKFRSDA;Ankit Shah
1033;AEIONG3VGVATP3YQSMWU4PZBE3UQ;Sankar N
1034;AEIOP36AQPGVLNNTDXHSUSVIRO3A;Kranti Telgote
1035;AEIPEUCNAW5ORUCK4KND5X5I3DUQ;Shravani Raj
1036;AEIQA6TZQ4Y2SMVJTGE27G4MGBXA;Amazon Customer
1037;AEIRF32A5JCOXLBOHRARCTNE6KPQ;Raju
1038;AEIRPCB2GKJMM2D42JI56EZHN2PQ;Sharath N
1039;AEIRWUG67FDIYGZLFOLIOT3LAZ4A;Nilesh Raj
1040;AEIRYCLKICDDTJU5QZKI65Q47MSQ;Saleem
1041;AEITDY3ZQ4YK4EAX6QNI43CLAKPA;Aniket
1042;AEITUHHOUWUNZPQDSHA2ZWQGJUMQ;DRISHTI VASHISTH GUPTA
1043;AEITVIFC7WZAEQDIVWPB4KUGKLRQ;harpreet
1044;AEITY7VD7DALKLQUEG6PFVIR4OIQ;Tamanna
1045;AEIUS76RRWIKCMNHHTZWBKVRAEPA;Tahir Abdulla
1046;AEIVKBCTQJGOIDNCWIZGMGGBFZKA;OPTIMUS PRIME
1047;AEIVSZGOPMZLJCLU5F6NNB7AXZLA;Pk
1048;AEIWPJPP35D2MB5KMUWLI4LTICBA;Kindle Customer
1049;AEIXBTPYBR47FGHAXDGUF47THVNA;Toney Abraham
1050;AEIXFEXXMTDJNPWUMOIEA34ZLC7Q;Srinivas
1051;AEIXIXGQXO55K7YHDMNU5G6XVHWA;PITAMBAR SWAIN
1052;AEIXRXVWCR62IELG44BI5F7ZZUSQ;Amazon Customer
1053;AEIY5QN6TDD4V2TCBEE6BF7KLIAQ;Sridhar
1054;AEIYOPETQ6QHPCWMGJIFDTC5FQIA;Amazon Customer
1055;AEIYWH2ASVIR6LTJ2JBXPQLOUYNA;Rakesh Roshan
1056;AEIZWS5HEDO6KUUX3B2GWNI6LVAA;achoibam poireinganba
1057;AEJ3JPQBTNEBFAPDYJ7LVBEQZABQ;Rabi Dash
1058;AEJ47MXJRDNX6VPRKKW5KD56SAFQ;Nihal Rathod
1059;AEJ4BLDMPXCI2I6X5JEA52RDVWJA;Anshula Jain
1060;AEJ4UYFD3M2WGB3WEQJOZ3GGJY7Q;Partha Dey
1061;AEJ4WWMJAKONQU4XNWCKIGA5U4LQ;sonu ali
1062;AEJ63C77IP6XR6EZNHFYI7KN6BCA;Anil .P
1063;AEJ674BKH3ZTC2JQA5PMMQ62I7MA;Shiva Sai Crisna
1064;AEJ6Q7R4JYX6VAWBWTCZQ2BATFYA;Murtaza Chhatriwala
1065;AEJ7GNGZJ57Y4ANWXXY75NT7XW3Q;Dee
1066;AEJA3E7VLQFEQGJGJLV3KOZPXJMA;Nazaf beg
1067;AEJALL3TNEOIEEC5G3VCPKZVCEBQ;Jagadeesan
1068;AEJAPH5MWACXXHMLGLEDYPPSRVNA;praveen elangovan
1069;AEJBFSMMLP6KY56NRUUCZB6WVIEA;Pranav
1070;AEJBFT4P76EAVJQOHGHTQWW3HACQ;Nitesh Kumar
1071;AEJBLJCXEPSNHY2ZOQ3DFROYQ3TA;punnoose wilson
1072;AEJBNCW6FFRYFFVPDZU6AYD2LRBQ;Golu verma
1073;AEJDGQU75PMFGJILLZKBUARMLQOQ;Dhruv u patel
1074;AEJEWDZIQ3OTE47W62ZJ2HFOLRZQ;Seeker Seeking
1075;AEJF5A6THJTEEMQ567QOL56EGM7Q;rakesh satyarthi
1076;AEJG6XAZFMVQ7NRKCXG3ZCC3DIVA;Amar
1077;AEJGEJAGW7MDJMBVY7KB7KBKIYYQ;Moon Tej
1078;AEJGQGJN3LJ3HSID37QXUVSEJ2JQ;DHANPAL H.
1079;AEJGZNKM5ZGH6UY2YX537NWNWYDQ;Ravi Kumar s/o Devraj
1080;AEJHA2E6YBI635Q3AKE2QNBOM24Q;Kenil
1081;AEJHCNCKOWWSZBGYQZF34SCZVKZQ;Manoj singh
1082;AEJHP62NHRVRCWIMXUODSZLSBNUA;dhruvi
1083;AEJHZ5W2C7AYFISGPX7WSDVSIYEQ;Ramesh kumar
1084;AEJI74MP3FNPF4LD575KNKIIEF3A;Devinder singh
1085;AEJJGJQCIEPL3ZBNULVUVLVKOYXQ;Ravneet S.
1086;AEJJNCWMRDOBBFSPLRZQ6BPGI3OA;ompal singh
1087;AEJKHGA26MUVUZIYWZOW4B6I4X7Q;Yashvant Gote
1088;AEJKIHINZUORIJHJTKKC4LLSLI3A;Naveen Vashisht
1089;AEJKUZQM36XSQ4JKVC4UBWE5YJJA;sarangam guru prasad
1090;AEJLOEHISUISLO2Z4RE2TO2V6NGA;Meghnad
1091;AEJM34LROKAFVQ432EM4D4JLSOQA;ravi
1092;AEJM5FOA2D5WGIYCT5VSKHMSL2YA;subham dey
1093;AEJMCBDH3VXRL4SPYOC23J4OG6OA;Amazon Customer
1094;AEJMFVYN3PZ5YE6GSVTTMQPFCLIQ;Venkat Ranga
1095;AEJMVHQ4LOSVJQ5BOXQREVQBC5RQ;Snt
1096;AEJNJQFBSHNGTZ2KLO2IRH2CHSRA;Varun Rao
1097;AEJNLPO52JIB3UFIIIGFMQBJCJLQ;Unknown
1098;AEJNQ7HJWCUBEAPBJY3WNA4KYCSA;Asim
1099;AEJNUCP6WR35MUUPR3D4P23EDVQQ;sharmila
1100;AEJOCAMBYG2VFPAYA67LRSSAMDBQ;Sudhanshu
1101;AEJOJTOSSJNIBWO5CP655BMKQZ5A;Satyajit Mitra
1102;AEJP6U7ZTSGESRMPO24FNKJ6SP7A;mahamod sharif
1103;AEJQ5PXFKFXUBKWMC5RYF2WLEZSQ;Asim Kumar Ghatak
1104;AEJQ7NWZITDPI44AMIPQPK7DQLCQ;biswaboka
1105;AEJQT5NMTAM2ZRPQDNGLOL6NTKRQ;Deepankar G.
1106;AEJQYFK5UHOS5NSQUPYPSTE7DRQA;Saket
1107;AEJRNRKY5EAXSJJK4Y42EIHW7CIQ;Joen Joy
1108;AEJS5FT3PUYMZ27UQBFICD2YXDQA;Anshuk Pani
1109;AEJS5VAOH7KD6X2F3TAMXOCXSOPA;Priya
1110;AEJSFU2MHQAGBDP2LWKW2KDEJHBQ;Krishnadevsinh S Gohil
1111;AEJSMM2J65DGILOOHC24C74VWPBA;Mihir Deshpande
1112;AEJTETVJ7NY3GMARSTJNPOG3AY3A;Tanankirambabu
1113;AEJTHOGZUGNSJ4U35D4JDA254VNA;Latika S.
1114;AEJTMP5M2622L3W6D2YHPTZ67JIA;RAVIKUMAR RAGHAJIBHAI PATEL
1115;AEJU4L3ZM2GTILSJZZSNSF6VUOIA;karuppu k
1116;AEJUIUF6CYKRBWLSOPWPE7KMC3RA;Sona
1117;AEJULQXD34VV2C2AACLTB44MWEXA;Biplab Bose
1118;AEJVKFNPY3U6JF4OWLCJ2XMZNFWQ;Ravi Shankar Sharma
1119;AEJVMKYFUBDOVBR6ZEUPKQMWCV2Q;Sravya
1120;AEJWYKZND5DTQQYR26RKWY5FWTOQ;Rajesh
1121;AEJXEBKJXSB4RWFIPPOJQG6FGKTA;Suraj Rathore
1122;AEJXPNJR72TG3IKARG3ZCXGKY3UA;Pramod K.
1123;AEJXY4QE7AOW43DDCUHH4BCILJJA;Ravi
1124;AEJY6YKEUDBOG6TW6F47ZHY4SRPA;Sriram
1125;AEJYF2RUYV3RI3XC7HWY4UO6F63Q;Mayank Kaushik
1126;AEJYXUANEWSM2G7VHRZDANCYLPYQ;Meghana
1127;AEK23DLXXPG7UORUYI2DDS7RFVYA;Sachin Sahu
1128;AEK2MRB35PXPW27B5NT7O637IMDQ;krishna kishore
1129;AEK45RYTIY4GBPAVTYBHIA6OGYDQ;Amazon Customer
1130;AEK4FIY6OYHQUATRL3QUSWUSQLZQ;MS
1131;AEK4IBLWWLNYTV5TXRAIVIDWDJEQ;Jel
1132;AEK4UQMVF6PAOC7IYVVOF3SE7PYQ;SUBASH U L
1133;AEK5ZL5CKQD6YJFWXH2AWMYQ5L3Q;Akkuu Akshay
1134;AEK63HRZEJ3UTPW5TRT3E5PXAIQA;arun kumar
1135;AEK6GCTCP57ROUFQRMAH5X3NVLOQ;Raghavan  CV.
1136;AEK7LRAV4F5SJOHLTLWOHW2HGDKQ;Jay OG
1137;AEK7OBBEY4AB77GMD7E334J3CYGQ;chaman prakash
1138;AEK7TJPOW2SWCHCQOA7OEGXDZPCA;Darpan chauhan
1139;AEKAEWCGDYUP75CGK24GI3RWCBQQ;B Suersh
1140;AEKAQEDPX7S73J5RW2YU5SZKTXGQ;Amazon Customer
1141;AEKB7MS4WMERS6DHWXCANJ5TPTRA;AV
1142;AEKCUG7WMX6KMP6VFBWI3ICW5CBQ;Amazon Customer
1143;AEKCZIJF3SIFEWEL25GZDECRFQCA;sangram singh
1144;AEKDDCDBJEPCINQLCPOG33CGEZ6A;kartar singh
1145;AEKFLRYWL3QNVPL7XAUSHYTELVEA;Arulkumar M
1146;AEKFSZLXX2ULI3U46YCZPRILVW6A;Sudip Mandal
1147;AEKG7ELYA43YNPZ2YT3ORIL2VSOA;Sarada peram
1148;AEKGNCGEX4A2YHHJVEYHG4WG4VUQ;SHAHID SHAIKH
1149;AEKGSTRWTY6EPGEDQJDF2ZGLQQEA;pramod
1150;AEKI4HAUSUPZGRQ6Q3ATSP4TB6CQ;Alpana Das
1151;AEKI4KLUAOWCEBHQHFGVBZTGMPYQ;Amazon Customer
1152;AEKIANKK2HHKU6TJ2U2ERPAMQKKQ;AKR
1153;AEKIHWXMZFS67F2COXCDUERH5PXQ;Vignesh
1154;AEKIKDXW3S2LXR6V6BAV5LKQSYQA;Baljindersandhu
1155;AEKJ4CW4KMMDYM2WT5PLCNTRBS4A;Razat
1156;AEKJDZK63IDTROMID4JMKGJHSULQ;Roopali tiwari
1157;AEKJOTUYTW5GOZPGXAN7FOMQ6SUQ;Drashty N.
1158;AEKJQ26OPCPGJGTROLSFYDTZQI5A;Ishrat Bhat
1159;AEKJRELVNMICYPOYTKMVF52YX2WQ;Thiyagarajan
1160;AEKJYGHV46KB5CVLQS54Y77VRNDA;Abraham M.
1161;AEKKBA277W5KM6HAY3YDVILIDSEQ;Aadil Fayaz Naik
1162;AEKKCP7NXBVTMBOUE3MX2X2NTNQQ;Gaurav Sharma
1163;AEKKUECOGRGJJGSMDTDUTI2JKL5A;honest user
1164;AEKKXMW4QXQMXXIHMC3AM533RJIA;Raghavandra
1165;AEKLQGYWRYPMVY7BPBGHFZHW2KHQ;Shridhan Varadkar
1166;AEKLUTZJ4NAMIM57BQ2PMV4RGR2Q;Prakasha
1167;AEKLUZARDMPMWERNPZFR6JD3BYBA;Mr. Nøbødy
1168;AEKM3HT4LYB2UVTFZQYLNGHALBFA;Santhi
1169;AEKMKQMXK2FBIL6MRKHIPN56QJAQ;David
1170;AEKMVX2VDNNX4ZFXI67SGKMJGZAQ;Biju Abraham Thomas
1171;AEKO2ZDDNGZ4CMORVWODMHM7LD5A;SHT GAMER
1172;AEKOR4KOSCMLNF7H2XKEERKJ4XRQ;Jrs
1173;AEKOYL2NITTWDV2725B6QLTUYGBQ;MSA Baig
1174;AEKRHF4LHGITVJ45B7H73OOEYNNQ;milind
1175;AEKRTMFO55F2OPZOVRLGDC54LXGA;rahul kumria
1176;AEKRUOFGND5373O77W4ZRW5H4ROQ;Puneet Khanna
1177;AEKSR7FVH2XR55S47DZZLAFA4KHQ;Samar Kumar Das
1178;AEKSSQBYFN4PVMF6TFSWCDM3GGBA;Ram
1179;AEKTWPXEMR5QE53HL2AV2SVFK2SQ;Gurpiyar Singh
1180;AEKU5BEAVUA6QMUPL34NLEFTPXSA;Ronak
1181;AEKVPYNV2YHIUCUH64CJDRAYRHTQ;Robin
1182;AEKVSWRDHUU76ES43EFWKAWTDYGQ;Santosh Kumar
1183;AEKVZD5V3FF7WUS2PTBK3K3SEFPQ;swati singh
1184;AEKW3REOLRUOHWGYXE7V662X2BSA;PM
1185;AEKW5FURRS4HCH6MS7RL7FI2GC6A;Akanksha Srivastava
1186;AEKWBYGLEXUNRAJKVPO6HMF52W7A;Nithyadhakshina
1187;AEKWTFXLMJ5IK4T2CSJT2AY2CGYA;Pilot Muhammed M Khan
1188;AEKXO4Y5DWMWLEINGN5ZUSJ4BF2A;Aditya Rana
1189;AEKXW4AP5AGSAUWNXWEFINI2IMVA;Somujit biswas
1190;AEKXXDCFC7X7LKTIFHISM4LZGYXA;Ashish
1191;AEKY5CMK5HRNNZXVWGT57CJWHCDA;Nanda Kumar
1192;AEKY5I5PYGA47OZ47KUCV7UIJTEQ;Rashid Raza
1193;AEKYBUI6YRXCCRTV4YZ3WJYPVRDQ;kunal lalit kaistha
1194;AEKYO3V2A6SECGKKZYSRLHFMMA6A;Prabhat Singh
1195;AEKZNJLC7X57UF3F4STP3GSIIGJA;Ananthu
1196;AEL2DJG4RDMKBB4U7T7FB2D4QL6A;Yogesh Maini
1197;AEL2KKF43WA7LB7RMTMTZ24MKYCQ;Bipin Patil
1198;AEL2MRRMDYHQPWWAOIPUDDKZPI5A;Bijoy Debnath
1199;AEL2T4V2QAHYRIJ6BPMOETWMGLIQ;Screcko
1200;AEL3456JVPVXWB6RKCYTYVXKVX3A;Dipankar Mondal
1201;AEL3EZQDKJFXIQ6MBXGKGGKVZGYQ;M Badrinath Sarangapani
1202;AEL3F2M663FPAM5NGOPIHDLQLQGA;ᴀᴅᴡᴀɪᴛʜ
1203;AEL3GVS4JNKIOZHRQCGE6CUJISDQ;Naveen Saran Singh
1204;AEL4JOGDAJ63SDCZSTXIVEERDRUQ;Manoj Kumar
1205;AEL4TWNZSN7KFL3W76ADWINWR6KA;Hari Bhaskar
1206;AEL536EYPEYQO55ILXXRUTC3UETQ;shadkhans
1207;AEL5HU25IP7YT5WK3LXNC5M36NBA;Sanjay G.
1208;AEL5NJ3PJDPJUBPPWZGTBTSMQB6A;....
1209;AEL5PIUOHBKXOTW3VIO3KK7QLVLQ;N praneeth
1210;AEL5RQF36JGHYWOMKBKVXENLZCMA;ved rajput
1211;AEL5WI53X4OUCZBTBH5Z7SNT63YA;khushal027
1212;AEL6TWTQL7SWNSG4HKWQSG3W637Q;Likhith
1213;AEL73DAP3UV4QKJST55GPFBB4ZRQ;Sahadeb Ch. Dhar
1214;AEL77P6YFP7P7EZVBDU63TUTGKMQ;Unknown
1215;AEL7BRNIG3LMKHN7NGVJ5HZU53IQ;Pj
1216;AEL7OJOT5HFIZJT6RTL22ZZAUGYQ;Ashitosh
1217;AELB7VZWZEFBZAOH33CHYBJ2OF3A;Ban Gamer
1218;AELBDTDLN6LH4TEVDSSVNVRMHOTA;Thukkaram
1219;AELBEUEZY4ZDRRUYDKANK4BUZOHQ;Amazon Customer
1220;AELBP2ICNLTZNQ7LRFSLDTGXC2IQ;Amazon Customer
1221;AELBTZWCD3IGAZLTBXFMB74SLJBQ;madhu
1222;AELBVPKFN3ACEWFOHW6PO7WU6HSA;sakshi jolly
1223;AELBYFRFAGLMXQQJKVDUWO7QX2VQ;Amazon Customer
1224;AELCD2X4OYQWZDW24WP73RIX3CMQ;Dhrunesh P.
1225;AELCFPVIRUQFTZXUH25AE3VI3EPQ;Anish Prasad
1226;AELCNLLIFS2RDDTYTLT4KXJRIG5A;Amazon Customer
1227;AELCTVZ7X3OEG62M4JR2TL2VCHDQ;J. M. V
1228;AELCV26DAB56JEU7CL2LUTR2TYKA;Shivang
1229;AELDTBTLLQ2OITCG4BQTQWCJ2Z2A;sailesh
1230;AELE2SOO7LBNHXU7UK5F7TGQHA6Q;Been
1231;AELE7DJLGDUM3LAQRBESEJDYTKGA;Mahammad Mostafa Madani
1232;AELEAOGDLKQD35G3X3LHUYBMODDQ;Seema
1233;AELFZZK6GYFN3YA6TUYCQI7RO7RQ;Gaurav
1234;AELG7IFYME5AQB2B576XLNQDAKBA;Nitin
1235;AELGICL2JENHDPFKWMURBPFAUSDQ;Disha
1236;AELHJ3ZSDT52K3IHCRSBUZF4LXQA;Parvesh
1237;AELHNY42N2WPTZN5R42GOW2RO5SA;Avishek Saha Chowdhury
1238;AELHZH2PRVKJIVTQMABOTT6LUMBQ;Ritika
1239;AELILYZUYXGJOFN2P7KT7OEUBM2Q;SANDIP SINGH
1240;AELIUKITTHS3MSGTSB3B3YCAUMQQ;kapil
1241;AELJOMTIVYFHQKQIHAB6DVLU65AQ;Samrat
1242;AELKHQXVSSG6NHXLFJLLNEFRQQUQ;Abbimaniu Singh
1243;AELKXM5XQB3HW5ZIF7WZEW37BS7Q;Abhishek Patil
1244;AELLMRH2KBMJNAYLWDLGUMSWGBWQ;Vijay
1245;AELM6ILLTWBSXJXOKMNA2GM3DTKQ;Ramdas  Tryambak  shewale
1246;AELMNMBT5LVUJB7C3PHTT4NTETXA;Mayank Dunkwal
1247;AELNBR4H6235Y7NVYNCGNABDIDFQ;User
1248;AELNHGVCLQTWAEFDH244JJZZSVAQ;raja
1249;AELO5I776X3QUOQZ7AEEFC565CYA;Vishal Nagpal
1250;AELOYAHMYOGED3PPIMLJIHD7DHGQ;Dheeraj jha
1251;AELPAFD33LDSPRU4SBYCF5JOSYZA;Pranav
1252;AELPNPI6Q3WXYTFZ3FYVTQCHIV5A;Shim
1253;AELPPLMH55RVXKCSXTVPBOVOIX2A;bahlung
1254;AELPYXDN2TYNBVJ7PLH4VHQANCEA;Srihari
1255;AELR5MHP3LFLHR2IFMRE3FCQIHZQ;Vikas Shukla
1256;AELS3TOQKIM3SA35ES73YQY4MCIA;Gaurav gun
1257;AELS6LXTPB4C5JNSXZVLDQDAZ42Q;MSK Purushothaman
1258;AELSKKUTL4Y2Q3KU5GP2L33XVMYA;Raju Prasad
1259;AELSOXQRZBOFSSY4HJUR4Y7ASQBA;Varun Kumar
1260;AELT5NENL2ZMZ3JT3QH5U5WSB25Q;Vishal
1261;AELTGGPWKKSTSM7K75CTYV6PIM5Q;Kumar ravi
1262;AELUUSXPQUT3DD5LODET67QZYXVQ;Pawan Kumar yadav
1263;AELVBHWVUCBMI7DE345Q3MCDAJQQ;mkrishnanpillai
1264;AELVCVKV5L55NF25RIF5XOTZLBRQ;Durgesh Rathore
1265;AELVCY3WRWL2IPLH6BX2VXKUHDDQ;Kondapalli mukhesh
1266;AELVIMURPMROWIZHRTYGSLXA2SJA;Rakshith A Gowda
1267;AELVWGIYLMQUY65GUKSUJYVXRODA;SINGH
1268;AELWEKQLTYE7G73II3CIQS726XKA;Sameer
1269;AELX4DI77ZHURZTDLYFU7XMP7R6Q;Mahesh
1270;AELXEM4FYSUTAX3MW4N3MMWTA7HQ;Gigi
1271;AELXR5NQFM7D6VMAQLQ75LZKBRQA;RAJULAPATI MARUTHI VARA PRASAD RAO
1272;AELY7GVE32GK5NPFRFV3R3256BOA;vishal goel
1273;AELYCP5LN46WKAK7WQMEJRNRXJYA;Amazon Customer
1274;AELYRRH5SBV6UFG3GU6BFG5BR2QQ;Amazon Customer
1275;AELYVI5NYV4RAW3MAGJ3P2GX6MLA;noorudheen
1276;AELZIYLUUHK72SAGGIWFRQ7NZMRA;Sourav Debnath
1277;AEM2OFBD5ABDZGYUPPUYMCBFDEXA;Sudhirw
1278;AEM2Y22BKLFYL5BK7SC56Q75ODOQ;MAHENDRA NATH DAS
1279;AEM2ZDSQE4QZIGTCTE4HSNZOS7DQ;Amazon Customer
1280;AEM356PVXFHAXWV56KDO75FS5WPA;Paul Joe
1281;AEM3EO5SQFCOE4BPSMM3LKOIWL6A;Tirupati
1282;AEM3IXZKUN7EH2CFOJS6KL3YIFAA;Dr.Vishwanath Akku
1283;AEM3OIJTDEQTCUKSWMICRKOFPISQ;Gurjot Singh
1284;AEM3QOT5IZHF2LEZT6LFD3OTDOLQ;Arun
1285;AEM3SCJOCJZZLGUXTB75C57SOVNQ;gaurav agarwal
1286;AEM3TDYU6QQQOU6MOR2LYJQMYOSA;Mukesh Sharma
1287;AEM4NOAI65UBAADJVTQH7AQUAMRA;Arun Teja Ganji
1288;AEM5NWHHVCMHY2LZH5CHNDXON3SQ;Mahesh E
1289;AEM63GK5JFDGEBFKA42W5EPWBOHQ;Kamala
1290;AEM63IRT3VZEHLKD6EJGEHLR26DQ;Shuchi
1291;AEM6HSXS6EAAW2W2YCJDURHPAOHQ;Naresh
1292;AEMACSBSMT4WLJPLOKIWGFJLJJEQ;swapnil
1293;AEMCVRRD3XQRGFHC2VFCXHJEMESQ;Anuj
1294;AEMCWVMV6Y54NDS7ATPFHVTWVAXQ;mahantesh
1295;AEMDF6YAXYO7WQUIAFGEULA7NWWQ;ruhi a.
1296;AEMDPSOBAW7LQQ7RCDG65VFSK3HA;Amazon Customer
1297;AEMDPZ5BX65L4P5KNIF3MZTZ6PEQ;Karishma binraj
1298;AEME7YWZ3YMKQOAKJY6QV5XKRQXQ;Binu Mathews``
1299;AEMEBARDKUUI7MQSY2HXMC2DCT4A;Parenky Amaresha Adhikari
1300;AEMEVA4RPDV7TUZZGW42VEOVSMXQ;Mayur Tangsale
1301;AEMGDIDXCHHDMTAJHRNXBUWISFQQ;Shiva prasad
1302;AEMI7K7IYACRHQ4ULRGRW6JA23PA;Suman Kumar Das
1303;AEMICKNJILKDILX34NH2M3J46IAQ;Bhola
1304;AEMIUWQVFEJISDZFQXUQCKHDZMRQ;A
1305;AEMJGJQO5KES5VGOD3CRNVVLYHDA;Harpreet
1306;AEMJJHRL3DAOOLBWHIDSFW56MJWQ;gopi
1307;AEMJJNJTRB4DQ2EMQQRJ6N2SC2XA;Khan, BA
1308;AEMKH7NSGFU5YGYOC54RHG54WHXQ;Jigar
1309;AEMKNUIMZACX7TT5FMUOPSS5YNMQ;Shibam sharma
1310;AEMLPNYNPF73NMFYHSSXRCYO2OGQ;Faisal Nasti
1311;AEMLU5KFMLIGZH36SO3PT2DLHDPQ;Sindhu
1312;AEMMWXTPKDUDSHPWJAJWU7QUV6KA;Harmanpreet Singh Punj
1313;AEMO7DWHWH5OGU427HN45WBERE3A;Mom Om Wom
1314;AEMPOEDWHUSVZ4K5B4NSUITJN44A;SKK
1315;AEMPRFMWCAOCHQJTMMRQDNTOK4NQ;Sangeetha
1316;AEMQ4TSBHCLS2GHF4C4K3CHKM6QA;SHIV SUNDAR
1317;AEMQUDDYUEXPRJ2C64I33YVVSQXA;Ajish M Thomas
1318;AEMQXD272M5OGFOTZDB3PBM2KSWA;Amazon Customer
1319;AEMR6MDZJREXTMBCB47HWPCXCW6Q;Sandeep
1320;AEMRAWUZLEF3OUDOHGY6R2K5J6QA;Ashwin
1321;AEMRQAGETOHECPURDR3UBRHG33FA;Jyoti
1322;AEMRVATZMCTFHHWR4RGUBJ6EIY6Q;Md Zafir Ahmad
1323;AEMSMWVWDYLWF3I3SCHPJPDTS5QQ;Shreyas mc
1324;AEMUIOWHXS3X7TCLNOURVJFTE2BA;Jagan
1325;AEMUKHRIKGIUXS6PTQTYDTMGPNMA;Akshaykumar Navlakha
1326;AEMURPMQFSRYZ5R7IKBPIGUEES2A;KAILASH MANDAL
1327;AEMVESKWHANTAIVYKLAW7JYH4YYA;Dharmendra Singh
1328;AEMVIKFENPWUSU4YOQKPSDR2MLPQ;Jayakrishna Shenoy
1329;AEMWRPIH6QNSF63L73AYAG4BO74Q;Jogendra
1330;AEMY4YVWA4HB2I27COY3GVPMIRRA;Lily Shaw
1331;AEMZHQJZLLZE7YLSPHME5ZJUOQ6A;krupasindhu
1332;AEN2I6AIAPGVXROMHAQ4NMUTOP5Q;Vikram Kanth
1333;AEN3AIBIBGI7VSC6DSJBWDF2CHKA;Nadini
1334;AEN4W53IK6DVODM4J72SQNAYMX4Q;Amar D.
1335;AEN4WTJM4LZPL4GF7CQJLZDRUJBA;Jyothis
1336;AEN5AYM227HQJ5KNJ6DH6T3TFFQA;M.suneetha
1337;AEN5FDCFERXM4BUXIUA3HTMGS2YA;Pratyaksha Singh
1338;AEN657OFUBBVTAFRFCOOUKFBNQ4Q;Rajasekhar
1339;AEN6F63NGBECRWCS3ZXU6TVDF2XQ;Shreevathsa NC
1340;AEN6TRUOOVQSGJ2OMP76ATCWQRFQ;Ved
1341;AEN7C6UI4MTHHJN4TQDCCHDDJC3Q;Jitu
1342;AEN7NV2P5WNHM7EXCWWWES43N3PQ;kamal sahota
1343;AENA5ZRRFZPAB2FNS4TITBW5O6ZA;Anisha Jain
1344;AENABMLHDXXHUYBOHPRFH4X3PMCA;Sheba mathew
1345;AENAIK2GP3PTBWPAWBEFRET5BZ3Q;sreekanth veerla
1346;AENBJYCQHVQ53U7RS7BITRH7MDJQ;Vishal gupta
1347;AEND2YIQWXODS5XLFTNBWNCFHJHQ;Chandra Sekhar polineni
1348;AENDL564LHLXLMAUI3U3D6KV5R5A;vinoth kumar G
1349;AENDMMCGUEYDYJTVD5GZ7VWYOALQ;Swap
1350;AENDSRXBY6PDISBBPQBO4QFMPOHA;Ravi moses
1351;AENDUJB5OZB6K4DYJJ6JCWFTSRCQ;Diamond heart
1352;AENDUQLHGVQMTIYFLCLSI2O2C4IQ;Vishal Bhoyar
1353;AENFBKCVXFCSNELMZME3E3W7WNOA;Vayun
1354;AENFDXWEAU44PPUHUUVPYH77NQOA;Khush
1355;AENFJF6M6ESZKBLJAMLVOZFCCORQ;Durratussharaf najmuddin
1356;AENFRNJLSQPJICHCPKWOMUBY6RZQ;Karan
1357;AENFXWHBX7R7PZG2Q67PXLFGPHAQ;Ghazal
1358;AENFYL3PYY3GDTSKARQ3XBN5RGEQ;Harjot Shah Singh
1359;AENGEPMLQO2XYSN6FEO3FU2XOSBQ;Pothi Kalimuthu
1360;AENGHEFJVZDD5IE57TJ62DY7CY2A;customer
1361;AENGRDSABHKCYNYJPZ2SML6FWVHA;Chanchal Gurjar
1362;AENGU523SXMOS7JPDTW52PNNVWGQ;Khaja moin
1363;AENGUPOM2EDK3DTX7BZUWYKZIDJA;Harshal Jadhav
1364;AENIRZYQ7D6LIUFYMTCNZ3E7ITMA;M.V.SUBBA RAJU
1365;AENIY3OVB3WZJOVPBXQLMTGCJM2A;Girish
1366;AENJBTR2KDJMOAEQA4AROLV244QQ;Mahenddhra
1367;AENJD2WI3N6QPTI4MTSQ5JABLCHQ;Amazon Customer
1368;AENJEA3YN6GTB544FIMEIFBVLYBA;Ravindra Patil
1369;AENJS6Z72CJBZ6HHPJE2422AE57Q;Sameer Sam
1370;AENLU2UJ3XK6A2ORODWSHIRNY7SQ;swarn
1371;AENMVCXATZBLHQGMVGSSY4XTNKRA;Gogi
1372;AENMY5MOVKGPB2MV3YQPF24GWZZQ;Rahul Singh
1373;AENNAVVG4GBJKDQKJXQUEKQKTXGQ;Amazon Customer
1374;AENNEXWQZKHYRUEMUASXQG6O4GDQ;8826277722
1375;AENNXW426LQ63GMKZIY7YEECRBUQ;Riya
1376;AENODPH3RWTEZMADDI7ZXXD5UBLQ;Atesham
1377;AENODVL6MR7QPBIXIIGAM54JZ6ZA;sam
1378;AENOM6ZJRXGIJ5MUGMZDV5YURKUA;Rana N.
1379;AENORZWFAJOJLG4FLUB2LHOB25MQ;PBT
1380;AENPE6KZIPHD7QUDJVPDKRMTR2UQ;sushil Kumar
1381;AENPIPI2T7E6R4HKOBKZAQFCJZUQ;Rahul
1382;AENPKYWO4NMYRYNE3PNVGD4CVOAA;Amazon Customer
1383;AENQ5OYP5QJ52IWF3GFV6YCUUERQ;Amazon Customer
1384;AENQGQZ4L2CTB7HT4QUUZB3IJO6A;mahima
1385;AENQPV63OVBZHJ7L7V37M2ADFY7Q;Uzef
1386;AENQUXAACC6E53BRVBZPXCC356OA;Kindle Customer
1387;AENR3S7MIPA25OAPDZHF3SYFMRSQ;g.d.nithi5
1388;AENRAZMV4YCZETNRLK7QMEOP2YGA;Parthiban
1389;AENSBNWSX3CB2UXZ3NFNR3PADA3Q;Amazon Customer
1390;AENT4PFAUWIXBLC63RBXFSIQS25A;Saurabh J. Deuri
1391;AENTXYVP4NNTWTHTYFRTOOY2MEAA;martin stanly
1392;AENVIDMF6GS74EEWE2EBBUD3EURA;Amit Rawat
1393;AENVIGC6PVWFL7WNAH2VXOSK5AQQ;Mohit prime
1394;AENVPHUT7FQF3OD7CPPJYVO2YWIQ;Embari Sriteja
1395;AENWPLS2BHDMH4O6DD7EYV5DOGHQ;a.john
1396;AENX4IK4CRKRAOJQOLMRH6QNCTCA;Aloke Kanoria
1397;AENY7L4XGCQMI627A27G3NVIBJNA;keshav Chelmeti
1398;AENY7MQ3WUVPIJ5I5GPDPMC3NKPA;Prabhat
1399;AENYOOBQJZGYT4GNQRR3YEKI7KAQ;Syed Amir
1400;AENZFOFJUL6NDGELEJLAFKEQC74Q;pallavi
1401;AEO2Q72MKWA5DPWBFQQ63ALQW7AQ;Tamanna K
1402;AEO4KYVQRGU36YK7VBJTVP4OBNDA;Ritesh Babbar
1403;AEO55TYWLKVPVTNYRZZ7DNGZFSQQ;ravichandra
1404;AEO5FHWNOSFBT554DKQAG4ICBGFQ;aditya d.
1405;AEO5NTPVZBDP7EHO2NOJ3Q6QPN3A;C
1406;AEO5TWJ7OMCWVSYFCFNFE7IPHZYQ;SM
1407;AEO5USQ7LAEFEDAVXGMA4B27F5YQ;Amazon Customer
1408;AEO6PDZZEPLEYE6MLIQMEEOEVJEQ;gopal
1409;AEOA3NB4DXSDU3E345Z7DFFTZLTA;Govind R
1410;AEOAQQUIW5XQW2XAAIMHD34MNHAA;Akanksha
1411;AEOBCJAUHKQ3VOH4XXCLGXUUDXCQ;Vinesh
1412;AEOBGCGXCAHBMUOYKGJIISS7B2HQ;Dark Lord
1413;AEOBRM4MERVEHV4O76DQMSU5CQKA;Gokul Parmar
1414;AEOCPQRJLJDQSJTXD4NVM6LYDWLA;PREM
1415;AEOCUF6Q6MJC37C4Z5LQT3RUWV5A;Gururaj B.
1416;AEODRIKLIM5JTCDNMGSLTRSZFNVA;Amazon Customer
1417;AEOEF4FMKNN5QZZVUQDHHKWRHCGA;Ananya
1418;AEOEFJ7ZBQWRXYKAX5BMGZQNMLFA;Dinesh C Dwivedi
1419;AEOEJGMPT5X4TS52IF3PJOQ27NXQ;Bharath N
1420;AEOEMKEL2KZN2YOOK6FKZ7NYK3XQ;Amazon Customer
1421;AEOF5PFDHSQRCVD4E4PHG7ZQDHXA;Sanjeeta
1422;AEOF6N7C4GZTUUR3VXU577V4K2XQ;Ashmeet singh
1423;AEOFVQUVTVP7AU7TM7IZBXJC3NOA;Souvik
1424;AEOFYPCJJQYCKISUR6EC66IZH23Q;Yousuf
1425;AEOHCZKNWRXT3H4Q66WMEMB672IA;Shilpa M
1426;AEOHEAX7CMT7YK37DNAOQVUAZZ6A;Ashi
1427;AEOHHIVTTMTCKM4BGPQBFUR2P6OQ;YUSUF A.
1428;AEOHQRCRMKHNGRQRBVRQJUV3UB3A;Piyush
1429;AEOHSSPCLSTWA4MAPWJJLJHSJDMQ;Sathish
1430;AEOI3LGG2G5YAM647D2WYTRHMPAQ;Priyasree
1431;AEOI5IZQ52FK6IT2FCZNE5LUCBNA;JKSingh
1432;AEOIHOJD3O5MYSVWZOBDUJGYWZGQ;Ravi Shankar
1433;AEOIPHSMBDVHZPYBH76LQEFONJQA;aditya
1434;AEOIVRQ4ELTA76SML2EVSFT4UM6A;Sankar Agarwal
1435;AEOJO73NCLD6U7WZ653AZ5LO3LCQ;Sdayal
1436;AEOJR4XRHE3AQOTMVVOIESTP34IQ;Suresh
1437;AEOJW7OWUZROZ6Z66ZQU33Y2ZYLQ;Nivedita Chatterjee
1438;AEOKB3ECJUM6UQOBFKMEMQVVHL4A;Anu B
1439;AEOKQXQO42VI27RS7S6H6RDJTJWQ;Vasanth
1440;AEOKRUZ72RVUNHVMWHU5SFP2NXKA;Kindle Customer
1441;AEOLDYDAFLQTHPD7HIODC2Q7HKZQ;ekta arya
1442;AEOLHHEMZIIF7EEUUV2R4TJB75UA;suraj.s
1443;AEOM4KLP4SKKVSOCAMP7ORLGPGUA;Jacob.
1444;AEOMLWH4R5GQ2PAEYWT7DXBDIDFQ;deepak
1445;AEOMSGRZI2GBBBATYNQ2IXWGXWGQ;karun
1446;AEON6RS4RYLAMFJWOQSJWDJBIQMA;Chetanya Arora
1447;AEONAJKQPOJFD47DLBXAD656UMPQ;MUTHUKANNAN R
1448;AEONKCD4VUEPQ3YEK5JMVPGLCDDQ;Amazon Customer
1449;AEOODTBGBG2EUG3TEFGVON7V5NLA;Shekh ismail
1450;AEOON2BAPI6B52PB6LYJYVT2POFA;Nishant yadav
1451;AEOOR2OZ72WSRAVRX42ADEZNXQSQ;Atteng Eric
1452;AEOPEGWC2WPLKRI7G4JLCRHB4BFA;satish
1453;AEOPL2SDEVUZWVK3AE2MQOLZUTTA;Kindle Customer
1454;AEOPPOFRNOWYNA3NCZ7FXRRILVBQ;Shubham
1455;AEOQEKGWB2B7Q5ONJFGET3MYI6VQ;Ranvir Singh
1456;AEORIJHEIQAZQL6IQ2R4IMSB457A;Rajesh Manoharan
1457;AEOSGU32LYFVLXEHETK4QU4UDWEA;Mukund
1458;AEOSTNYHDXDWBNGEZYE6BPMPR7LA;Abhishesh pandey
1459;AEOSZOOLVIL7K74EVIMKO7G6FG2A;Damaitre
1460;AEOT3342QESRJ6Y53VNRADPFKTXA;Asish sahu
1461;AEOULYDSLLD2FVDNR7WTWLQFRG7Q;Sayan Roy
1462;AEOV5M2XBOTAJ5HEJVKZHDOM2PYQ;Bhanu yadav
1463;AEOVKYUJ6EB3K2D3CALSVWOITV6Q;geeta
1464;AEOVPFUZZRU7EA3ZJFWKXPQZATTA;Dilavar DN
1465;AEOVR6JEQTAC77BXE5AJMWJGG5PA;Shanti lal Gurjar
1466;AEOVUNFCIFV223O536GVW5JHZKOA;Suchismita
1467;AEOVVK7XRSH3T5SSQLE42FWIY3RQ;Deepak Roy
1468;AEOWAV5QL6F5QH5VGY4XNKWX7ABA;Gadde.Raghavender
1469;AEOXAUWOA6I56J4RAMFLXBPZH3UA;Mudang Tajang
1470;AEOXDLAGO5YUKIJDGVRZ26GTZNRA;Rajiv Das
1471;AEOYVLH6A6P643MDQBU67RJ4DTDA;PREM NATH
1472;AEOZ6IIJSUVKY2DNOQELNMP5IOQQ;Amazon Customer
1473;AEOZN7QHTHMBMPZ44PLKH7ML2GFA;Sreelal S
1474;AEP2DVN55BAR3JCNCHH4VDNORE7Q;Mb
1475;AEP3BU7PNOTWYZ2YZ2IGC2AFJ4UQ;Shafi Nagani
1476;AEP3MKB5RNDLJPK4JW22FX74WKFQ;Saly b
1477;AEP43IVDSJR5UREBLL53W5AJKZTQ;Srishti Agraharrie
1478;AEP4CW3UI7AJ7XM7PAAKVCB6U3ZA;Praveen kumar
1479;AEP4K42PEUOFUZBSUUDCSQBLE3AQ;Amazon Customer
1480;AEP4MK3EKOBDKTGPJTRN5RBDIODA;Ajaybabu.O.M
1481;AEP577REOPX5HAMEECZZKMOYZ3OQ;Sriranga Pudupakkam
1482;AEP5OZFTG32NCC34GCOBFO24W6RA;Placeholder
1483;AEP5UMK4KDMGZGBHBLZDB2R37OMA;Sumit
1484;AEP6P6MBRADJL3SDICYEMQUWXVEA;Satya
1485;AEP6PYK2DLTD5UCMURSUNUE4IE5A;Senthil Kumar B
1486;AEP6WZ7AR6XDQSBFSQRILJOUWYIA;Veerasomachary
1487;AEP72RVSIU32NKEQVLVZT5YMSZGQ;roshni kewat
1488;AEP7EC356VG6MRFKXMOMUB7P54XA;Kumar Satyam
1489;AEPAKIJPENJDKGUKTVAMOBK2ZG3A;NIKHIL BANSAL
1490;AEPARPN2RVNADVDOWX5E43NSRLBQ;RAMKESH SHARMA
1491;AEPAT7E6LUSVYZ6BFUYULMMKN6HQ;Sujoy Paul
1492;AEPAZYTLJQKDOZBSNB35SQF6CMUQ;Rajesh Thakur
1493;AEPBNLNECBWYCIHCV4MUJDT5WCBA;Abhijeet Padave
1494;AEPC76LBJ62NNNFB3FLLEV6DMZXA;Ahmed Ziyad
1495;AEPCAKSOMWJJNCSL2JR674U7ADQQ;Fiaz Bagban
1496;AEPCLRI6TOAXADIFPVP6BVUV6ZYA;supreeth achar
1497;AEPDAG3D6JDB7GMFDWRZBRDUT6LA;Dhaya sekar
1498;AEPDYIUTV6ZZGRHTBTUA5SDV72PQ;JD
1499;AEPEJSIYSFPXKOXPS2QHZ7P5VCIA;Adarsh
1500;AEPFMS33QLD2SPSAW7OBES4S5MTA;Jitendra Kumar singh
1501;AEPGR5GLFQRW7GDYB26SWHN65ILA;Rawish Kumar
1502;AEPH2F2UEIKZG3VT3BVA5FDJIKBA;Tirtha Das
1503;AEPH3KDGWVA4YF2X5H4KC3MMK67Q;Abhishek Kumar
1504;AEPHE5IYH65CT6E4RFVU2QFQ5RDQ;Amazon Customer
1505;AEPHHPGRU3LZVJ3GOQ6HX5WSLUJQ;Divakar
1506;AEPI6CAH4T4LF32FXJI33XSGKVXQ;Seena Geetha
1507;AEPIMEBYBSIKSJF7NFEQPCLPDF7Q;Vijender Singh
1508;AEPIMKMLGRFWLU7CETWUPBCLFR7Q;Animesh
1509;AEPIQC3KWAW7KJEW5ITDNPQRLWOA;Devraj Nikumbh
1510;AEPIRPEEOWBOSQVYCEWRUCZJFSAQ;Rickz
1511;AEPLASBTA4EAJJGZ5Z4HSGL32J3Q;Nandhu sajneev sk
1512;AEPLCTMJT4PB45KID6LD2QCXWFRA;Dasarath rao
1513;AEPLOFVKFHPQH4DFHKQXGKWL24NQ;Rahul sharma
1514;AEPLUJYB5UT2XVP7A2NSNSCOCVLA;Kshitij D.
1515;AEPLVJ2BAVC57LGFBTZCH2YBNJMQ;Sowmya
1516;AEPLVXU6CECEGNG6EUUSHMERYNRA;Nandan
1517;AEPML5IRZNUCCZNZDPAXESOPY6OA;Madhu Sudan Rankawat
1518;AEPMS5PFD6A3CBZ7A5GCVJURRQPA;Aniket Chudnaik
1519;AEPNFXQVCUUGVV74K5KGJEIGCBMA;Amazon Customer
1520;AEPNVP5ICQGB2SDHNNEED45KH2WA;Jeenu naresh
1521;AEPPIQQURP47JFRUYVS6AA2SM4AA;Swarn Gupta
1522;AEPPS42KFYOB2D4EZGAE4DDSL2EA;Relesh Dewangan
1523;AEPQHH4GUMMN2KTD7VAT5DZFHUTA;Amazon Customer
1524;AEPQHZHEBKKLM6Q7IKBZNILWVCBA;Niranjan V Jayaram
1525;AEPQQCHQYPREFBONFIWGNSURTKCA;shafeek
1526;AEPRC35M4Z7QIXQHVEKTQFXGRF5A;Parveen
1527;AEPRLZ5V7YTPDBKOWW4P33N6V7DQ;Preeti Bansal
1528;AEPRNLSE43UGWKAMTLIKPM2LEAMQ;Priyanka Das
1529;AEPSO6AT7QUTF6LYRISXUYQKHM7Q;Amazon Customer
1530;AEPSOFO2EJJOVKNXXBISGJWVHCWA;Mohithsai
1531;AEPSWFPNECKO34PUC7I56ITGXR6Q;BharanI
1532;AEPTTSPMISL3YSYYY4T2U2DI4ICA;meenakshi kamra
1533;AEPTX7KLFQCVKVIOQ2P5BT5DFDOQ;Hemant Singh Lodhi
1534;AEPUEHEXXNFRXCCSK4F3VL5ZKDMA;Khadar badha
1535;AEPUJDSJZGXDU3PM65QI7OECGZXQ;Anjali Raj
1536;AEPUWVGQ64XTHKV2C3CFSR5Y34SA;shivani johari
1537;AEPVE4Q7HRVR3QMCG6ESOSXYDQDA;Deepak kumar gupta
1538;AEPVIJMCNS4OBHRA6D5ZXYVNTXZA;Kevin
1539;AEPVJ654JP5LWKT3REYOYCIROB3Q;Nikunj Mehta
1540;AEPVJN4BS557OWQY7AGNBVHR2H4Q;product user
1541;AEPWUTZXVJGKU724YMMK4AFRB73Q;Vinita kumari
1542;AEPZDUAEBII7N7RRWKTPKON6HB3A;ishita
1543;AEPZI55CSYXEU74X4FXNAOIP4COA;ZAFAR AHMAD FAROOQUI
1544;AEQ2EQIV34AERSJYG3RO5D4RPS7Q;Chandar
1545;AEQ2H25C6M6LFUM7FSHRKM7MMHOA;Pavitra S
1546;AEQ2YMXSZWEOHK2EHTNLOS56YTZQ;Jayesh
1547;AEQ3IH2E5DAMIRDUFHOTNIEWL23Q;sumit
1548;AEQ4D3BU3IY4OTLZQAL6VTAOWUKQ;Sudipta Dhar
1549;AEQ567MMOMWFLO5Z2P4L54R4M3MA;Mallikarjun Patil
1550;AEQ57W6KFWU72BECDAK5CJ3OML5Q;Nilesh kamble
1551;AEQ5OVCZQLS52SKPGHUA2X3GJIYQ;Anil Sethi
1552;AEQ5ZXLEZFYS2Q7GBBW6IDJTH5GQ;Sumit jogade
1553;AEQ6GH2IHN2VPIDQTT5LUKGH6GXA;Sakshi
1554;AEQ6N6MXEZYWGKZZIWZW2I75WFGQ;Harish
1555;AEQ7NM325SUT6YB62ZG376GF7O7Q;Dr Laksheswar Bora
1556;AEQABAS4A3RXJ6CM4EX2645IUCEA;Dhiren Shah
1557;AEQBRKHWGFEJSWMMD7NCRL47IAUQ;MAHESH L
1558;AEQCAMSZJTMNIKXAPXCKT5XLOWIA;Manish Rautela
1559;AEQCU4OWLDASI2OKORSLGN4UFUXA;Vijaya lakshmi
1560;AEQEH72IPVWNOQYVPL3FMKPMSRBA;Arjun Kr. Sah
1561;AEQEI4TU3C6Z3PCZ4JLQKAJXS6MA;Priyabrata Mallick
1562;AEQEIF23AAXTOBTLBICNMLFK662A;Santhosh
1563;AEQFXB3NZOMW4N72EAGVDHFV7M4A;Amazon Customer
1564;AEQGO3ENRW4OGBGWUNECEWY7LMZQ;M.bramheswar
1565;AEQGRU6X2E3PF6OHP7HL7ZVTHOTQ;AMIT GROVER
1566;AEQGYJXCSCCNZSPU6KO2ROAMEJXA;Genuine Reviewer
1567;AEQH7UPNWWVMWQAZ2TKCXLZNLVLA;M Daniel John
1568;AEQHHPCXUH4O5BS4VOQNDBTAAORQ;Rohit
1569;AEQHT4NCWZ6DDFMOV3QW3W7N5HDQ;KESHAV Kohli
1570;AEQIJCPWSBCDKUO5VROXXHWX3PPA;gunasekaran desomayananam
1571;AEQILKA6TDCEJHB22PLMICANAKCA;Uttam
1572;AEQIOSXDNEWT7VHJIRG5AVN2L7XA;Agnish Mallick
1573;AEQJHCVTNINBS4FKTBGQRQTGTE5Q;Anand
1574;AEQJY72BUJBIQCYK6V7CIZFEGFKA;girishkumarlanka
1575;AEQKGESRWR6SUQP5ULBIYJ65HSFA;Shrinivas C.
1576;AEQLEDKX266NBPOVEJSVR35XNFYA;Priti raut
1577;AEQM4DMINJG5GCYEMHZBJESHCUYQ;ANUPAM BHASIN
1578;AEQNAZMC4QPYMUSM5WKGQ722M3PA;fabeel
1579;AEQNCSQJK3ZBHTJ7M2ID6FLUA2CA;Siva G
1580;AEQOF2P6OUP23GYS2CADPFTMVJ4Q;Rakesh
1581;AEQOIDOT2CNMB2L6ZFFZ3KSUWBBQ;pawan  kumar
1582;AEQPE4IU4S5NOMQLA76RJV4FLVJQ;Avengers
1583;AEQPH4WG6ITTFAJPV2MAS6SL46IQ;Dan
1584;AEQPYAO4245QP3GSNQPFDVAKHFRA;Uma Acharya
1585;AEQQH4MFXL57BHAPR5HEDWJ7IYSA;Owais
1586;AEQQZI7NFOSSSCFA2FOZKUDXP5QQ;rangaraj sanjeevi
1587;AEQR7OAEEWSVH3FXEK6VO2ELW2LQ;kapish
1588;AEQRAZQWNHPRGHNIFYNEIKPYOH6A;narender
1589;AEQRBL6PVEWH7MEXRN2ZI6FDU54A;Dileep
1590;AEQRYFSSX35ZFP64C2CHBDYS7WMA;SwordFish
1591;AEQS4LQQWZZFTAEDZWPGCLOHIY4A;sunil
1592;AEQSEIQ55YRS5ITY6PMOHDFCJJWA;Shivangi Virdi
1593;AEQSYGYF7LVSIVQEEXPC6VCMLBJQ;Shailesh Patel
1594;AEQTCWOCB3X4GQI7K2RBNLVRCCRA;Sarvesh Yadav
1595;AEQTFT2S7RDVYEGOX5RBADQ4VY2Q;Sandeep Reddy
1596;AEQTIHVRG63RUHQ6HMSZZPITXCSA;Gajanand Raigar
1597;AEQTWNQ6GKTOSJO3ZEPHRTH56VCA;Pattabhi udaya kumar
1598;AEQUMN77VINPOKTGOIRX6PREJSNQ;Veera
1599;AEQUNEY6GQOTEGUMS6KRUEYNXJSQ;Satyam Raj
1600;AEQUX4IJE2NRRE65ON4AAUXNAH6Q;Subodh kumar
1601;AEQV4U4ZGMGZOWC4RQSUQZGHYSHA;upender
1602;AEQVMOXFRHZEVVSM4JNAJ7T3UHPA;Venkat goud
1603;AEQVXFTKQXES527IPEG4NDB4AUTA;Pikapi
1604;AEQWGO62V6K2GSMRMFGRW35NBTQA;I.KANNAN
1605;AEQWP6WIVLFP2L3MSAWW3RENW3XQ;Suresh rankhambe
1606;AEQWVGESA7TDGK7KZ4DAJQGYH32A;Verified Buyer
1607;AEQX24T5VMQGIZE6EZ3F5LKQP6EQ;Toshit D.
1608;AEQX3KIYFY6RCTFIX2J76NVKPF3Q;Boo
1609;AEQXLMRCT4ZS65M3ST5YV6AOZG7Q;Arun
1610;AEQYSJWBP6DN2IV2LDP4XVNI4FBQ;Rituja Ray
1611;AEQZ7R5E3KOSW4U65S4HFY4TOISQ;sandep
1612;AEQZHKTTW33WQUHSOP7XXLFKLHUQ;Subhasisha B.
1613;AEQZUVSKU4NRHO4CPHAV32E2RBNQ;Mohammad Shakir
1614;AER2ODPYVD5JB5RTN7HIZZH5F27Q;Mano
1615;AER2XFSWNN4LAUCJ55IY5SOMF7WA;Dr Nefario
1616;AER3GEEUA5RF6QBIJCREKSWXID3A;pravanjan panda
1617;AER3MEPIVO2UH7ZC2DBFABZIBPSA;Manish Parate
1618;AER43SPS7UTEVRDP7YPU3HTOQA3A;Mithun
1619;AER4JBQGMSVBHQGHMB6GOMU3BS3A;Harisha
1620;AER4JCC2IQBXMZOIVCLZCAKLPBTA;Debashis Das
1621;AER5B5J5MQT3PMDDBKQQ5AMBCELQ;SAPNA
1622;AER5GTDM6DHXOUD4KBSKYYYWX6AQ;Raghuram Venkatesan
1623;AER5JFSJPXWDBT3VSBEHV6VVVIHQ;Milan Bhanderi
1624;AER5ZGIXXVYG3AWZTRZT7M2BYCEA;SARTHAK
1625;AER66ION6CESF3DUWEL27DWJPDRA;Abhishek
1626;AER6BVYOQILND5BWBPLW23VBZUHQ;ANKITA CHOWDHURY
1627;AER6XVPTNSCOWUE2CNWAGADNNTQA;Amazon Customer
1628;AER7ER4GHJ65LKQFSIRZG6DSEC5Q;Tankala sushma
1629;AER7I64JAJJI72G6VZ6H4O6Y22UQ;Suraj Gupta
1630;AER7IMDKY6Y2NLWEIAOEOEMWPTQA;Amazon Customer
1631;AER7Q5G4K2TF5X74DYBJCEEQ3VZQ;Pradeep sp
1632;AER7TBTQXSCQP5Z5CWHLOLZZEBNA;Sudeerreddy Panati
1633;AER7URKAHGBZZUO54FO5YIX3BOJA;Shailendra
1634;AER7VVMGX6M6QAMBZFMCQ6A7MZAA;Amazon Customer
1635;AERATALW2RRDMFXI77X4JJBT23RA;Muneeb
1636;AERBFUQ2XX22U7LPZTRG6A2HUTAA;Kapil Soni
1637;AERBIKQOWRHZIFLPTJF2KBWMMN3Q;Biplab Sarkar
1638;AERBQW23ELEQZRWXWOW5EFQ2AA7Q;Amazon Customer
1639;AERBX2ZBWXBE4HAVQ2Z33QANOOAQ;DIVYA
1640;AERCNZE7BL2UQB45USYQ3NS3KDHA;Jayendra Chauhan
1641;AERCPMXMGMUH5YB56JZXTD23FKFQ;Ravi Rathore
1642;AERD4G54UG5KQSX4LPXU4QPYCDYA;Mano
1643;AERD56GM7L442X34ICEOKG44MK2A;Jasmeet
1644;AERD6R3OJ5GSAGDUSNOOSYWMJJAA;Shubham
1645;AERDX5Z6F4SNHSYXM6Q3RKZHNHRQ;sridhar reddy B
1646;AERDXJS6P2HTRWVKLVW7SUBDKBGA;shrikant diwate
1647;AEREMM7ONA7LBDNGQSLOUJBIPYLA;Anitha
1648;AEREO7C5GLYYYV6YXK7X4UCCQTJQ;ASR
1649;AEREPHGDEP7EUMBCNLBQ67GNJQMA;Amazon Customer
1650;AERFCJ6BOMVO5YW5XM5Z2ESOIK3A;sangamesh
1651;AERG3U7VI5YCANZA73XOR6KT2SZA;Gaurav saxena
1652;AERGUI5Z2USJIF32DG23QRO7GT5A;Marilinga Bk
1653;AERHDD3XT6MQGSE4F4NHHYRDW3KQ;Ved Katyayan
1654;AERIRWR6GSTILA6LAAFDAG3FENNA;R.Srinivasaraghavan
1655;AERIT7L44J4U5ZOSUK2JOSJF67PQ;rajesh patel
1656;AERJ6EV2HUDZQHWL2HOFZJYQ4GEA;Dipika S.
1657;AERJQGP7X4KVPD26I4WOZDDP23KQ;Evangeline Lydia
1658;AERJZJB2VKDQ53SXTPGMBWV7Q7VQ;rahul
1659;AERK5QQB3RYTBTTOGUJ5ZR7BD55Q;Imran Khan
1660;AERKVDGB67MRPUA7EHTNJYGY7JAA;Prasoon s.
1661;AERLEJIKGVDMADHIHSA4DVMEJUGQ;Sudeepmirza
1662;AERLNQYOTBYWZCP7AR3TNWATIFHQ;User
1663;AERMCSAKPLOJGCA3UDMWD3VRR2QA;Jeet darade
1664;AERMLOT7BN7ZXYSFU5IF3C6RJWFQ;Sandip Ghosh
1665;AERNKVJL26A7X5OYWX3736CMPO4A;Priya Tewari
1666;AEROF7DJPVY436TITKPPU7BCQULA;Prabaljit Sarkar
1667;AEROHELQUZSGEWF2SUDCANCFNRCQ;Pawan Dalal
1668;AERP2HDU5NDVDVWH2VDXZY3ITHRQ;Gopala Krishna Reddy
1669;AERPXYDL77A3TGZVEC4E7COXPNJQ;Aspire
1670;AERQBL3BISJQVHO3RLOOA4HKZX5A;Placeholder
1671;AERQHCJNLF5CWK63G4CSN62UKE3Q;Priya Textiles
1672;AERRAASKR2QOMQ2YNIKRDQHAQGMQ;Neha Faizee
1673;AERRBL2CJJRDGLHKOROB52OCIEJQ;Ripe
1674;AERSG63VY4JYAZNAFLHC5YBE7QYA;Mahima singh
1675;AERT4TSCBIG3ZL2UH52LZBPXJCLA;Satyanarayana
1676;AERTNA7V2HRIEPGANADEJFCY524Q;Soumith
1677;AERTQHHQOMTDNYMD22NPY3GBBM4A;Shaikh Noorulain
1678;AERUC72DWRPOM2EHX3YBTBPKYV7A;Amazon Customer
1679;AERUNKZJXZDXZ7WPIUH5SQHDDWUA;Nilesh Kumar Dev
1680;AERVECDPABKJA75A3HLMML7JAQMQ;Placeholder
1681;AERVJSFWEB7B63J46ZBDVGL4HEPA;Raju
1682;AERVTE2EIAQT7NEI6VGV4DJIUXCA;Raj P.
1683;AERW2VF2TNA3IAT752HDPH76RFXQ;GSN
1684;AERWNTV3FQB42AN6DXOZ24NJGOBQ;Keyur suthar
1685;AERWXGUBL74M7E5ZZ255BQBB6S6A;Karthik
1686;AERWYMLTYEXWK43EV6AZADRVEIOA;Dev Thakur
1687;AERYOOEJHPM6LGMKD2LIKMGODTHQ;Ayushi Jain Bansal
1688;AERYRV3NSECCWSOGSJRBJDGJP4XQ;naveen
1689;AERZ4XMT3P4TPSFNUYQ4AKUC6S6A;Nisarg R.
1690;AES2BOVWXLI3RTOPQEKH3GCKANDQ;Thrinath
1691;AES2J44MJ3FMUE6NIAJTOUQCQIWA;Gojo Satoru
1692;AES2RGBBQ4M5CIOUC5LSR4XORTPQ;TILAK C.
1693;AES2TTA7I6H32D6TO6IGDCI7DFOA;Prashanth Mettu
1694;AES3UPSNCD37JZLHZ3OIILRLLLCA;Simi Singh
1695;AES4PVTQ4WEANJ2E2HOJNVVBGQNQ;vasanth
1696;AES4QRD3RAYW2ORTU7E7K76ODZ5A;Anzer Ahmed
1697;AES5H357DGWET4IZXLW4IEQ4QYIQ;chaitanya Bandari
1698;AES5I6RABQPPMKSG73P546HHSHFQ;User
1699;AES63PZGZP33ZVO55CCO2WYML7NQ;Abhishek rajput
1700;AESAFKWCY522JNXNL3GMD7K6W6KA;Kaling246
1701;AESB32BXL4JEWHLRLUHZEDXYSDXQ;Pravin Bhati
1702;AESB5HS3GAAD5WYPYR2KUIIQRKMA;Dhruv Taneja
1703;AESBDPT5NJJQVWGWS3PL6R2QOCMA;Sheetal Prasad
1704;AESBXYARD65VZMCEZT6TMIF2I6AA;Farhana sherin k
1705;AESC2XA7GTS3MWJPWIDTYCEI2IHQ;Dipen Giri
1706;AESCIZFPXLL5RG2IAYQEL5V2KNDA;ABDUL BASITH
1707;AESDIR7ZAVXUIFSH4C33SKBN2FFA;Sunny
1708;AESDNVY2THX3KM33O7EBVYFFW22A;Pawan Kumar
1709;AESE26BMILSD6E4AVO3YM76G4UPA;Hitender singh
1710;AESE5F7Z2OTRLIJKOPESC73ZQ72Q;Saundarya
1711;AESEEUG5PHMGMD5K72ZP4NW7NF3A;santosh pitla
1712;AESFHQDDCGPTVOTQQTTNA3IRSN4Q;Rohan
1713;AESFKEVRHPM6BNLUQT46FFXXXHUA;JAYDEB BANERJEE
1714;AESFLDV2PT363T2AQLWQOWZ4N3OA;Himanshu
1715;AESGDAOGZ3PXGVZBESS6OBCAT4UQ;Kindle Customer
1716;AESGEGKMDBH4NA6TM7NJILHKW3WQ;Ravindra Chauhan
1717;AESGKVHA72PDDC7C45OGNNEMTUKA;JV
1718;AESHIA4Q3VBR5HCJJMRGUIBHBQKA;Pranav Chaudhary
1719;AESHMIQQSCBU4R44OBSD2UGIZEUQ;Mr. Jamir
1720;AESIFL6Q25WEMARTHLWMLOCS7ALQ;Amazon Customer
1721;AESIGIVPJE5SHWIW6SOEHVBHT5ZA;Dr.Susheel Kumar
1722;AESJE2EZD7S7WOYBN7RE7ZF3J2MA;Sonal ashish
1723;AESKYYTGWJ7VJASMOE6QQUDXSITQ;Kevin Nathan S
1724;AESL35HFDQN4QCKVN7DNGPTWU5XA;Aman Agarwal
1725;AESL7YEFFKTIZRBEDUCMD56K6VQA;Hi
1726;AESLA7XGMFNAM724AWVRLZHL376A;Gyannidhi prasad
1727;AESMEEYPQQLSSH32LMFSEYGPETVQ;SHUBHAM KUMAR
1728;AESMLM2YPJKZK3XTTYJZFFK4VVSA;Mallikarjuna Ukkadala
1729;AESMTZYLC25VNVZDJALPOZC3RNAQ;Amazon Customer
1730;AESMUJJJV2I6NQ4OMHYNLTW7H3PA;AKSHAY RAJ
1731;AESNQRQGPFRFF3MIKZ6HWY3Z5XPQ;Bharanidharan
1732;AESO35ZBYCHLAWHSRFTJZGS5EDVQ;Nachiket doshi
1733;AESOWISQWBKYJDU52KCZ7YS6SVBQ;TKR Singapore
1734;AESPOE5Z2FMNU577LDO7HKJCEDOA;Abhijit Mukherjee
1735;AESPTUXAQMTJ64NCR4QI5N6WL6HA;MG
1736;AESQ6MV2NLTB3NJ73LIP763MMOCQ;suman sarkar
1737;AESRBPLU5VWDLZIS34S4MGRGXOHA;Aisha
1738;AESS4FF6GYJRGBSKKQTONA6UA34A;Vicky sahu
1739;AESSDAJQCU3XKBAGYDYVBCKLOTSQ;Abdul rehman
1740;AESSNDMFJZFM6Q5URYBYPEIUSYNQ;mukhtyar singh
1741;AESTKWAZITTK43OZLDVJKVQRUF2Q;Patel raiyan
1742;AESUWQB3L5GNP2BJPUD4MXJ5D7EQ;Dinesh soni
1743;AESVEGOP7LNFGOWRU36WVYYSKKKA;Lavi
1744;AESXSM7GDPH2GLFNMTOCZATE4MHA;Gyar Singh
1745;AESYTC5OIXBUIDGPDE53XYOENLWA;Yash Raj
1746;AESZ7VB66VS6APYVPSMUGOFI536A;Sharan Yeddula
1747;AESZAGS5TOO5QII4XYFLKFAWSZIQ;Amanpreet Sran
1748;AESZWZDE27MOGUHBRLCLXLVPGAFQ;Vishwajeet
1749;AESZZZXVFKLKXWSQPL4ECENSVBWQ;Dimpal
1750;AET2WYQTCLGU3TB7VHZHJYJ4HMWQ;Nagababu
1751;AET2XG6WT3TJSTOJRZ5UFC5TYYHQ;Anuja Lad
1752;AET3FR7J3R37VHFFZQHMBLV5ELOA;Sneha W.
1753;AET435JGPEIORB35LT7EZ4ASDRRQ;Jagdish Joshi
1754;AET4QQ4FHIRE6OWDOEU2264PW27Q;Amazon Customer
1755;AET4Z7TNR2S4KEE6OHUGLTJQMNFA;Recardo
1756;AET5DGQJSXDH3XCLPQBTUPRXW6FA;Gurbakhshish s
1757;AET5DKTUHQBYCL3S6OBVUHPPGDUA;sreeraj
1758;AET5GWBU6F666XIYM4PJ6EY5WCKQ;Hon
1759;AET5HI2MQ7ULIQI6M246745L3F2Q;Gaurav Thakur
1760;AET5HQF3I4LQLCIILH3ZVBKLSBGQ;Rajeshwar r.
1761;AET5WYM6TVEQ4CNHACOOJNLSGJ7Q;johnny prince
1762;AET6ITYPXTZDZO5QV36VRCTRCTVQ;Phani Prasad N
1763;AET7HLYPQNGDUWJNLVPO5KYDMZ4A;Food street
1764;AETABFSDFJT4L2NJYWAECEX2QL3Q;Shridhar
1765;AETAP7PLIHXSLRWHSKZ6CB4LUOEQ;ganesh prasad
1766;AETBZL6TIGY24P3Y6WNN2BNIZIDA;Suresh jaat
1767;AETCTQA5AB7VTMMOTMZW2HNO264Q;venkatesh
1768;AETDBRTOHY56QNWI57VHDA2C57HQ;Shobhit Chaurasiya
1769;AETDHNM3DCXJJ6K4AFAEHZQAVG2A;Viral
1770;AETDMDOVSXTTR5XJPFQC5GABM44Q;Amazon Customer
1771;AETDNAYCLJMDIBHBHDDOHYNDNFTQ;Naman Jain
1772;AETECGJKFYFTKFIB5ATS6YRUKWVA;Raunak V.
1773;AETEHTDQT4GMZAJW5NTRO77AQBZA;Amazon Customer
1774;AETFDFDDPV5V47KNM2ZNBXJ3BCJQ;Krishna
1775;AETG7JHK5RW3AFEYCBDANJNOWWGA;Aditya kamble
1776;AETGK22TGIAO4WZO4G3NPOBRLXCQ;Amazon Customer
1777;AETGW4KBMIJPPNVLPKB7R7O3FSQQ;Bhawna
1778;AETH7LKNVDPFD2WPRVL7WXXCQXQA;Thoughtful_user
1779;AETHGZYL2OPKWCDKUT5CWOO6ANMA;Saakshi Pratishruti
1780;AETHN2CGVNPVX5Y6SAWO6IO7QOEA;Selva sibi
1781;AETIHYK5L5TW5NKHBPOWXAKS4MBQ;Jacob angami
1782;AETIV4U656LPL5QIPSWXR2INPE4Q;Gandharva Purohit
1783;AETJFXXUOXIZDBIMIPODYJPTTB5A;Ranjeet Pandey
1784;AETJUR555HOF4TNUIRWFWKUDO72A;Rajiv Abhyankar
1785;AETJYYRMC2XH5YW67E3WLNYEXODQ;Dhaya Cj
1786;AETK27O6JGFTV6NL5CEBS2ZFWP6A;Balbir Singh
1787;AETKISIGU4D6AWWNZQMNWVRWOJ4Q;Nimai C.
1788;AETKWJBAYZHLXKZO5UIVI3SZSLGA;Alex Christopher
1789;AETM4APJU6TQILR5HKP3CSPYQL5A;Basha_Neerati
1790;AETMASW5U6WCMX7VZA6DVRGR3WTA;NAVIN JAIN
1791;AETMXBXXZHMQXZEJUFTS4VEBC6HQ;NJ
1792;AETN24LLRWGF5EUGDS4FWN4E7REQ;Balasubramanyam
1793;AETNDYMC3FBFMJOQYVSXMVMKDKSQ;Sheikh Asif Ismail
1794;AETNHAGXKVVCV37ZG5BSJULYPI7A;Aneil Jeevan Raj Dorakula
1795;AETNTQXA5XZFHEBM6KKNB3I4SH3A;Sanjay 6266
1796;AETP2GEWPZZBFPYMEMT7GSNYWYGA;POONAM A.
1797;AETPKXNOTUEX5GH7WL7XQHDR5M7Q;Harindra
1798;AETPMOGJUEKAM3X4BMFBSHTDQ3BA;Amazon Customer
1799;AETQ6J6XGXAXMOQCY3VCPLOJ6WFQ;Abhidha Goswami
1800;AETRIARSUFSMNG5LFJZMW6CBJMMQ;Paras singla
1801;AETRLDW2AUAQJPHLEUIYFEZBBU5Q;Gopinath Behera
1802;AETRLRK4QNNUXN3RRQ7BWMBAFXCA;Sagar
1803;AETRLUIP2W6M5SWB7NYC3MEVREZA;Amazon Customer
1804;AETROJMOXLWYXXLMLCU7KW4HXETA;YMNY
1805;AETSE7X7ADVJXJYX6VW4SJAX5SKQ;Arvind kumar
1806;AETSU7SDMZB4653PYWJ54WIPTYJA;Ramkumar.R
1807;AETT3TJOC4QSORCIDNNMRWXFQBJA;Shahul Hameed Izzath
1808;AETTZUILIPB5I7FQ272YUGEJ4SNQ;Ramkumar Dharra
1809;AETU3IBTWBZE4PUKESCCMCBU7FLA;DEEPESH SINGH
1810;AETUVXSYNBLCDT2ZXECIXNWDVCEQ;Rajeev M
1811;AETWBQWWSOPB4VOZOE6DGW5XCJWA;BISHAL
1812;AETWKKRH3YG3TDQPRO72TEEGPBIQ;Vala 18
1813;AETWNOMRM4BJ4ASTEJB6NT76FJTA;ARAVINTH R
1814;AETX622QBRE6A5D6JOV5JW3NDXUQ;Aditya Tapase
1815;AETY3ZRXJNRJ7NEK7BMH2XXO26KA;Syed TAMEEMUL HAQUE TAHSIN
1816;AETYH4YVGJXWRIRQJQUZ7OR5JPNA;Hardik Tank
1817;AETZFDQIFECA7GMZHIA2CHVPLIJQ;Vikram Babar
1818;AEU243XCV5FGTBUI3KKCC5BGXH6Q;Amit
1819;AEU3E6TTMRR3RHIFOK3IF6XYSDLQ;HARDIK A.
1820;AEU3NDBYUVLPYDRFVCIY6IPVUA7A;Hemanta Das
1821;AEU44FW4XJBDB33N4LYZMVLOUYOA;Dixit
1822;AEU4DZ5TUTNBTJHIYUDYHWXTSNSQ;Tapas mitra
1823;AEU4KWBPB2M6CZASQ7PZ5GFSYSZQ;ਚੰਦਨਦੀਪ ਸਿੰਘ ਬਾਲੀ
1824;AEU5D4GBLUFHIEJXMJEX4L6TP5FA;jeevanraju
1825;AEU5DHNTPNICV4DYIEYANIV36C4Q;Amazon Customer
1826;AEU6MYQDUVKLBHRXLKVRUIEWLX6Q;Narasimha Rao
1827;AEU6W4IG5BLXZ5XJ23PYFQKXYHSA;Vikas Kakkar
1828;AEU72RQQFVEX4RRIWB3FIK4IOYMQ;Abhishek
1829;AEU76NMTP5BLAI4YLE37G5UXRMMA;Sandeep Shriyan
1830;AEU7DVFEL43XZ6T4D572W2ZLBRKQ;Yogita g.
1831;AEU7MCZY4XW4EDOXAYKPNDPTWKMA;Dr. MRV
1832;AEUAAKEA5FFOZ66HNIUQI3OJQDQA;Ben
1833;AEUAMC5SJIRMWLY4X62YAX4LFPLA;Abhijeet Gonsalves
1834;AEUBKJSXZZYMYVQDEKXDJZR4LNVQ;Vinay Kumar
1835;AEUCHG5CIMXJSL6RFYR2R7VY3IEA;Hrishichand P.
1836;AEUCRWSKNKIQ3QJBO4ACE46VDSCQ;Suryansh Tiwari
1837;AEUCRZPOISXKHXMCZUH6BXTUXUWA;Rajesh
1838;AEUDATTJUCKFQ5ETVLUU57ZZ3XXQ;Fazil Mohamed
1839;AEUDP3SKTHEQV7VQ7TV6PCVWJUMA;Aftab ahmed
1840;AEUDRXQAIOQFAJMC2HXHA5I726VA;Sanjeev Khurana
1841;AEUDSXTROWKKBDOIXDIPXVUR5GAA;Shar
1842;AEUDVR5JPNG73EPOGFLXQVUHDVAA;Sowmya N Dharmalingam
1843;AEUDZWXMXFOP2BI5WVK4S524LYKQ;Shekhar
1844;AEUF4QR7MJKENC3HLTNYAFOHZKXA;K. Chandrababu
1845;AEUF7JGXQJQHT6KCX2QUIH654SCA;Prasun Ghosh
1846;AEUFJD6BX2IQCSBOKNA7MQFE7QKA;RAMA
1847;AEUFMJPVYKUAB34FPZ53O2EE7VNQ;alwin alex
1848;AEUFRVIZEZ32IEDWOE3KGCZXPRKQ;Dinakaran N.
1849;AEUGPJCYVDS74WR3B5AAHYQ67XMA;ABC user
1850;AEUIUWBD6LGQOYOKWQBFV4IL2Z5Q;Aaman Bhat
1851;AEUJCWHLY4ZE4YHU5HVUSHLTKNTA;Nimish Sharma
1852;AEUJMQ7IHJCECNPJLEOKEI4JLDPA;SOFTIZON
1853;AEUJXKO6WMZSLPCK7OD2FF3LV5BQ;prabhakar
1854;AEUK344UA4FNU4PR4AWSPKWX5PPQ;PAGOLA SURESH
1855;AEUKN7UQLOQ63SSRFPMYFGH2T5UA;MAYUKH BANERJEE
1856;AEULM3CY4ND6RQZI7TE64I2BNOWQ;Somya Meena
1857;AEULXBJRVQTUU7LYUNJK4VQD2LLA;Tanvi seth
1858;AEULY7BU52WW7X5U6TUNDBO2BU3Q;sourin roy
1859;AEUM5B25NOTCU5KDYMVAOBN5Y5FQ;Pramod
1860;AEUMBCFNMBKPZ24SALMXIQDSHJGQ;Nikhil Anand
1861;AEUMGPKAO6GBV56NJMU4XM5S76EQ;MOHAMMAD I.
1862;AEUNGOJK6SA34KCHNR47RY4AUQLQ;Dhashwanth
1863;AEUNLUIL7UEDSBOHDA52EP3CT43Q;Narinder K.
1864;AEUNRLYPFHSNIUTSTYF72R7XCSMA;SATISH MALVIYA
1865;AEUNYC2KUYOZRA2TH2WTZ3RG44WA;Nitesh Pathak
1866;AEUNZGZ7IQFCJEFHU647HB57FC2Q;Athar
1867;AEUO6UO5UQUSD4SLP3YJMIP6BOWA;akshay t.
1868;AEUOCCUL5KHPEVXARZLU4U42WV2A;Henita
1869;AEUOZUIXQQSUHC3EVYRKUXQS3IRA;Vishal Kapdi
1870;AEUP2YQAYTICDXIVB5EASRFTVCNQ;Paresh Ahire
1871;AEUPILALWUFFD34CNWRYX4PFQKSA;Arvind
1872;AEUQPBHW5WMPYYEEPVOA3ZTI45HA;Anbalagan
1873;AEUQXSX3YSNN5L37W7I243ABWXHQ;Awesh
1874;AEURGK5J5MME7FDPQAWLXQ3NI7KQ;Digbijoy Dutta
1875;AEURVTR2NJUO6OMIUX7AL2Q6PYLQ;M DHANAMJAYAN
1876;AEUSMIS4UMLQRJF7OOIJ6KTVQYDA;Mang singh
1877;AEUTMRODCZ5QP6FRYACICHQHJGJA;Sivaraman S
1878;AEUTWNKAMWBUEKXPNPWLZAV2PASA;Preet Shah
1879;AEUUCRDKXXXU4LJNB3ERBXQY47CQ;Sonam mishra
1880;AEUUGGQ72VZ33Y4WLZKDODUA3XZA;Gaurav
1881;AEUUSCC65BXKCGFTNKBRKYCWIZYQ;olivia dutta
1882;AEUVWXYP5LT7PZLLZENEO2NODPBQ;sai niharka
1883;AEUW2HNBJ3RXYHK2OXKXJ2Y3MCZQ;Dr.Mohsin
1884;AEUW4Y5YDVZYXKFQ7BOQZ6IL6MPQ;Vinay gupta
1885;AEUWACJRUOGKOVFW2FOW3RSI3SIA;KSESH43
1886;AEUWI5TDSKBQHOFTRMU3DHC36IZA;Manish P.
1887;AEUWKSX5ZL7DWOOYVDOWJKBHOVXA;Harsha
1888;AEUWYI55HVW2GO4GRLWK4PWCTPLQ;RINO
1889;AEUXG6K2NIXVHWICO5AUEZ5TZX2A;Sowdesh K.
1890;AEUXGDH7N7HYBKXCLX6ISS5XYIWA;GIRISH BHATIA
1891;AEUXJKOEYXTPEXZALZOBJP3QBI3Q;zameer khan
1892;AEUXJSPLBCM6V4UCEVFPF53YC4GA;Aniruddha Joshi
1893;AEUXMKJNJJBXOKFC3FADQRG2OIMQ;Amazon Customer
1894;AEUYQQW6ZI6DK2MJQTX2O7SNRENA;Suman R
1895;AEUZCEJW3VTJKTBTONLMQFYOGBNQ;Pavan kamar
1896;AEUZYVUGRR6URWHTEQR3NCGWN46A;Dr. Rinchin
1897;AEUZZSADD4LNC6NNCPAYMKDKGUKQ;Vineeth G
1898;AEV2GXFIZ3KD7EEKOE5URJQD6IFQ;Sarika Roy
1899;AEV2RFEWLJIWQDBU7FMHAUJT7PQQ;JAYASHANKAR VB
1900;AEV2ZXYQ2Q4ZKT5EADCYWVI62Q5A;Abhishek kumar shah
1901;AEV34N6R33BELH7SXLEZFWBCMJ3Q;Sai Tenish Harsha
1902;AEV3DHIQIEUNDUMXEPHJBVZ3VMHQ;Praveen Stakez
1903;AEV4CXMHUNKPH56BNTAMEH7EOMZA;Abhay Dogra
1904;AEV4TPYJS3L7ZBGHNQ2QFYSOKHBA;Ekram Mohammad
1905;AEV5AKL64UCEJJJCSVVBLHHWU7SQ;Vaibhav Adsul
1906;AEV5HEZN2S7XTGGBJT353UZI3GMQ;Nishi Pihu
1907;AEV5KJYTEDJCSN5KFGKY4DHGZOPQ;Bharat Bhat
1908;AEV6PF6JEUSL5VE35HHTUFU65FAQ;yashwant sinha
1909;AEV6XXFLHIIAGFBXZQACBPNOKIMA;Amazon Customer
1910;AEV77VMKNNCQ5VIEWG3WOSCCVIBQ;Amazon Customer
1911;AEV7DR7CDJFYPKCDK2Y5WGUR6BDQ;Abbas Tirupur
1912;AEV7FG26UKIYP5BGJCKTAAW2P7IA;Sanjay Kumar Moharana.
1913;AEV7WXLS2DB6RQA4TZIZ3A3E5L3Q;Abhishek B.
1914;AEV7X32J6CUVHXXRZJ7EI7XSXYVA;K j suresh
1915;AEVBIVJJCIRYJRR7G47DFT6SFBAA;Shubham Sharma
1916;AEVBWSNHEFMTADA24TBEUGDGLZMQ;himanshu verma
1917;AEVCDJRYLA3LTJCNTFYX53MAHAGA;bhaskar
1918;AEVCX7TC4UG5RDTPZTYNHJB5F3RQ;Klassy Klan
1919;AEVEJVMWQKVTVXWT3GWDQMTRE4PA;Yuvraj Patil
1920;AEVEJZ2RUY6RZ6GY5EIRES4BOUNA;DIPSUNDAR MAJHI
1921;AEVH7CTRMGVDXTUSLCLNTRQHHIPQ;Manidhar Sambhanu
1922;AEVHDFJPXL5VW4EUXTOBVXCPZA2A;Amazon Customercare
1923;AEVHROK7EARG7XEZSSNEJNP6DPEQ;Wilson Rodrigues
1924;AEVI32AU5HIKNCR3VPGFHSFDOL2Q;RAJ
1925;AEVI6BPCNUCWF43ZU36XOMZAZUSQ;Mallikarjun g.
1926;AEVIV42RTEB4DEQLJOVPRLGAJBRA;SHAIK IBRAHIM
1927;AEVJ7N5EX6TJXU2OFCDO4HSY2LJQ;ghost parris
1928;AEVJIJSEUXPBRKOQ2PB4JNBUTFRA;Anand k.
1929;AEVJJUZQMXEWZJF2MJKNQDASDCSQ;Vara prasad
1930;AEVJPCOO6CKJVR6FZRQHFFDXQXHQ;DeepSea
1931;AEVJRCT5FUVYU4LJMS7EEXGF4LVA;Placeholder
1932;AEVJWZ7SNUGFWWIEFQ24USB2IELA;Nisha
1933;AEVK6SQSDGDCBJF4OM2Z24SXE36Q;lional
1934;AEVKHWUPE7W4ZIG5RFWKJ2XX3UMQ;SWARUP DAS
1935;AEVL6TZWDKICBU5K36HGBG65WXKQ;Shahnawaz khan
1936;AEVLA6TQL2TPG77DKRJJZAW4TAFA;Sandeep
1937;AEVLJEOZYZISEJ62IBSHVFIOVGHQ;Saatu
1938;AEVLNW7OEHU23QZWBPF2ZLYHTBHQ;Ankita Gupta
1939;AEVLNWB3IQYMTNXJ56HJUV55R2WA;Pooja Raj Gor
1940;AEVLT4QCRE27WKCLR5VR4PZBSYYA;P.Krishna
1941;AEVMIO4NTG5PTXCPYF3BTUXZ66PQ;Vikas yadav
1942;AEVN7RMFICHOZR6CD2KNIV7LW4IQ;karan
1943;AEVNRR2MLSJBNKXZWO5FKQSJA6MA;Vaibhav Goel
1944;AEVOU4VDGD6M5VOUU47DZ7JRABEA;Swarup Panday
1945;AEVP7TTOWOQMU24YS23JQSIHG5EA;Kindle Customer
1946;AEVPRYZLGHNMEZA5BYGIX36LYZXA;Gatij saini
1947;AEVQ23BWUEEHRN4SPRKHA57N6SOQ;Anierrudh S
1948;AEVQJEWD6UXEKBEG7RAJA62DJZEA;vijil v v
1949;AEVRANATL7R2NNKWWLDL5XHSG66A;Vishal Chaturvedi
1950;AEVREAMLELSSIBFZAFMHJZHZOCEQ;karan
1951;AEVRNHFUTYUHFVYZIRFX34P3HMEQ;Saiashwanth.M
1952;AEVRTZ6HVKKV5CVX5XBW4QQLY3NA;SUNIL C
1953;AEVS6WG5PFGQNGWB34Y4NBYQD5SQ;Yogesh Dhurvey
1954;AEVSZHH3OHO4MIVQF6SGZDVVRFVA;Jay
1955;AEVUBEFT2MRH2PRVW53SJEL7H42A;Naman
1956;AEVV7FGCQH4N4HDNGHICKQHTMMRA;Jaya jadhav
1957;AEVVZCUP5D2P4FWGD3AOPDGJJY4A;Sagar C
1958;AEVWWMB5UUJ6DPXQ5LA7D27G7HEA;Amazon Customer
1959;AEVX4JV3C4QR3Y3V3RJXQ2WZAR4Q;Srujan kumar
1960;AEVXGIZBVYUMJBALJWOCBUI525MQ;Minni Shikha
1961;AEVYKVKVPEDFXLD5ZL2C4PYUPVUQ;Shubham kushwah
1962;AEVYMGVYSOXKLLJGQNUBA63NQXOQ;Rama kishore
1963;AEVYQ5XCKNYAC4L27BDFVMWT6TCQ;Abhineet Chandra
1964;AEVZ5C4WDFLWANNAZDB3Q33OK6JQ;Mohammad Shadab Mozaffar
1965;AEVZ5IEWI4C37B6QZBJEL5H3BRIQ;AR
1966;AEVZZKWDBY3YYS4AKWTRMY7ILF3Q;Debasish nayak
1967;AEW2EZ75VP3NO4WVJA64BJFBM6QQ;Sheela Chauhan
1968;AEW2N6ZN62QQ5C5RXHU4TSK2EYRA;P Janarthan
1969;AEW2QMVUPCPVEBXBZXT6GXJ7T4CA;vivek vishwakarma
1970;AEW2RGBB7GXPNUGFBMKMK4OKGE7Q;Vishal
1971;AEW2XGFZJOWDL6B4TNN4TZC2TRFA;Vivek kumar
1972;AEW3QDKETJO6JJTGK5JI2ZW2PA3Q;Chandra.g
1973;AEW3UJPJQKE355K4WCWGR5CUM4GQ;Manoj
1974;AEW5PTYK4UHR7B65WM4XTZLBYJZQ;POGU SAIKUMAR
1975;AEW6BC4YLRYKI5OZGG2TFQSVNPCQ;Rippy Mittal
1976;AEW6K4E5A4RUWRFFUDINQE5WWBSQ;Rahul hardaha
1977;AEW6KBDGJEWIOQKAW3FP74GMV6TA;manjunath h
1978;AEW6MM2KKYNQQXXAFQH4YNVRUBMQ;pushpendra kumar
1979;AEW6MNLEJPNDYI52OFUVMB3EDYMA;Shivhari
1980;AEW6PJ6XBMPUHS6XB4JBOQ4RBLMA;megha deshpande
1981;AEW6W7DN3VIG44QTVU52ZBJOFH7A;Raghu HS
1982;AEW6XI52IO3H37U4WJ7TT4MQUIQQ;GISHU
1983;AEW7M23YLNN4FJNU2N6DLN3BAZMA;Darunte S. C.
1984;AEW7WERXDAVF2JFHMPDWI2R6EWLA;Asad
1985;AEWA5TH6PMRZXMFY5MHCIU2MNFHA;The Scarred Man
1986;AEWAZDZZJLQUYVOVGBEUKSLXHQ5A;Omkar dhale
1987;AEWBG5DA5BABI4GNKJHLAY3IOTPA;karthik
1988;AEWBJR5EYL5RCKUPUMG52JU2273A;Ghazanfer Munam
1989;AEWBMDGEZ4X45MQ755DGGWVOA5PQ;AR
1990;AEWC3QIWDPNHJSLVO6MS62ERGB3Q;SUSHANT
1991;AEWCCNZCVTSPJOV3Y5WKHQNKOMFA;Dawood
1992;AEWCPYNJLQRK7UW54HDWPA45R6SA;It's Me Swaraj ...
1993;AEWESDLVWVAOHCLCTFT3NQHY4ABQ;revathireddy
1994;AEWG4B4DLLS74A5D5D2WYKSH4ZNA;Shashi
1995;AEWG5SV4CCM5NUDRMA22BMJDGZVA;Jophin Joseph
1996;AEWGEZVFD5HWJUZME7IDIL6HCVVA;akash sahu
1997;AEWHCRZOB4UBLIBAN2HJSXDEGPBQ;Mehul Pandya
1998;AEWHTLRKEL4VW5AER3AN5FWUWOAQ;Mona
1999;AEWIIDMBKGRGGXGMHUDHSJRSYABQ;Naresh
2000;AEWITOSQKHBLZZOTS5WUBEGE2VOA;Amazon Customer
2001;AEWJA5C73VCGFR4HX5TOUINZ425Q;NIKHIL H SWADAS
2002;AEWL2PAPDGE7BFE4JQNQGAC2OU5Q;Ravi Raj
2003;AEWL5IJ4W6YAUMCDNECFRYNWASCA;Amazon Customer
2004;AEWM6BXJQ76ZA3JH3TEG3ORMEDCA;Murali am
2005;AEWMKIKL7BPEMHC27IUYWYM2T7IQ;SUBH
2006;AEWMPOUFVOFZ3WMJGHLOYQ7VGUJQ;mahaboobali khan
2007;AEWMPPA26KJIWQL2VJLXEGGYGXMA;Ashraf Akhter
2008;AEWMRBC2Q3TOCF3OZ7VTXRKVOTTQ;Abhijeet Singh
2009;AEWMRL2WQK2553OVVG4CKRWSNYHA;Jay Ravasa
2010;AEWN45SDFVQU23BOZRMYOYRAIVNA;Shashank Tirkey
2011;AEWNF4GPHERXGZRJC3TOQRSXCQ2A;ARCHANA SINGH
2012;AEWNTX64SO54FM25O5FQFFWXIM4Q;Huzaifa Bharmal
2013;AEWO5MXEBFN3PMJAXYAUXB4OMBOA;Karma
2014;AEWP2ARX3R62X4MJMBO4JOPOMU7A;Aditya sikarwar
2015;AEWPCJ6MCXV32JXQHYGODOOEIJNA;Partha biswas
2016;AEWQ6I7BKVHK5FWMLUNE7WL225TA;Karan G.
2017;AEWQF6RZYLNE6KZGF7DKK3C7IVGA;Karan Khanna
2018;AEWQXQDOQAMTNRLYVT65ODCFGMLQ;TUSHAR BANSAL
2019;AEWRRSZJ7PFNPLN3PDWMWQJ2UEIA;Diksha Wankhede
2020;AEWSD3QCFYD5ADR56HDWBWULBNQQ;Aditya Biruly
2021;AEWSLNWPA73PVMUGHDJFRBKEAPSQ;divy soni r
2022;AEWU6OTDLIVY6F2UAY2UYYQSGOPQ;Piojeet
2023;AEWUBQURRQIYWSK5SBEOLZJRAP6Q;sundar T
2024;AEWV35IS77VEIX4T7GIMS7WUPLLA;Jagrat
2025;AEWVKFD6YXNBTHT7Q7CPKAPC4MKA;Niraj k.
2026;AEWW4LJOVXD65UKE7QCBCHQZMG7A;Kindle Customer
2027;AEWW4RY2BE6FRKM6CVAJ2Z4ZTR7Q;Chittibabu M
2028;AEWWWALRID3B4CQQK7PMSARCRM7Q;Prathiba R
2029;AEWXS2P3GWY5JZ2B2BZCIXHODFVA;Thakor shaileshkumar mafaji
2030;AEWY6T2UJKGOH2ANGNTSBT6RIE6Q;Rashmi kashyap
2031;AEWYTXQFQRBUHADGAXC4CPPNDBYQ;Nilesh P.
2032;AEWZWQVWEH3665BOU2QPVBRLTTSQ;DEEPAN CHAKRAVARTHI R
2033;AEWZXQYKDB6JJD653R4I3TOIJXHQ;T.Srinivasa rao
2034;AEWZZXQWEU2QSVBCT7AJQ3FXMZWA;Mark
2035;AEX23SMNPHAF7B7TZFQDWKF5ONEA;Bhupendra
2036;AEX2AWDGQSN3Z3FHJPJMDTDHUJFA;Sara
2037;AEX2J4SOFGG5MWTWNQLJ4YJPRO2Q;Nikhil Kumar
2038;AEX3W4D5UHGTLDCIO6KWMSD3QYIA;sagar
2039;AEX3XKLTC3JM3H5X4YEBQFLNFX4A;Sukhwinder Singh Arora
2040;AEX422U2J6S45PAKDJIFJB7WNVLQ;Snigdha Mallik
2041;AEX4AU2AULOQZB35OUHUQ73Q5VIA;Tincy Thomas
2042;AEX4G7GNLVALDJDAZY33RNZ6KIVQ;rohit
2043;AEX4HFC5QP2AAU7LEIIME2NRHOQQ;Pawan K.
2044;AEX4JSF5BMTK2X273FGK4OKW6SAA;Deepak ojha
2045;AEX4YXQCRJ7VNPCMPBWKL52L37JA;Mukesh vaishnav
2046;AEX5CY5H35NM326XYFBKG2NKEY4Q;Komal Mathur
2047;AEX73DBTINDK4QCFTA6LM3TQCWXA;Anant Rao Kandikuppa
2048;AEX7B6KZABJXFXZJRIAGCYLDKM7Q;G MAHABOOB BHASHA
2049;AEX7BFQ7AJA6LRX42T72KUOL5UVA;Abhilasha
2050;AEXABSTGRXVIXYBPMDGZJVRMBKAQ;pankaj
2051;AEXAE6XNUYOTIWU4SAWYRHN3TVZA;Your Bro
2052;AEXAFY7V2ZRZI2GD2J6KDOWBZUBQ;Manoj KNS
2053;AEXAHI5CKWRYPNEQ44TTTRH2P2BA;K RAJESH
2054;AEXBETK57IVYXMVFUBPFFWL2YRYA;Senthil Kumar Natarajan
2055;AEXBFL4AVC5RWOOWW4X5J3RV5MQQ;AMG
2056;AEXCBFSVNHUJQOWGZSE7MC6RBHUQ;Veee
2057;AEXCDW6DBTQ42FQZZ5O4MUVOCWZQ;Samscruthi
2058;AEXCIDSOW3GVBORUKET6SP7RJ2PQ;Krishna Chavan
2059;AEXCQM3FDLX3YL3UJWWUIAIUJT4A;Vishal Sagara Shetty
2060;AEXCQMYUSJFK3Z4POJQTN7YOHRVQ;Sudhir Kumar saxena
2061;AEXDJ6HWMOC6SRGLWALYYHWKXDIQ;Kiranmai
2062;AEXEH7MY5BLDF6JHEMFGCJFI7GAQ;Amazon Customer
2063;AEXELC7IXD4IBM7P4BQNFF5PENSA;Amazon Customer
2064;AEXFEVEJ7L7LN3Q2JBWZQZ3YHUEA;Amazon Customer
2065;AEXFWMXY2NPLRI3QKEROSZZJWUAA;Mohammed Rameezuddin
2066;AEXGNEQORPZO3LRAOYSYY2YEKINA;SHUVADIP MUKHERJEE
2067;AEXIFRBO4546MRMJHYKE2AH26VCQ;Sridhar
2068;AEXIJCTRTURULROTIL72CGUX3K4A;Shailendra Pradhan
2069;AEXIMD2ECDFFF6J2U7TZ5IXA2GSQ;Buyer (Name protected)
2070;AEXIQRY2ZR6B6GRHEYZEMLUEUAQA;VINAY
2071;AEXIV3RFI5NFISHPIOIRBFCEMKUQ;Rahul Singh
2072;AEXK37TSBFHSP2TYE63YPKETWQ7Q;Sunil Funde
2073;AEXK3LPRGQWVMCIQZGHHJUBHHAZA;SEKAR
2074;AEXK4GFZSUC45HV5ZMD6ZSF2CK2Q;Praveen S
2075;AEXK5CI44U7BRRUHLFNCWA5DIZGQ;Manju Sharma
2076;AEXKMEVDTMU6TP5NMM6O242XCWHA;Partha S.
2077;AEXM7ZELXVFNAKRTVDJ5RAK42KRQ;Sam
2078;AEXMSOQXFSGNINYXVTPXWF6LNSOQ;Sauron
2079;AEXNDM5WOVFGYVZEG5WIZCIJVN6Q;Harendra Nath Baidya
2080;AEXNZJKAL3YMVOOAUSE3BZFP4JPQ;vinod thonti
2081;AEXQ4SRRBRCQ6ZBY2R2Y3FP7YCFA;Yatindra A.
2082;AEXQDRMTF5ZQUUSHS7BCNNYOKRQQ;Rudra Pratap Singh
2083;AEXRBZRUCAA7B3P4I2W344GKKEKQ;Pravin
2084;AEXRM3SMHD5HJC5BMNDNQSEMGLYA;Amazon Customer
2085;AEXRU5ZQWDY2IGNVAFOF4UJQ6JQQ;Amazon Customer
2086;AEXTLIQ6EDAE75U7KIBPPOXBQXEQ;DILIP KUMAR VERMA
2087;AEXTOEU4ZA4IBYRZ2IBBPQWISYQQ;SWAROOP
2088;AEXU4Y3XLSP7AIYF33J3A7YN6O6Q;kajal Kiran
2089;AEXUB3TKS66IKTFNZZYLP4CJ2IZQ;vishwanath pratap yadav
2090;AEXVKGPHYLNTVNLQTB56KSFVNQ5Q;Sri
2091;AEXW3VTOJOMHJUJV5ZQILFLJYNQQ;Bhupendra
2092;AEXWB6LUEUJLRUE35I3A7PQFO3AA;syed masroor ahmed
2093;AEXWFIXSKJG3JJO56XGKHSMF3VAQ;K J Sudarshan
2094;AEXWFPDY7TBIL3CFRZO5BEHA76IA;PERIASAMY
2095;AEXXGJ2SYJPB5NKCDX67RWMIXR3A;AmazonCustomer
2096;AEXXGQOF7CTRUY5RYCD5RLB73BWQ;RAJ ROY.
2097;AEXY2DXZGQDEPR5TBDGEHYB5BFQQ;Chandrajeet rav
2098;AEXZDEFVFQ3LW6DKHRGXLPWF63DQ;mohd irfan
2099;AEY34MNYOS24F3P7Q3IGMQVH3ZUA;Jana
2100;AEY3BCCYNITGIMQHCNTZIYDPA77Q;Zinal Bhatt
2101;AEY3K25JLSHVO6HLN6ADH62FJXMQ;srikar
2102;AEY3S4MECAO4HYQZYG4CTY7EQAOA;P Santhosh Kumar
2103;AEY3XQ3NAOS4ZK53VDEVWJ72UYMA;Clifford Francis
2104;AEY4DSGBLEDYOHJTHH4VKWLS777Q;S
2105;AEY5PQYPSQDGMJCPRPSLJKFM6ELA;Shankar Raman
2106;AEY6PEMQ7DII44WSUSC67JEWDE3A;Tabassum
2107;AEY6TYWTFILWUXH5SPW2EUMOLBNA;Mom Malakar
2108;AEY7GHROFM3MCCHU6VOU5GAUQNCQ;Amazon_Customer DN
2109;AEY7NLLYHRUBHDIAFPM4O6PALCSQ;Mustafa
2110;AEY7ZU2T6RLK6AL3INXMZP4VGQCA;Aniket Dhuri
2111;AEYA5Z6OAFIGPU5MHDGOJRJFWIBA;Divya Seshan
2112;AEYA6LQE25O2P6C7XV62XM3YV2EQ;Ganesh Inguva
2113;AEYADIPLPA2P6QH53K5OLKRQS4MA;Rathin Chopra
2114;AEYBIV3UZ3VQECGKV6QRO7PLR2EA;Kani
2115;AEYBOFCIILSYQPBIFKTK3O4ULXHA;Dr Ershad
2116;AEYCQ3TR2DE6XHPGHBNF5EW6KUDQ;Vijay Shanker
2117;AEYD4WEMX25FXS64S3D5Q75JBGJQ;Suresh Kumar Jena
2118;AEYD5HVYAJ23CR6PTWOOIKUOIDHA;Aditya Gupta
2119;AEYDEYJFLGKSXPU2IT7RMFTPMPIA;Chandana K
2120;AEYDG3MS53N2AXAG22CIKKLZ3H7A;Nikhil Upadhyay
2121;AEYDGBWST4L35NTPWB2CS4IRZDVQ;Megha
2122;AEYE6GBRAGTNWEYKWB7FR7N6TDXA;SURAJ VERMA
2123;AEYEAXP3BZLJKEWT5IPHCOH2KTXA;Sai Praveen
2124;AEYEJ5KQ2Z6WE3OQBH6AB5DMFPSQ;Tauheed Ahmed
2125;AEYEP4VP7QLCIKLCDTCLPP74N6ZQ;VIJAYAKUMAR
2126;AEYESC4XEIJ23NANPR3BK2GGXS2A;Ashish kumar
2127;AEYFBVNWXJABK36ZPTY3MBNKB2SQ;Suresh
2128;AEYFNPLTZR5IH76CUH54YVZX2QNQ;AK D.
2129;AEYG24SMQANBEU3UKLVWZEYOPW3A;Bharat Pansare
2130;AEYGIH4DOWVSDCW5NMBO5B66JC5A;Shibendra
2131;AEYH6IVYMLPHU62VNOKKM2KTOIIA;Kiran K.
2132;AEYHTCWWZYU3JQBU6SLNFFT3OMVQ;Shiva
2133;AEYIR4EXCJIMOQZ4VP3SR5JLBYFA;Amazon Customer
2134;AEYISFG3PXSZTUJS67PADHKW55NQ;Roy Tom
2135;AEYIVONPYGGVCE7K4Y3PNQPKVHSQ;SujayZ™️☑️
2136;AEYIX2KJOD6M2ELCQRD2AQATBBKQ;Sekhar Kommuri
2137;AEYIYXI67FZ3H57OBTA2BGZBGTHQ;Pradeep
2138;AEYJ3DHU5M5R322RG6PCYUWWCXDA;Ankita
2139;AEYJ5I6JZZPOJB6MGWRQOHRQLPSQ;Rishav Gossain
2140;AEYJBPPJPJY3GLI7RFGSRG2WMKPQ;Badru sarkar
2141;AEYJEPMQRPIGOQK7HFIX5BEYON5Q;Muthu V
2142;AEYJQQMMMEZZQ2D7WGG2KJG7EUJA;Jaseyfiroz
2143;AEYK3URMJKPW7BVYYOM62ZM7VGCQ;Govindan
2144;AEYKETLWPT5Z6X2DVORJ76G2E23Q;Anshuma
2145;AEYL5JRPDTHDBIPN3ZSYS3ZLEK2Q;Prathiba
2146;AEYLB6L333GKGCRGR5N6NDB335TQ;App
2147;AEYMIOYCCMY52ONMPWEMCFKTAP7Q;Aman Setia
2148;AEYMLF2UAU4DY2LCCDIDPFEIAAAA;monyag
2149;AEYMOGP2CYRKYZ7TIDNLGR5QPZ4Q;Adv. Manish kotwani
2150;AEYMSQGEOI3PJTI3DKWC2ANWVIMA;Aryan S.
2151;AEYMUCM7BPOU5UZ3M4KXIDZUZHHA;Pankaj Pal
2152;AEYPS7OXOCZW6EHN3CGLBMES2IEQ;rameezraj
2153;AEYPXM7M4FENXD3QMAU2DHWJQSMA;Akash Tyagi
2154;AEYPXWWAKKOQEX2Z6HKEVFCYZ4EA;Arun
2155;AEYQETW4Z4P4AT5KURWYCVXIV6QA;Irfan Hussain
2156;AEYREUEKXGYJ52TGYDI3BEH44BTQ;Surendra
2157;AEYRRD5MDFEO4UXUUKZ4HYJIWCXA;Abhishek C
2158;AEYTPTAYCRD42I77UZFV7KVD4GGA;Alex
2159;AEYTSGFWZ4ZRHMCUB3CPKEWFHMEA;Yogendra B.
2160;AEYU436CG3CVTGML3U4BQLM24X7A;K.R.Kotian
2161;AEYUOB6DIP2L2UJDHWMN3TIFU2CQ;Cartik N
2162;AEYVEEU5L6MIQNKW4FGQCANJ6IIQ;Dr. Shahid Jibran
2163;AEYXCHSBU6NC4ZKH4OOFYZZTQJFA;Viswanathan
2164;AEYY4VXTPNYVKYAOEBWGAWONPIDA;Adnan
2165;AEYY76T7GEFE75ZEMXWPKW5H3LEQ;Tejas
2166;AEYYA6E4ING5KL43ZEGPYXKBDSBQ;Sourav Basu
2167;AEYYJ5PIFRCXNHS2EJPMJUGTDEZQ;Ritvik
2168;AEYYS445R5U3OMTCXTPFPPYIOC3A;deepika chaturvedi
2169;AEYYU3KIHUOI2TXTTMFGIGSO7Q6A;Dilip
2170;AEYZCUH5LC6COZ4TRHKSYZO3ROKA;Gyanesh Savita
2171;AEYZIV7VQ5N4JLPNJBE2H5R4FX4A;Suman Gurung
2172;AEZ25F4GGF4YOFE6XLJ2SN6TNRGQ;Amazon Customer
2173;AEZ2UVTU6QGVMCNZVF23LFFHQGEQ;Deepa
2174;AEZ346GX3HJ4O4XNRPHCNHXQURMQ;Placeholder
2175;AEZ35PT3M6ROXRMLILOSFP375TLA;Vajrapu lakshmy taruwn
2176;AEZ3L5FPOTNXXQQKXUFH4PMJMXSA;Kannan
2177;AEZ3OTGG6TXB5HGKYC3OIELYECPA;Kushagra S.
2178;AEZ4XP6EQ5UIJF5YHBGJ3EPP4MOA;Jatin Sawhney
2179;AEZ56Q4ETISVJMCTD6W2Z672HIPA;priyanka singh
2180;AEZ5ML7WBTQQFSTJQVN5VVYDE5BA;Abhay arjariya
2181;AEZ6S3BMNXVG7NBZC6KJRY4K2IHQ;somya vishnoi
2182;AEZB53KJUQPIRSWWZ2SUY6RRAQBQ;Ritu
2183;AEZBJMTSQQ7IGWYTZDUQ24KXSFWA;Soumayan Chakraborty
2184;AEZBNCSYGMQVNS743EVV5JXF47KQ;Amazon Customer
2185;AEZCPNPTW4BIFN7P2QFA3ML4ZKUQ;Adhikundhan
2186;AEZD2VA4YOHTVUTQDMYQJPI4JGBA;Avinash
2187;AEZDBVRL3E3S2Q2C7LEY3TTQVVFA;PARVEJ MALLICK
2188;AEZDGTRN2Q3JLDVYEKMS6V4GQQSA;Ansh Sahu
2189;AEZDOXSJW5A65GIYXQSDYBWNVTCQ;Krishna upadhyay
2190;AEZDPO2SL7ZV6NDT4S5BGU3YO4IQ;Rolling Stones
2191;AEZEXVSVIXMOTKZXT4BD2BIIUI7Q;Amazon Customer
2192;AEZFDGHBWLHUXOLDPVNS3UERDNSQ;NITIN
2193;AEZGE3UVG5QEZDOBW4DDF2RXCSAQ;shraddha shetty
2194;AEZGTPDU5BSCNFPNTFRPZEHHKKUA;Aakash T.
2195;AEZGVKB6YZLTQQTT356NGQIXBMCA;Praduman Singh
2196;AEZH7UN4SKV7VKJ3NYH7D7CBHA4A;shiv
2197;AEZHGBDTPEAIDEC4HF753JL7NDNQ;Jeet Jangam
2198;AEZHMBIKCX4X5OCDNP4T24I6ZLHA;shankar majumdar
2199;AEZIOFC5L34FZZOMGKEHXHLG6KQA;Jemiba Lawrence
2200;AEZJ7W36ANQVE7DVQAVPDAMMK65Q;Shiva ji gupta
2201;AEZJUJQB64NT76P5L7G2ESI3636A;Prajwal Shetty
2202;AEZKAOXLKYZBBTZ6MEL33LAY2O5Q;Sidharrtha Jain
2203;AEZKRUEG7M7P4JGJEVHMWZ3MGFPA;T-y
2204;AEZLG2GOZ4US63MFG3TTGRIOWQVQ;YOGESH
2205;AEZLJ6HCUWVZCDN2QPW4AE7HGRJQ;Afreen
2206;AEZLUYRORWZXFHOSF2KN4GKOOATQ;Princedarji
2207;AEZNF3N52DQTHYBJ6ZKUG7UWXDIA;SANCHIT BHATIA
2208;AEZNI2AOOQKK3JT2BBLMNAPNYJCQ;Manish Yadav
2209;AEZOCEHWCXQRBNLIQCNEC43TNMGQ;SANJAY PATEL
2210;AEZOPOL7EG3CNIYHEUOIFRNNEDUA;Asha kumari
2211;AEZPAJHK366QB5JCBQNS26MJHZKQ;Prakash
2212;AEZPN2FXQGKONKQKDSREETOWTLGQ;Q
2213;AEZPNXZLF5U7XEX6TOW3J56C3XDA;Amita
2214;AEZPOZQEEBFFXZ2EQUYJI4VIQILA;Biswajit Kundu
2215;AEZQECWFG4XZQBBXN7EBJVDWLMWQ;Aashish
2216;AEZQUPHUINOCTERMXT3HOTVPLYGQ;S.S.Sohi
2217;AEZR42M5D6YTRJ732HWXBM5YEGKQ;suresh gaur
2218;AEZRH2UWC5CQXUVLFUEAYAPXDFGQ;Hariom Mishra
2219;AEZRHWLY6RHJXAXMNX3JRNQTYDRA;Istkar Ali
2220;AEZRJAZOI4QT6FMFJMPVMZEEBGIA;rohit
2221;AEZRQDYOBPGOJXGYBF76TP4PVIUQ;Atul Anand
2222;AEZSW3HIRJ2OUNDQHDJEB7NMGUWQ;SVP
2223;AEZTQHAUCPBSKVZ3RAZ7E52E4JWQ;K.Sudhaakar Reddy
2224;AEZTUFS2XNNKJ5ZCNRLE5JWWI4PQ;Placeholder
2225;AEZTXYO6KQGB5TJF4C2QF4Q337ZQ;Neha
2226;AEZTZPXHRSWDF5D35QHDQE7QJJCA;Tomi breeze
2227;AEZU34OVX32S5PX6DXWUACRG2ROA;Anand Kumar Singh
2228;AEZUK5C5IY67OZ35JX7BP2WBG6JA;sudesh h.
2229;AEZVJENT2FC3K3MKMIB4ZXDWNDPA;p k kishen pejathaya
2230;AEZVK7KOH6QDSNG6ZX6VKI3AC4VQ;Shivam biswas
2231;AEZVKCBQBC3W5IQIFD4ZFTL6IFAQ;Kindle Customer
2232;AEZVOCIG5UB5RYBT7P35LXEYGNUA;Suryaranjan S.
2233;AEZVTURO3RCW36HWUQCQOZNUVTUA;Deepa rastogi
2234;AEZVWJFOSHCPWTVTIC7FYUU3YRVQ;T . S. SOMASUNDARAM
2235;AEZW37RE5IIP2MCYW7NCWO3CTJCA;Jaikrit
2236;AEZW6T6MCZ36RCAVWYLROTAAACCQ;Amazon Customer
2237;AEZWAAKKFCXMULYUT7J5ZD3RGU5A;Ramaan Singh
2238;AEZWBVOWAZGCLKUNZXNBRCMWR2TQ;Jemin
2239;AEZWHWXROPZON2GRB234DUWXQTHQ;Akhil
2240;AEZX46Y3IHTKWR3QYFI34XQKFJ6Q;Santosh Bakare
2241;AEZX7AZEVOCXCPQVIFTY7UN6R4RA;Amazon Customer
2242;AEZYF4ZZU6FH47ONFQ4ABO7TAYAQ;Hitesh Jangra
2243;AEZYNEENP5XHNOPLJJETULXZCA3A;JAYANTH
2244;AEZYTNF5ZWY4QEOAAJBW4HLB2U6Q;Nitin Agarwal
2245;AEZYVA7F52G2DCIUPCDUKGNHJ6LA;Gajanan Hirde
2246;AEZZ4FRTICGTE5ELNL2IAZYRH3QQ;Suman Sharma
2247;AEZZW5Z3LUJUY5RPYIDDTT64QVQA;Bhabagrahi Panda
2248;AF22S3IGZ42YVFNOUDYNCLY4PPQA;Rathod Ganesh.
2249;AF23F2BUJEUNAGZDIOQJKUYF6LAQ;C.M. Dhananjayan
2250;AF23GXF525XSMXPJBEHP4SPKOZNQ;Arbind Kumar
2251;AF23H6B4AVCBUT7K2UMY47BTZ3HQ;Subrat patel
2252;AF23KL3IJO4DTXNR7B6VYLGMPPOA;Rajesh kumar
2253;AF23N54DJK4PDU75O4EWJD5GHV7A;Aftab mulani
2254;AF23NVMNXHKORCJCQPGAW6PSXMPA;Juhi sharma
2255;AF23WB7B2XKLYCA3KXEGKSBWYKOA;NILESH
2256;AF2544C4RGIBQX7Y4JMKMSMXMRRQ;Tarun Gupta
2257;AF25ESIE2VTCJ5TAKLIJSBHE7TXQ;SUBHENDU KUMAR PATTNAIK
2258;AF25RSBVLDMIXQZLIJSBVHHU7HJQ;thirumaran
2259;AF265F7UPZDF6O6JA5OZNC4BMURQ;Sudarshan Singh Rawat
2260;AF276RVUYCN7YJGIRUR2HDODWF7A;Harsh pandit
2261;AF27PDSYD6M3T6GI6X3VMQXOGUUA;Priyanka Deshmukh
2262;AF2AASVYVSROFD7FXA6EFDS6N2LA;Dr Sunilkumar H
2263;AF2BZP4VGYYRYIHU2HKLQUSH4ETQ;Dilip ku Choudhury
2264;AF2C67JL7AXARCQIW5JJGKTMIWQQ;Mohammed Saleem
2265;AF2CSPPKO2SSBDRBRGHC45BWIELQ;devadas
2266;AF2CSU2H5EC6MVKB3PWJPY7EITYA;Rahul Nandwana
2267;AF2CV2NIYSCEV4XH4K6AHNDAJL7A;Amazon Customer
2268;AF2CYQ4QUO4JYJDIRRB5R3YZHYCA;Dhruv Shah
2269;AF2DOUVTY5LHTVWGGVE6YHW5KEGA;Meenakshi jasrotia
2270;AF2DRT4YNZ7JK3TM7IYG7T7GWCAQ;ANKIT VERMA
2271;AF2EHSXFZWWS2YEN22DV2ZCJDZZA;Mwnzil brahma
2272;AF2ESYW7THWXOTQLOYLOR24YMU7A;Vipul Gupta
2273;AF2EXNHBVW22JUI2M3SOSBOLFKTA;VASIM PINJARI
2274;AF2EZXMEBWRQJLUWM24ANJCE37UQ;Gopal Bumtariya
2275;AF2FJFSVMDNTOTK5VXW324KCENIQ;Raju Thakur
2276;AF2FWVZPG6WMO4ERTECABX7BLUGQ;Sivakrishna
2277;AF2G7CBWXGVMQKYJDB63DFT5YU3Q;Sakshi gupta
2278;AF2GCLO5T7RRFOW2NCDF2POWFGLQ;Anumod
2279;AF2GDZL7TSXL4TIODN72IU3MWGMQ;Shiva sai
2280;AF2GJR4HSNPC5E7MMHUMDK5QR4PA;Manish Liya
2281;AF2GX6LD7IUTQ5V4S3VZ2LMZMAJQ;AMBADAS
2282;AF2GY2M5UI7P6K2JHL5C6NOTQ6MA;PrItHvI KrIsH
2283;AF2H7SUW3MQY6BK7UCPQQIEGRMTQ;kamal
2284;AF2HQ5JLJRRWV5B6ESXAA4NBMTRQ;Ram Sarikh
2285;AF2I6FEF7CCDHSXJQCMHRDLEV4UA;Amazon Customer
2286;AF2IITAFGAYGRB5HXE2INA4YXL5Q;Amazon Customer
2287;AF2IRSQZKMBGX44YDNUPYRHWXOZQ;Wraith
2288;AF2IWKFSVGHOYJKFBTMNDELPVFVQ;Akash Saini
2289;AF2JJYV2AX7CVSWYMLNZGFVHPLZA;Lakshmi d.
2290;AF2JQCLSCY3QJATWUNNHUSVUPNQQ;Shubham Dubey
2291;AF2JRH2ISLR6MYBFP37T3NWBIMHQ;Mohanram Baskaran
2292;AF2JRVSNIBOLEQ7JJAMEDYI6KFNA;Amazon Customer
2293;AF2JWX6HVNTE6TFYX3K3OP7G67OQ;Abdul Samad Khan
2294;AF2K32KCDE5FG35MDRCWU35PBIKA;Karthikeyan
2295;AF2KW5BVHOC5TMH3ZBVCRSG4CCBA;matthew thomas
2296;AF2L335C5YSJANG7RGOAGSFB6J3A;Raksha Ghutke
2297;AF2L4MCRCIDOOREQJN7QPQ4QBZCA;Rakesh
2298;AF2LCFC5G6OATXBE73BMIXC5PNHA;Krunal Patel
2299;AF2LCSDV3YQRDO3B3ZTEEFLFNLLQ;Ashok kumar
2300;AF2LFKOEV2AUJ6QNTNCZBGNSPFXA;Ashutosh
2301;AF2LJJNMXJZHEEWT4GCNWPSLFPIA;Prateek Sunal
2302;AF2NMGMO6GOFFYU3TYVZYX6KU25Q;ARITRA MAJUMDER
2303;AF2NVFDYXGX2BT7EPAUN7WYN3TDQ;Gyan Dixit
2304;AF2NZ4L5OXBCMZZ742VSQGWU2F3A;Yadav
2305;AF2OFWJDSCJNZ4QFIX7VUUCHPURA;Sayma Sheikh
2306;AF2OOHAIFJV65X44LFLRPUNYNXJA;Atharva kambale
2307;AF2PEMNSWZSUIHRAPJGOPJ7GAF6A;Minhaj Mohd
2308;AF2Q3F4YLX6JJEJLMWJCWIRITPWQ;Syed Ahmed
2309;AF2QBWT5Z74JZHE3S77CUOB27DAA;Aishwarya
2310;AF2QTRAXJNM6RNHLGYYPDJ32KOOQ;Shadab khan
2311;AF2RABP57DKRSINAD3R2DKITOV7Q;Jayanta
2312;AF2UJQYDINULS75GB476GZ3F5HKA;Vibhor
2313;AF2V6W7LKARBMZQLFL44AY6KYOCA;P Imran Khan
2314;AF2WVFRQZPM6MC653VXOF46XYNSA;Reshma Sagar
2315;AF2XIRDLVIWFTUBDJMEWJOLB76OA;Anirban M.
2316;AF2XP36RNYHP6ECLKWEGNJMPIMWQ;Guruprasad Shejwal
2317;AF2XXVO7JUBUVAOBTJ3MNH4DGUFQ;Deepaak Singh
2318;AF2Y3I2R34UUCFXU4B2SBYXIRIFQ;Rashmi Gupta
2319;AF2Y52M3AQ36TZ7VAMA5W3KB74JQ;Nagoju Raghu kumar
2320;AF2Y6OLJTC5NXEHBTQINTOFXPV3A;vijendra Kumar
2321;AF2YGWDQLV72RCMMOSU2FVQCMVTQ;uday
2322;AF2ZFMLJS4UBCGZO4FMJTEPP6MHA;Nishikant
2323;AF2ZSXZS5476YN4AMMKPGHYPSUNA;nikitha.m bangre
2324;AF333KSWESUJI6F56KHX6T6PKBIA;praveen
2325;AF33ARIIERSZ4KGYWLBGIJO3PUQA;PREMAL H. SHAH
2326;AF33L2INL2ERR46KPNMQ6R5BRYXQ;chetna
2327;AF33NXAARAF2D6VUOBSIWL5CV5MA;Abhiram Ganesh
2328;AF34BSUCKPG3GK6ZXXDGJ7VMWZCQ;Dr. N.
2329;AF34EG2TFEJSS6JCF6KVYXWFVKMQ;shinde Exports
2330;AF34LKGQ5JFWGMS3TVAZMUKQCO4A;Ritesh Mehta
2331;AF34O4J6KAXDARBDMH2WQ3K6RVNA;sunny
2332;AF34WPWTTDCKLYAOTG56T2KNCBRQ;Heavenly stuff
2333;AF352RMPRSK6QENB33BZNV3DYI6A;Radha Senthilkumar
2334;AF355FTXYAKFH5NYPRTE7SL3WO3Q;Aditya Kumar
2335;AF35OXRSRJ335IGMNW5FYCJDLHOA;Amazon Customer
2336;AF35WMTKE2Q2F5DQEVAGC5VDLAYA;Saima
2337;AF367Z63Q7PILESRPHP7QHMMT2QQ;goutham
2338;AF36AG5NBJM77D5PW7A3Q3SNKNOQ;jeevan prakash
2339;AF36F2CYTEDAZ7XUT5FIVJV5WIFQ;JAWAGAR T
2340;AF36YUJUEUU3SA42PFAULM2F5RYA;Vipan Agnihotri
2341;AF36ZMROXP35IOQKSQ6BK4FEPNAQ;Dr. Pranab
2342;AF3776HZNNRKUL4UWNIVU4Z6ZVZQ;Amazon Customer
2343;AF37SWB5BJAXD6F2Q74M6HJIHADA;Gopinathan
2344;AF37X7ZH7JPA6H5Q64NV6QFIBCYA;Customer
2345;AF3B47EOSBULYG63EGZZZGO6HTNA;Nargis Sultana
2346;AF3B6IE43CRY3EPVX6IXI2L453KQ;Geeta
2347;AF3C2ZU2DQCZ6VXFRECIHFFYMZKA;Tanuj Tiwari
2348;AF3COUSTM5YZSV3S6KASMJ6NC3JA;Rajet Sutradhar
2349;AF3CWTDKJKG76CDV3IL6X72ZC6EA;Sunny Tanna
2350;AF3CZ6OL3AA35DQULP6J2TCEOJOQ;Jose v j
2351;AF3CZBMZFMU3N4DAM27ZJR3QVTSQ;rohit bibwe
2352;AF3D6X5NQWOBOEVVH2Y37N55AKZQ;SP
2353;AF3DB2GLX5C4YCCPB7CJYRQPANTQ;saikumar venkatesham dusa
2354;AF3DKAW7MUAW6MB7HC4YEPY6IN3Q;Kindle Customer
2355;AF3DTQ5WLDISMZLEORWHXTLHV3NQ;shradha
2356;AF3EF5QQOHLKBPEKFANXBCUG5NPA;Shubham gandhi
2357;AF3FG4DF4LJXC26OKQ7OCTTV76CQ;Amazon Customer
2358;AF3FQ4SRTJYSEHJJW2UP5WM3LRSA;Pri
2359;AF3FRLNJCF23ANLTKX2GRWHJXGDQ;Avinash Bapat
2360;AF3G3VBMX7MF3ZNHNO4C737BYZVA;Alap ND
2361;AF3GETWWBGMLASY2KKNNBS2VO6DQ;Anirban B.
2362;AF3GJDKWGWNKAWFJPJWX5GB75VHQ;Div j
2363;AF3HHR5VANS5ZX2IATPSOZDFEP7A;Maxrock89
2364;AF3HP3UHZSWRRIORS4HTBUPFA2ZA;K PAVANKUMAR
2365;AF3I4EPZQIK3OVITINOGTUMCWQ7A;Prabakaran V
2366;AF3IECP2JCTQZRF55RNIHBLIVL2A;Jainit mukeshbhai Chauhan
2367;AF3IH3T2BPU4MB3U34MNSKQRHJ4Q;Parminder
2368;AF3IVRFFILSUOKAXKRZBFBDRF7MQ;Archana
2369;AF3IXM2LI57OSMIOBF55GYWRIYKA;giribabu
2370;AF3JE3MHGVCOATHASUTMN3VGF3UQ;Ranjitha Parida
2371;AF3JF6J5KVUCB7KOGLU6Z3OE4O6A;SHIVA PALTHI
2372;AF3K2H5T4WJA34CWHVX5GP7UR5BA;Ashfaq Ahmed
2373;AF3KBDP4KUQBIEPOHOD4CTE355DQ;Santos
2374;AF3KXMJ35ELNULRGLJMSPONWTBLQ;Wasim Mulla
2375;AF3KZ34MBMMSO6QXOKYPGYB7H3NA;V. T.
2376;AF3LTXGROTRPTNO747RCWCTEONUQ;Rishikesh
2377;AF3MKLAVO72PML63OAC3KF7F5L3Q;Sekhar Reddy
2378;AF3N7NRJHQ6Z5XZXU4HXESU2YXGA;Dhruv Shah
2379;AF3NRKQTW5FWJ44LYUHVL6EZ5HIQ;shohrav
2380;AF3O2DRWWLEEYZOWDPONHNCYOYCA;Lallan T.
2381;AF3O4UMEWVEAG2555RB7QRZJ3V3Q;Prashant
2382;AF3OBVMLY5I6X3IFX2DKIFEYMGNA;Shriniwas Patil
2383;AF3P7GAMRCSCUNVGINN76GPSEFFA;Nidhin Nair
2384;AF3Q3H3ST2EQI2CBI5V2AZFGETRQ;Ankit
2385;AF3QHAZ5V36AO5PE6AQGFZZSDCCQ;Swamy
2386;AF3QTFMFYOCXB5AQRGCPFGYLOXEA;Laxmi
2387;AF3RAGM4J65OMFTJPKIZ5EZSKDNQ;Naveen Sharma
2388;AF3SATPW2CO22VDANST5ZFMQ2I3Q;Sanjay A.
2389;AF3SNGFXLO2ONOHN3SHCJZMEWYFQ;Sarasij Pal
2390;AF3ST42POCJQZNBDQENBSIJFNH6Q;John Raj
2391;AF3T7GA6HBAC7MHVNY3RBAHOEXJQ;Amazon Customer
2392;AF3TCDSYBVZRSHE2MU3NV74C7YPA;Pamu
2393;AF3TVTF3FVMHGLCA2QB2GTUTCUIQ;Rampratap singh
2394;AF3U4PQTRSBX3JB6NUI4Q652IE4Q;Sujal Negi
2395;AF3USN76IP5JHXKWGCXZ4JL5FWTQ;aditya
2396;AF3VFLFIMQBQ33R3XIVUEAEERSHA;SM
2397;AF3VI65IPCL746N6XDAW4FYVH7CA;Suryakanth raju
2398;AF3VOU2M55QKFJVDQDNOWKFKOBCA;Hari Kiran M
2399;AF3W6A57ELBWQAPFYDKAHJFQY2BQ;NB
2400;AF3WE2A3BJW3ZK2XTUU7GTQ5P2IA;dasprathap
2401;AF3WLQXJTT5YXIF6LDRDNEQSLSWQ;Sujay
2402;AF3WQWGNYVESH32NWB4I25WPG3SA;Kiran Nelakuditi
2403;AF3WRE2HEDELD4RT5IV3W3OUIAPA;Nishant R.
2404;AF3X5JX4FUQRCMHTMKZUDHWJ7B4A;Keerthy
2405;AF3X5V6QWE5IUSPU5AHGCLIYQMAA;Lathavenugopal
2406;AF3XCKUXNVV4TXZRHMFCHOP4A3OQ;Yogesh
2407;AF3XMPDSQQDSRN2PG5NGPECLPRDQ;Ashish s.
2408;AF3XNLNL4NT6ZSZUXYXARJAWYFPQ;Sameer
2409;AF3XSVAYCEHUJFKDS6H5ES4FYDFQ;Hardik
2410;AF3XUWT2436N7RHNRA7RNALJB74Q;Amazon Customer
2411;AF3YLRSNTFBT3D5CVTFYEMZXEOVQ;Vishal P.
2412;AF3ZXSDNA4OBYAYA7DKTZ6QOZOZQ;Bal singh
2413;AF42E36WI766TJEIU3A43B5SKHDA;jagadish
2414;AF42EMTPEJAL4LNEPPX77TN77UHA;pruthvi natraj
2415;AF43RF5XBMHJAMI2FG34NN3L7IIQ;Pooja Sharma
2416;AF43XH2JF4FSNTEDGKDV45XU3YKA;thegoofyblock
2417;AF43XSTGWBWDM3ZV7RRKWMAHPVCQ;Gaurav Bhatt
2418;AF45WMWXMOPN3ELUJ2H2N63JWKGA;Ranjit Harchekar
2419;AF46JR3IL4FMLAHLNGPOCTPWWO4A;santosh ladkekar
2420;AF46TGPPTX6KI5LAMPWQUT2FWGAA;manmeet gupta
2421;AF476TMP4LI7EBRKEYTFE33CHLLA;Sohail Quazi
2422;AF477BP57JM7Z4JD4PYB2K33R6AQ;Placeholder
2423;AF4AGIM7KGBGDENVGGMTJHGXXN6Q;Raghu R.
2424;AF4AWOIIGQUD4IZ6QNWXVHL6OKTQ;Anand
2425;AF4B327ZIB5IJWIFEVY6BWMB75VA;Sumit
2426;AF4BOWODXP7NVQUEXZ6UTVGLK36Q;Ravali
2427;AF4BWMWZI7TTQY2YTE2HTHRB3NHQ;Deepak Gogia
2428;AF4CMSAMBV4RKGO4LWDE4LY5K2QQ;Arijit Sarkar
2429;AF4DZ5N3WE57SPWX5PHKFIFPZYAQ;Murali Subramanian
2430;AF4ECPZRARF7SK2GDSBPTINVA2CA;Nikhil Bhagat
2431;AF4EXZGWO5Y622TNNQ4LPS6LLG5A;MOHAMMAD KHALID
2432;AF4F4SKVD2UU7ZBJFZNNBK7ORIGA;Jitendra vishwakarma
2433;AF4F7MWCZXPUGRG54DXLB53MOJPA;Anshu gautam
2434;AF4FBOU77LUPQUR7IBGUCBHELUIA;Fatima
2435;AF4FIRN7RPMBEFPQGRYS36ZJWW7Q;sirsa
2436;AF4GBAADHEMI3ZLPBAIZWYWN7GJA;Nirmal
2437;AF4IW4EBDSC5S2XTNUNVHFYUJS7Q;Ronit
2438;AF4JRMMORST2B2X2W6XBRMWNKZ5Q;Santosh Chauhan
2439;AF4K7PLAIOCYLKM6GPRXS43XTQRA;Mohamed ashik
2440;AF4KTTHGNSGQHWC7BH5MSSBCULSQ;Ponnuri Gopie Krishna
2441;AF4KWHA553OSYR5DLLBBDEHHBRJA;Satish
2442;AF4LSZBP7I7DOSKCLX5MZGSR7WJA;Bhavani prasad
2443;AF4LT2MRA6U4IPL63X5ANNO5BLOA;Pawar
2444;AF4MVO4JNFDEPWFKZO62OAJKRIWA;tarun kumar
2445;AF4N3Q6OEXVBSAHPK5NVJRGEZT5Q;SISODIYA NANUBHAI
2446;AF4ND7E7FHRXWLU2TP27B7BIRJBQ;Arun Varma
2447;AF4NZ4IE7EJVM3TNU3EWWNTVVPTA;Swati
2448;AF4O3IAKZFWV4LN6IOTADZX7OCLA;Arun Sharma
2449;AF4O4LUZMCTMSSHA7Q7DJNUIFZZA;Amazon Customer
2450;AF4O7QE5UR2B3SBWJHEG56MP3SCA;Raghu
2451;AF4OIHI7WHGZ2DHTOI7NJPSRD3XA;Sandesh kumar
2452;AF4OLYBDMHJV5DUGONVIH7GU2V7Q;Kewal k.
2453;AF4PRU3C3T6I4MXOKQSUH56QVIHA;Nilesh kerkal
2454;AF4PTAVL6VZB5QTMNHLKUQ3LMZLA;Aliahmed Khan
2455;AF4Q3E66MY4SR7YQZSWBBRU5XQKQ;Danish Parwez
2456;AF4QNWLEXCHDBQ54GFXNI6N72XZQ;Sachin Katyal
2457;AF4QXCB32VC2DVE7O3DGFNQVFFNQ;P P.
2458;AF4R7KKPJVNKJC5D3CWKKX2JZAHQ;Radhe
2459;AF4RZTGOIDIWKKEFQWE3PIURRV2Q;Arijit
2460;AF4T2X4ERS7QGU6JMK3GRNIMH2AQ;Nanki
2461;AF4TCPZK5Q3JFGYV4MBARJLS54PQ;Amazon Customer
2462;AF4TKZNEXBR44GBBFYI6D2I4KKFQ;Shivam Agarwal
2463;AF4TTIEDYAPHWU7WG5UTJM345ZHQ;sandeep saini
2464;AF4U5DZT3ZHTXHRKEL57ZPBZFF2A;anu
2465;AF4VIP5F264O5O2GKFZICPZ52E7Q;Ashray Tyagi
2466;AF4VLR2GRW5ZRKW5QXT6IB6QVLOQ;Val Coutinho
2467;AF4VQ3FUD2OLAGRSLKACCEMSMJCQ;Dipak Sutrdhar
2468;AF4WE2MXXMQUPLKNPGCVP6N3K3FQ;Nishant Mridha
2469;AF4X3QT4KW3DV2HUMQVSOJDISOOQ;Saurabh
2470;AF4XQLEHSE3N5EXHAFITQTURTKUA;Yatharth Patil
2471;AF4YOKQQSLTSO7QHYQUEF4KD4MIA;Prakash
2472;AF4YTGSRB6V6GKOASPKQOXBSV5WQ;Manas Mishra
2473;AF4ZFHPSSQQNBOH2HMEA7ONW5GBA;Hemant
2474;AF4ZKGB6HT37NGYK4C6VZX44NTOA;indhu
2475;AF4ZKPEZDK4MBC74G6DZYE4YPXNA;vishal more
2476;AF4ZVWWNBPL33ZOSUV4OCQBKAMMQ;Preetirawat
2477;AF526AFELIHNPVD5FL7SX5YLF35A;Amazon Customer
2478;AF52BVFW4ASG3V7VPP4S4BZII6DA;Bhasker
2479;AF52JXL4N6RP2E7KY7IRE4IDX5AQ;Dilip
2480;AF52SZE3RZ4OMSOTV2XLI7FOVKMA;Digvijay
2481;AF535RV7I3GDWBJZWB7HOLHYAUFA;Rohan Kumar Gupta
2482;AF537NCMNYM56KBWSILNOUOEI5CA;harshit
2483;AF53E744SCKUPF4AKF4LL3VPKRDQ;RAVI
2484;AF53WDXQTVOHTCIUK5YSGJXGVLSQ;Kartikey Singh
2485;AF546S43YKYCJWRD7WSYO2ITLIYQ;Arun Thottakathu Prasannakumar
2486;AF54QC7SIVQCZ4D2KIEIC4GESBFQ;Jayesh B.
2487;AF56FEP276BYOI3GE7GYBD2GONQQ;SA
2488;AF56KWTGYOCMXLKEJHOSIUZSVZ4A;Jaidev
2489;AF56UQ52OFSZL2KX2TPXPHBSNZ3Q;mukesh bajpai
2490;AF576I7SULY4ATULSJBW7KGAK4VQ;akshay yadav
2491;AF57FEWFICIDRUJYGJ55JQSWIENA;chandani maurya
2492;AF57UETI4YHWNPSAOF2OVMNVV2JQ;Suriya
2493;AF5A6W6BXOFOFEU6XLJDHGTJWWDQ;Balbirsinghpathania
2494;AF5AATC7IJVSDOVSKOGL4KE5M52A;Chirag
2495;AF5AP7DKNQGWL6YX2IWXG7S3CKXQ;Rajasekar M
2496;AF5B3NOBEX5PXWD4SBDB5KE7JP5A;Amazon Customer
2497;AF5B57TLTYLJQ2ZKIKWG7Z3X33UA;arun
2498;AF5BU6DZ446HN4DTCO7W7AWXBJBA;Chandani Dinodia
2499;AF5CFHHUVY7M2WGITP23UH6SJ5UQ;Arti
2500;AF5CIA2LXA75JJFRVWLKGOLKZIHQ;ABC Thiruvananthapuram
2501;AF5DDVYNOENPTAMINHPTVCNWPCZA;Mani
2502;AF5DJAWOTECSDTL7XHVNCEJLFRCA;B.MAGESH KUMAR
2503;AF5E74KNXXYBJVMG7HUYXNRNYY3A;Tanisha bhoir
2504;AF5EHB4Q72MUV3PTDIRKOU6RZJNQ;Pradeep
2505;AF5EHUH4GWB7JZ3PZ53Z2DOYK5WQ;Yash suhagiya
2506;AF5EL6S3V6JDA7HNA6BKXAKBMZMA;Madhuri
2507;AF5EUX755HPX32CSZZYARRK6VSRA;jayesh patel
2508;AF5FBMSRN3DNZ5VA7QO34JVWM3FQ;Dippy
2509;AF5FBSTURBSA7VGB3DPTQVQ6CXOA;Sulabh mathur
2510;AF5GDNAQLJ3SAR4Z2GHHWCJ6PZEA;Ayush P.
2511;AF5GSV6GVHTLGBTN2NIS23BQN7HA;Kayal
2512;AF5H5CZXXSPIJL6A7CRZRJQPMJWQ;Dev agarwal
2513;AF5IDL42LBZCZ7A5YDGM2QFNUHEQ;Mb
2514;AF5IGDDLQ6JNALQVE2QDWW3Y7GFQ;Prince kumar
2515;AF5ILQY4KFDTO5XHHBJ42W5DXCZQ;ROHIT A.
2516;AF5IMXZIJ7WVPW4XMKAEJCJNGVFQ;apoorva
2517;AF5IOS4YT454ICNOPYIIRH4HAHMA;Gulab Sanjeev Kumar
2518;AF5IQBN7EH66YYEVQXIEYZQMDQXQ;kalparaj patil
2519;AF5JPNCVJVCR3EMLVNG3MERJYU3Q;Nikhil Dalvi
2520;AF5JWNCDVWTXOFCICR6IYNOEQENQ;shalem
2521;AF5KBBY2ZAPSPXB6U7B4VLO2VT6A;Jims John
2522;AF5KHBJBXENJYBREN6IA25CAEGWQ;akbaree
2523;AF5KJPHP55XSZUUXSC5OJUBJ5RVA;Dnyanoba Phad
2524;AF5L22PGGUCE6JRZN7Q6CZJMMH5A;SREEJITH R B
2525;AF5LVMOSEJ52KWFQDNEI2XXPAMJA;Karunakar
2526;AF5M3QNBEEXBHH6BOPCHIU7V2WVQ;Amit Chavan
2527;AF5M4O2XSTVJINIWN7PC25HM625A;J P Atre
2528;AF5MN6PWXNKK5XXQPOD3TDRDO2YQ;RoRo
2529;AF5OHXMN4BMFYFBAHRA3KF55LEMQ;Aam Adami for India.
2530;AF5ORZNIXXXLMFXXPZYZLTGPTQAA;Amit Chotrani
2531;AF5PAF6QWH67HHLGCH6LBYQJPPUQ;pragati
2532;AF5SIAJE5YC2OYZFZZXRUTCQI2CQ;Abhisekh
2533;AF5SLHZEFIV3ISEOW2STG3EWYNQQ;Kislay Kishore
2534;AF5TLUDL3JKYZS74QEAMDMPXC3ZQ;Mohammadnaeem Surajwala
2535;AF5UHHQGO6G4D6AJ4QC3HFU7QRAA;msvsmanian
2536;AF5VJGOWRIVRLRYH6OKAJ3GXAC3Q;Badri Prashanth
2537;AF5VMYLEUAE5OBUOA4XYAVE3FJEA;Sourav2348
2538;AF5VUXGXGK7JT2XRO7HGTFDQY5OA;Anand Kadu
2539;AF5W2TAYXQ3FWMTFIEHR6R2NOCKA;Pooja
2540;AF5WOBBT3ODEBTFUCW72L3P57TLQ;Manish B.
2541;AF5WVB3K3SQOW74FF45MMSZ7IT4A;Kali
2542;AF5XD4J2O3Y5AVWNBSHPYLPQXQNA;Ilavarasi
2543;AF5XVR5OXJ67BJZGIOYFMQDQIGGQ;Amazon Customer
2544;AF5XYEIQYYW2O3NPIGGGE22ZQDSQ;Nilesh Chavhan
2545;AF5YAAI52AMX6HOPQF2J3SOJESLA;Vaishnavi Khedekar
2546;AF5YTGKUGQPPKFKV7FI2WPBEB3FQ;Amisha Nath
2547;AF5ZRMB3EOZXTXOOBVEVJTGZ2XFA;Adnan Malik
2548;AF62IKENODH7IRC3TVNOMP4PN2NQ;Anupma Goswami
2549;AF62LB4BMTMNZXCHTSXSEKCXZFLQ;Rakesh kumar
2550;AF63ZFTFFODG7SUOLW4HXHDUQPSA;🤘🏻🤘🏻
2551;AF644KLEQSZZJOCIVE5XK42WW73A;Prem Moon
2552;AF645AUHJGIUD7JY2VHG5TBNYNQQ;G'DAS ENTERPRISES
2553;AF64JDHZPT4WFDN6FBVNFGIAQXQQ;Customer
2554;AF64ON4HPPVD43H6PK3CHPTTYSSQ;Ramkapil
2555;AF652OHBGHAEER2HLOH45T6E65CQ;Madhusudhanan
2556;AF6562TF5CHMMJIIAO2TQPNYVMBQ;vansh gurjar
2557;AF65ARGLPJKDMEKC4YE6J6TTE3GQ;Prabhakaran Ramu
2558;AF65AUFKDWACJHKOTBRDRESNCMAQ;Amazon Customer
2559;AF65DDTW2IWXZ4TJJ7ZMVMH7J35A;THENNARASU
2560;AF65HJXCS64PXG5GMEBZOLVCZSPQ;arun chaturvedi
2561;AF65MIICMJTPBXOMJVXMRXJO564A;Charles
2562;AF65USMMUWSGFKVXQA3ECFGFPC2A;SHREESH MOHAN
2563;AF67LQRZS6WAY2MDTZEV7V5VKLLQ;Reena Rodrigues.
2564;AF67OFMRED2DAQUDHR32ZPSIZEAQ;Vicky Kumar
2565;AF67RC7KNNJB3EMMFB5RSJ73N7SQ;Basanth Balram
2566;AF67VBH4E2L4FO3UZ7DU2CEOEFHQ;Yash Jha
2567;AF6AJLI5BMDQ3ODA7AW3UMVU2X7A;Ritesh Negi
2568;AF6AQPY5HXHCZXTPZOYY6EZFLMHQ;Placeholder
2569;AF6COZRJZXGM4WLJMA2ESMYPHOQA;nanm
2570;AF6CQDSUJMPSM7YSYVXZ6KUMZVMQ;UMANATH B
2571;AF6CX2IKLSKGPKRPN6IPOSRFH3WQ;Srivv
2572;AF6DRSZOQ6E5M6BH27L3GA3SYW4Q;Vihar
2573;AF6EGJ3IP6NT47SNGHLAJ7IVUZTA;Anand T.
2574;AF6ES4EHMPNTBDTKJ2RVAULV4QVQ;Gopal krishna Reddy
2575;AF6F5SXN6WZEJUZNPNBN7WYT5HPQ;Guhan V
2576;AF6FFBO27Q2ZHS3XLEOUHWYQO54A;Santhosh Badhavath
2577;AF6FIGYER3CY6DBUHEUCV7C6WNMQ;Abhishek More
2578;AF6FWJDVYLDXCQ3XUAMYDIMTDE3Q;Jaldeep
2579;AF6HB6GYUYNZ4G4FDTQIGQK76WSQ;A.M.
2580;AF6HCCU2LSBC7VI7PXDP7BV234VA;Prashanthi
2581;AF6HEKQ4VQN3LEYA35NQCEG6LAWQ;Pratik
2582;AF6I3MZF3P2HMDTVRZR77JNTYUCQ;Santhosh
2583;AF6IWYXBJGKC5NQHDZRGTUYY52MQ;Amrit
2584;AF6JFHLKQS4FIBNZL2RXHSP2JWBQ;PRATEEK KUMAR RAI
2585;AF6JPKFNHA43DUMRZJQVHXDCADLQ;Ashfaq Ahmed
2586;AF6JRCF4K24OBBTF456CIYJKFYRQ;Basavaraj
2587;AF6KLDZHZNKJLRD7BKJB65NA57SQ;Sanskar  yadav
2588;AF6LAYTAGSTBKL2QUF3WFB6OMCPQ;Prakash Luhariya
2589;AF6LIODHEVBNHSICH65AHW3Q5K6Q;Abhilash Sengupta
2590;AF6LRVDRKYWPTZXZLQERZ3LXCWDA;Anmol Khanna
2591;AF6LSVYUDV7WMLIBPHXHBDSVFDTA;armaan
2592;AF6LU7CXBGSR5KKHAJVN2PSESNDA;Ranjith
2593;AF6LZ57BTR46HO4KDLYUF7UJZQ5A;Kanak Sharma
2594;AF6ME2VTJURUMEZJMGCC27XEYDPA;RINKAL PATEL
2595;AF6MFZXNYSO5M47G6B3UUTJAINPQ;Pratik
2596;AF6MHKXCPS3UEF23XLMKK25DP5YA;Manish T
2597;AF6N6OWYE2EZASDJCO4BOQD7AFIA;kapil
2598;AF6NBOGYTO7OIV3HKZHKE7W5BDJA;T BHOGESHWARA RUPANAGUDI
2599;AF6NCPZJVBXRJBUQIDXQTKRIYDOA;venkatesh
2600;AF6O7NBOMM3QIVE6BOOJII5Y736Q;Archana
2601;AF6OFPEK4C4UGOSVFMGRQQOSZRJQ;V V R Rao
2602;AF6OH7C5LOWQK2VR6DKMNSKHMUFQ;Abraham
2603;AF6PBVLOWTG4JSSUS3O2ADTEU2PA;Sonu kholiya
2604;AF6PJDQ5GNVGTIYXA5ZCTCKBLHEA;Sunil Kumar Rajak
2605;AF6PMNNWP4CSP7MYSQ6UMLKNRUJQ;Viswas Reniguntla
2606;AF6PSKIGQI3XF6ONPKLUZWTTIJ6Q;Best Bakers  & Restaurant
2607;AF6Q6RSLWNO3YXJ3KHFWGSFMU5UQ;Sushree
2608;AF6R7AMFHIWTMNFF6WPGFDOF7Z5A;Vasudeva Govindraju
2609;AF6RMANVDWWGUPHGAQGEI523WDTA;Karthiklokey
2610;AF6SAPRZH3XU4YBLVMC6THTXAPCA;Bithika Paul
2611;AF6SB3YM3WFAJT5QWKS44BGB5RNA;Abhishek Rajpurohit
2612;AF6SCWIB7NVHZI4WWZHXAY2JJUGA;P R Vedprakash
2613;AF6SKHWKK53BMAI6UVJA5FJMLK3A;Thenmozhi
2614;AF6SQCFVW3FHWWPMLKQXFO5N2SJQ;Dr Rose Khan
2615;AF6SSEMMZHBAKRV5BGIBKWRCNCTA;Rahul G
2616;AF6SWZOHDVA3F74K6ATT4UMM7LAQ;Sadhan kumar
2617;AF6TX2WLPW4DJJZ4DDZMEXKMVHPA;Tom
2618;AF6UDET5A7UZVF6X6PLTCNPAG2JA;Rajiv krishna
2619;AF6UFCDLC6WSCFBZE56AMTOFKNVA;Manish
2620;AF6UHDAZK4ZALHNOJKQAZH6HISTA;parmar k.
2621;AF6VSSXOI3Y4PZCNRJ3L27NCXPYA;Krishna Engineering
2622;AF6WO26Y4PHPBSGOCHOH66BVQ6HA;Nrup
2623;AF6WQKW6OFXB56NMHLIN4Z3XRTNQ;Vishnu
2624;AF6WTL2BAI27FGX2BFG3WCXREK3Q;Shrey
2625;AF6X5BYG5LOTGQA6NAX23M6MBIAA;Pushkal Shukla
2626;AF6X6534MZ5EQH6PSVVTGHH7WGSA;Kalpesh
2627;AF6XISKAQXTX3Q5RUF2M2VKOJ66A;Precision Engineering
2628;AF6XUHN32GSFA7LFG7MHGNXSKBEQ;Kavita J.
2629;AF6XZI4LVIVFP2UTPNVFYGF7JPQQ;Raja
2630;AF6YDBL3KYIK3LBKKDIHUMOLKN4Q;Anjaneyulu
2631;AF6YTIKZWCOBJ5AI5DKRWFCSJWTQ;Deepak Suryavanshi
2632;AF6Z2OYIXRPZJHVYN2MFKKYHPHFQ;David P.
2633;AF6Z372PW3REL4X6S6TJC6Y3RLIQ;harry duggal
2634;AF6ZHIURUWRGFOT5DIXQKXESA4BQ;dharmesh maradiya
2635;AF6ZNHSI6WAZLVT262M2JAHJGLNA;Budhi Tangu
2636;AF6ZV6WLSN2HCC3XHTVHZOMRRZ3Q;Saurav Jha
2637;AF73BK6NIKVXKRPNCDXLYQSPEUQA;Suman Adhikary
2638;AF73CGOZKN7MGOT7NZBIJFV35UQA;Dr.Suman Das
2639;AF73O2E7HIQTOJCJYSMIBSRDQAYA;lalit
2640;AF74JR6NGSLT6D6ZFPER3HOIV3KA;Arun Gowda
2641;AF74RSGCHPZITVFSZN76K6GKPICA;Jayesh bagad
2642;AF74UYGWHEFR2GCAY6QHBNBXZLJQ;Syed Umar farooq
2643;AF757N27JM5UZFJ3TS5FVGBYVMDA;Subramanian M
2644;AF75CFR7RD3EVKMOZ6TU5J7GOOVA;Abhilash S.
2645;AF76BLD2T2D257G2MT7QQIC6TPEA;Arunava g.
2646;AF76XTK3GUL5U7RJUHCGDNUF6JPA;Aman
2647;AF76YQ4VNWMTEZXSFQDAICDLYFXQ;Abhijeet Banerjee
2648;AF772HDBWQAREJWQ2CLI2OHNSKIA;Anil Narula
2649;AF772O5YC4ZR6O2Y4VMIWTWEZMPA;Ayushi Raj
2650;AF7767UQSOLO562YELBYVK7LKB4Q;Rohit
2651;AF77N36Z4TV2XEXVZL25HASNQP4A;Rahul Sharma
2652;AF7AIWHQCEGDKGZJX4LLAMMPZCWA;Surya Pratap Singh
2653;AF7B5AJJZP2WKRD74Z45L7YDOEHA;Roshan Renji Cherian
2654;AF7BXYFKSFYOMLSKCZE4ZVWITELA;Rohit Bhatnagar
2655;AF7CJCAKRIAY4BVN77BTSZYXXIZA;sumit
2656;AF7COMJXY3YJUCEUEC67ZFJ5H4XQ;Nitin desai
2657;AF7EAJ3DVQJ5OV7EN7NI4ZCTUKOQ;Nilanjan
2658;AF7EOXYL5K36BDP6PXF6K2TL5TPA;Amazon Customer
2659;AF7FNHSMCRU3BQJ4J5XSMGYU5ZWQ;Amit Sharma
2660;AF7GDUMJMOA6YGT4OT7X2KWFRH4A;Masthan
2661;AF7GFM2ILS43R3R7ZWHYAUCPAVAQ;Anil kumar
2662;AF7GOEYE5GJO744YPMKRF75AERWA;Sohrab Raj
2663;AF7GR2MYNSFD4CNYGBK3FANOGQ5A;amit garg
2664;AF7HCYB2DO4LPCOGY4TBL6SW5QXA;NATESA PILLAI RAJARAMAN
2665;AF7HMPO2QTCXQ3LHWO4WXXWVH63A;mohammed Junaid
2666;AF7HUEJWED3ZUCLTT2MNQDL5BQOA;mitesh
2667;AF7IPRBRDY6D4F7XVZW4QZZRI3KQ;Anurag
2668;AF7IXQKBUL6NEIQG4R53LMJJUGXQ;Neeraj Vishwakarma
2669;AF7JB6HX2S3TCZRZSRJFOWRCW7CQ;Amazon Customer
2670;AF7JC6AKO652RERHTNJ4NFM6NN4A;D MANJUNATHAN
2671;AF7KNSLEDN6UCGACICGMVXRW6FZQ;Shivam Kagda
2672;AF7KVNWBD7JWYLKGKXBYJ5O7RQ4Q;p a joseph
2673;AF7KWHU33BSKUSJ3JTPU4X2NBYLQ;Manoj kumar ware
2674;AF7LH47LBG5ORFG2V4LDGVM7IJQQ;Riya Sagar
2675;AF7LYQTIS45CKK5MJKT4D2B7VWAQ;Amazon Customer
2676;AF7MSVVI52V27OGZ3FTE62QFWNBQ;prasanth
2677;AF7N24U3P7U7KXYPZXEKACPE2KEA;niharika
2678;AF7NDY2H6JVYTSQOZP76GCATQ34Q;Placeholder
2679;AF7NGHQSFHIKMD3KTJGPRZ2SC3GA;vipin gupta
2680;AF7NUBGRCKGFYSLOEUO4Y2UC4QZA;nidhi
2681;AF7NUNBNBZ2WXQ5QGBAVERSVWZYA;GP
2682;AF7NWNWMLKRURHMLHTZXO6TYO4ZQ;Muhammed Ali Faizal
2683;AF7NY3RD3X3ZTH7D5TZ74YPNJW4Q;mubarak
2684;AF7O7XT6CTT6WPOITPUURTLR373A;A K Bindhani
2685;AF7P2QHPYH6Z2KS5K2V2MTRPHOOA;Pratik B.
2686;AF7P56JP3WZNRN4CCTRWVH3L7C3A;Srinivas
2687;AF7PPF6P5ZASHL4RYP7AZQBHRRTQ;Alok Vajpayee
2688;AF7PR2PDWUSBNAQWPFIBW4J5OHBA;Shaikh Raziya Irfan
2689;AF7QASLC5FT2C3DGXD4YW2FMZ5ZQ;Digvijay Bhavsar
2690;AF7QEOPISA5J33YVAQWX2EGDEPUQ;Alok pandey
2691;AF7QK5FHWPIIYYCVERDUJEZYTSXQ;Angel👼
2692;AF7S5C6MJ7XPJ26E3U3Z5TIWHRMA;SAI KIRAN
2693;AF7TKY6E2EO7NSSPHFYFGE4FJDOA;K R S
2694;AF7USQ27RIKU5ABXWZG2WFECW7JQ;Prakshobh
2695;AF7UYUVEZZUXIIOJWWI776NZPTRQ;Megha Gadiya
2696;AF7V2H3X3WZZAGQN57IMDJUMWJFQ;P Vinodh kumar
2697;AF7V4J7TH7SIZBZW2ZKS56QML76A;Vineet Kumar
2698;AF7V57LV5NFKILFRLD7MPSVBKOAQ;Amazon Customer
2699;AF7V6CVPDC3UJNI3UODXF5FCU4XA;Amazon Customer
2700;AF7VPS5PMKH5UYES6FA7ZBWEHDBA;Amazon Customer
2701;AF7WOI76RSO6HPHORY46KHV2KARQ;Dhananjay Thackeray
2702;AF7X57ZWMMENYXKPBWBXQVLFZ46Q;Mainuddin Warsi
2703;AF7XGOMQWMA2ITB72BPIVHL23EJA;Yajnesh
2704;AF7XW2VZLPVXOMLEC2WU7FPUJ66Q;Shreyas Ghare
2705;AF7XWA4GXXWKOYLWWKGKZIP5O7DQ;Amazon Customer
2706;AF7YEBOIUIR3AWM2L4PCV2MCTUOA;Vikram Sen
2707;AF7Z6AXMT4QMKJNV6CH6XRIVGVPQ;SATBIR SINGH
2708;AF7ZGA2MQVDGPQEW5EUSVLMFVHLQ;Madan lal Mahto
2709;AFA27PWZ7R6SHPUK6YI3LUPVQAXA;Placeholder
2710;AFA2RHFCGLLADX2Y6VEUWDGJZPNA;Des Raj
2711;AFA332YHUPB6I7KMME7SOFX5RKQQ;GHOST
2712;AFA3LPNRI5HE56NA7IV3NN4KYJ6Q;Bala Subramanian
2713;AFA3SIQ6QNXPHVU6AIEL4FIMUYDQ;Soumyadeep Barui
2714;AFA6NJKGCITRFOYKD2FMBD44UBPA;Ruhi Mir
2715;AFA6RD2OGIVARNPAOXV7MW7LSO3A;Kritish Ganguly
2716;AFA6VUQZIGTFOXBWJQEN4TRPEYSQ;Nitin Kumar
2717;AFA6Y4X6JXUJS7K3ALWAK3B33GZA;Jeevan
2718;AFA6YM4NTFRGHHKYN5U7HUYEVSUA;Abhi_K
2719;AFA77KJVXMUXJYSHWGGFHAGZJ2DQ;gaurav shrivastava
2720;AFABD2LOIXHYSDVJ7SQSDEH2MXLA;Naryain
2721;AFABWJZ3775SMVWMSWGYY4DDN6WQ;RCLJ
2722;AFAC52GQISXYJ5DL4YVQHXGSE4MA;Nishikanta Sahoo
2723;AFACTUMKAIA2A6TQX3URLEPJ462Q;Beena Rawath
2724;AFAD3K54MDC5KWKEIL4GPRMDUCSA;Rohan Bhosale
2725;AFAD7OCCGIXRKR3RT4KLNHPJKN7Q;balmiki sahoo
2726;AFAE3QQ4QXQFUDMR6PPV7Z2RBBXQ;Pramod Gangurde
2727;AFAEKGGAPT6K7N6BNE5TB3CWZ4MQ;Reshav Thakur
2728;AFAEMQGQFXD6JFPE2PTK6THIH53A;Pradheenadoll@ G.
2729;AFAFL4TW6TSNMNULD4R22QMZVDIA;Sandeep Kumar
2730;AFAFMRV4L35642NQMP3WELYPQ6ZQ;Avinash kumar
2731;AFAGO45Q2ZA4UJ3XXHEWFROOKBRQ;Amazon Customer
2732;AFAH6ZDWWYSXCWPETRIORFGRILAA;Shreesha Mokhashi
2733;AFAH7WHWITSQ33IHJU2MW5QRT7HQ;Atish Biswas
2734;AFAI2HVZTWZTAN4VOOOMVS5H55VA;Om Parkash Gagneja
2735;AFAI5BPCMNB5QLJ2T5WCKGA5U2DQ;Derrick Angelsz
2736;AFAILC2MZIU2UFLQK34GQLE4Q42A;Abhay
2737;AFAJRPO7FNQVWYXLU5RMHFVJDARQ;Jayesh chavan
2738;AFAK7LP652JWFHXYGYD6DRPSUTVA;hassan
2739;AFAKEZV7KMVT2SGF4KYWXGQRIW4A;Vikrant
2740;AFAKHOAYOIRPKEBF376DH5VOHIVQ;narendra
2741;AFAKLGJPBTX3EWCXJWB6TF4LJOXQ;Sean m.
2742;AFAKUEWJWYAKREBPXLV2MNKZXMLA;Anirban Pramanick
2743;AFALLWH7RZKCTWUFY6QELC2CPLMQ;Amazon Customer
2744;AFALQ6JKOEKVRVI3BZ2G5PJ63HQQ;Amazon Customer
2745;AFALR44LTLTN7PHHQNB7HJDZMEZA;sachin
2746;AFALTXLNKATKJWF7UVD2PAMKQYXQ;sandeep
2747;AFAMW5VFGUDWD5EG3XOVTETFW3KQ;Gnana sampath
2748;AFANGSCZERSUTYMODCZNYRH7NL4Q;Shreya Srivastava
2749;AFANO6XV7I2E7Y2VFLQPNVVK356Q;SD
2750;AFAODJJHXH3RGOQXKG5D6NLOMRPQ;Debabrata Mandal
2751;AFAOEOKOE3IHNJKQDHAZ3JY63F6Q;Tarun
2752;AFAOU74I45ATGV4STWGKFXBRHODA;Pranav Nirhali
2753;AFAQCBEHAIWL5F5W5PTWK2V7U4TA;Sagar prajapati
2754;AFAQLRAKYASFXOQP7MS6SZK4STIQ;Abhay Goyal
2755;AFAQNP7A3V3LBMYSP2GNUNTQIZ2Q;Faheem
2756;AFAR6KANGGM4XIVC6ZDTSEONGR6A;Nissam kollam
2757;AFARAZP3IF343NCQTLZA27FJNIQQ;Abdul Kadhar
2758;AFARITTBYR4HMMHALZPS4DZGMVTQ;Vinod
2759;AFAS6QTXL5CPXZ6RHDRQP5FDQ5XA;Heet Kantharia
2760;AFASOASLRV4MRGUQHM2OPYFYRHPQ;Vinod
2761;AFAT7XOWTWEFHD5OPAUPOMHDS6ZQ;Dixitkotadiya
2762;AFATPF5UULFKGVJINQIBWJEXL3ZQ;Rai Sahib
2763;AFAUAE5SWPAMT4HP5SG7TPGXPJNQ;Anushree Tapadar
2764;AFAVAR36WZOZ3TA3WC3KI2OKYJ2Q;Naveen
2765;AFAVJJJRDJZCFKPZ4ACGTYBLRJBQ;Siddharth suman
2766;AFAVZL5OGYPPWWRW6TJ7XTEHPVFA;Rohael saifi
2767;AFAW47CO7UX37TKZSGRUHIKZMATA;ASHISH SHARMA
2768;AFAW4JGIBKTJDQE4EHYSG5PTAOOQ;Sameer
2769;AFAWTNLFTSBNDJQYBPF3EIG5UJRQ;Ramesh
2770;AFAXMU7HOTIJ56JF2AK52OFSTR5A;Rajib Barman
2771;AFAXUU47RN762WSSN4WATCSYAJ4A;Virender
2772;AFAY4E5XO4Z7KO4FYOWQYQSKT4KA;SOHAN THAKUR
2773;AFAYH4FG2MUZTFGDVONVIOV4W3KQ;narsatya
2774;AFAYV3BQLC3AXIEDILXRGIRHZWGA;Ravi verma
2775;AFAZ2MPQWPMDM2OHEIKV7I5JA63A;Actor Aahaan Vyas
2776;AFAZO3VRRBIL6DP5UI4B2UDILGRQ;pradeep4uall
2777;AFAZO5BDXQFTNM5IUP2X6F5XIIVQ;AdyZon
2778;AFB2AKARKRKHAB2PUCALX2GXOM3A;Litu prasada mahanty
2779;AFB2W25SC4ZEMFT7JTVTW5L5RZCA;Rayhan Sk
2780;AFB3MTOE4VW2XO6RTJGIWJYH5OBQ;Naveenkumar Vemula
2781;AFB4DO5PCKBMV3TJ37XFDTWLOVRQ;LM
2782;AFB4UHZ3QF352GURQDBYC5JORT2A;Suman
2783;AFB5KJR4Q5FICAHBOPDPUTB3O7QQ;Rohan Narkar
2784;AFB6GXJEM6T4SHB3BQJ5G4UC5VAA;NRD AZ Customer
2785;AFB6MZQQWWOGIDPMRFWMIS6KH2KA;Satyendra Kumar Gupta
2786;AFB7KATBZJ56CDSFNRN5GVI5WLWA;Vikas Jeughale
2787;AFB7NE24HEWG4SNDZWML7IYYMBLA;RAMA KRISHNA T K
2788;AFBB545QU2N2BJW3PGXCROIDXIIQ;Amazon Customer
2789;AFBC5LMEZK2OZBMIPZTVSTMXE5IA;Shobana Siva
2790;AFBDL2XOOPYMHMLABSXN4JAF3WOA;Wilfried Antonius
2791;AFBEN3XNJW575CUUZZVH57LJNXKA;Pankaj
2792;AFBFA6KBCRGWVDW4KGK4IGLOZOMQ;Vikash ranjan
2793;AFBFWTKCL3QGM752HHFGURNACKNA;V S GUPTESWAR RAO
2794;AFBGSJVXAQRB4AOEX6CFHBBQEVXQ;Neeraj S.
2795;AFBHLRTSYYAZ2IGMVF2BNV6ZPG3A;dharshnaselvan
2796;AFBICVVDSWHTB37XUM72SGTRRL5Q;Ashutosh
2797;AFBICZEMDBBG2PL7T424USBD3PNQ;Amazon Customer
2798;AFBIER33V2UVWGHQNBRTHEVLIW6A;Sharon M V
2799;AFBJDIUA2EUBVIRXAXLNC7ENHAIQ;Abhishek K.
2800;AFBJK7AC7CHF64YGGCYORLZKDJPA;Venu Singani
2801;AFBJNCLV6XVUCTE24MRPXR4IURXQ;Sheetal Pandita
2802;AFBJUY4B45VSG7ROPSXR44Y3PCJA;Smithil
2803;AFBJVGLPQD4P3VWFKPHEYOYSU3SA;Sanchada
2804;AFBK3X6D3AHEHSYYXPL4L6JEMSLQ;Kedar
2805;AFBKP77TRJAYCQFMO54ZJU6HRZOQ;balvan singh
2806;AFBKPWYCMY4EJHOAHFRWNEUOPCMQ;Abhishek dawn
2807;AFBLE3JAWJK5XQJTOQHYLKNJX3FA;Abhishek Srivastava
2808;AFBLFBJHOW7CQX62SQP7S3QJCFVA;Krishna S Mohan
2809;AFBLTBDVC23HRPXW2OQ2JDV3BNNQ;Utkarsh Tripathi
2810;AFBO7V4C5TDYJ4VCEZTNK3JUAL4A;Unnikrishnan Pillai
2811;AFBOZIRKFRPTQJZKZE7CFSSDK2WQ;Rajesh
2812;AFBPBZLHAOY5FLNKXSMY7R5NGW4A;Bipul s.
2813;AFBPPGDHU5S2IR5WEPYWGR4ABK4Q;Vimal kumar g s
2814;AFBQJKVQBIRCTEMBWG5L4NWR773A;Ali Ahmad
2815;AFBQMEOHKDRW6CJJFN2X6BVFQ2XQ;Geethanjali Arivudainambi
2816;AFBQNIYHQELPL3AS3CI5Y7MWAJXQ;Anonymous
2817;AFBQQK22DRF6U2KQXU6ZSALA4NZQ;PANKAJ SHARMA
2818;AFBRDCFTMGH6OFKCC7GQQKXBCXKQ;Ankush Jindal
2819;AFBREMXXTVMEXXEUD4TCXZEJLMKQ;Ankur Mitra
2820;AFBRSDA6IG6CQY4IGPKXUR4ESI4Q;Uday
2821;AFBU23LMK34PMRYBIIPLRVFPP6WQ;SHANKAR
2822;AFBU5FXWPA2YVMWWIMGYMA2AG34A;rhymerium
2823;AFBUKSAGU3IQF6O63H3C52YQ3KDA;shallu
2824;AFBURR5C3CR7XL4WPXXV5ZEDDZPA;M Shafi Bhat
2825;AFBV4HQOSFPQYP63ELMOYRE32V6A;Shefali agarwal
2826;AFBVO5EYL6CDO3PXRSG4MK7X2JXQ;Aniruddha M.
2827;AFBVVELP4GVFVUNT2JCI5JHVGRWQ;Andy
2828;AFBW4KT3H6ZMT3WZRTRIDEV7K7WA;Tushar Goel
2829;AFBW6COTZXGHQMWVDUOSXVUCCIHQ;Abhi Khaire
2830;AFBWCVS4ZG4JQ7GII3KFL76SMBMA;Amazon Customer
2831;AFBWDDA2YE4P72CA6RHL43B3F4WQ;Roy
2832;AFBWIN5UT4RIRQENPJAL62AWUMIQ;BASANT
2833;AFBWMQUWPLCXK5D4A35AZBEZVRNA;iggi
2834;AFBWWOUHEYFHDWJOE42DN5YWO2MQ;Reena Chahar
2835;AFBWXU7DUWCIK5MRDCLBXWTWN7ZQ;KUSHAL VANWANI
2836;AFBYRGPVHQDBRHAQHZYD5JCR2VMQ;Asha
2837;AFBZ5YXV5MZWW3BL6D74PJDKEM7Q;Meenal
2838;AFBZMRHC4GXUU7KNAK4OBKORDF6Q;Gurpreet S.
2839;AFBZOBNNEXP2HLRKXMCEFD2RNT4A;vajreshwari
2840;AFBZOJLKGDQJHZVHU4NLJBD33PSA;azad
2841;AFC2EEGVUB34NVHUXNS7YZDA7JDA;deep
2842;AFC2IZIMLDQRHPP6HME2J34YYOOQ;susheel
2843;AFC3FFC5PKFF5PMA52S3VCHOZ5FQ;S.ARUMUGAM
2844;AFC3FOLK4BMVVGOHLENHL5ZUXK5Q;Shweha
2845;AFC3WW5ASWRLFETWSIFW4DUFAXEA;GLEN ROHAN
2846;AFC4IGBAWQIZUIGT3HAGY3JZT5YQ;Sanjeev Arora
2847;AFC4X5UHL2LN4PBS2TWOMIZ2GHAQ;sejal ghuge
2848;AFC577LBGWLZKE53GGT7GGJE5BZQ;Nikita
2849;AFC5A2WLRTDARIZXW6FH3SDWVD5A;Abedh Babu
2850;AFC5CQXBCJCOU4VWPCMLLQV5NJRA;Amazon Customer
2851;AFC5K7RQQYKFB5PV47KAX2CHVIIQ;Devanand S B
2852;AFC5NBFKNTHLIZE4PFLSCEIUHAYQ;Amazon Customer
2853;AFC5T42J2P6CMZQUXB4IVBEZSAFA;Deema Khuraana
2854;AFC5XSGIOQBZNVIN5UVP7IOUXFSA;Jerry
2855;AFC6F6TV4AYJGDZABEJF7CBILGFQ;HOTEL S.
2856;AFC6K2Z47KTGVTXKS3ZNPUEVLQDQ;Ajay Singh
2857;AFC7G4ZMZALNTMXSNZOXFMWGXW7Q;Amit L.
2858;AFC7OZQXZZY74D3R6R3FAOLY5S3Q;Arindam
2859;AFC7PJA3XS6MHXYAUF3JZDHDUZWQ;Vishnu
2860;AFC7Q5Q64XM2Y64FT7Y3L2YVALRA;Balamurugan Trivandrum
2861;AFCBKJAWH4J2UWEUQEGSVYNFT2YA;SHREYASH PATIL
2862;AFCCTAOXYH2XQNESLRQRH72G27ZQ;Deepak Kanwaliya
2863;AFCCVMGUWTBRWJCYRW6PAMN5AXLQ;Samiran Mondal
2864;AFCDH6KOUMXDXYT5J6RI66H6H4RQ;satka
2865;AFCDHTYGHMNLNK2S3X6JVQOT6AXA;Bhavana Rangarajan
2866;AFCDITQYYSHB5DVHMFMO6M3PV3NA;Rajesh Raj
2867;AFCDWGFZNA55P5RZVVADKMJX4TMQ;8445025922
2868;AFCE74YZAML4IHESYR224MZD4D7Q;Ajay Kumar Balusu
2869;AFCEDQXVCB4LUUBWXRJS6KRU62FQ;Gopi Sahu
2870;AFCEPFOBTC7XT2G2WLISEFCKSTMQ;Rohit
2871;AFCFHU6B5RH4YN6DNTLUMY3CILHQ;sai k.
2872;AFCG3C7XO3W6AMP7AMVY7543HCBA;sachin sharma
2873;AFCGAYGFQB27SUPPS7RARVDFJXVA;Ajay
2874;AFCHIB73U3D4VQHZCH4MV2Z5FESA;Ashwath
2875;AFCHLRXHG4OTDU77ATX2U3ZW5IXQ;Amazon customer
2876;AFCHMGFUXDLPXOASREGJC7GTZZHQ;PRAVEEN.R
2877;AFCI5O36CXYYRSJKGKTGI6QHK35A;niteen atre
2878;AFCINWNSTFJ34CLKQUKDBPPT76RA;Jayakrishnan U
2879;AFCJIUIGZNR72BMVUBH6QSOJML4A;Deepak Kumar Behura
2880;AFCJPD4OYU6E3CQYH32MUOX26A5Q;Amaan Shaikh
2881;AFCKOCN7FG2KC4PCZZUORJFFGEJA;Jatin
2882;AFCKVOFM46DHVEVU7M4ABUCXDLLQ;Dipu
2883;AFCKW7CNBDUGWITOVBVJGAQYTW6A;Rahul M.
2884;AFCLK65T5NMGQV7RXN3QJTOYNTNA;Athish
2885;AFCLNH2ZECKMY5LXIR6WTDUJ6BKQ;Neeraj Gola
2886;AFCLVEPUPFSZU5KJMDBYKGARGQBQ;Ravi
2887;AFCMAZH6M3TVEIJMUB2MX7OYSKSA;BHAVIN
2888;AFCMYWUZMOK6KHPFLL4DTRV2KHWA;Ankit
2889;AFCN4ZD2X2EVUUDSG4BMFT7YJA2A;Nagarjuna Pavan Kumar G
2890;AFCNIB3CYWCWG5XWEUVDXCLNLGSA;Suman G.
2891;AFCNMPYF3HBJZ3FYMKXQAMR55OSA;Deepak kumar
2892;AFCOSVW2NHSFLPG7O5EKP2YRUERQ;Deepak Kumar
2893;AFCOZOXOMZ4PVEU323VFOLNOT6YA;Haridass d.
2894;AFCPQ5WS6XHYA7PKRTOCC7TRJWHA;Gopal Krishan
2895;AFCPUUTQS6WV74RYCXZXCPBZV4YA;Ks
2896;AFCQLKM6YD32YVCRA6NYR6KHLZJQ;Biswajit Borah
2897;AFCQT3WCIYIHW4QJCMZSEXJ2A6QQ;Sai Raj Jaiswal
2898;AFCQXQUIMMCKM6Y743IKFKIMAYWA;Gaikwad pramodkumar popat
2899;AFCR3Q2LBT2KWRN42AOROJEDECNA;Rinku Barota
2900;AFCRKUO577ZOIVRSZNAU4PXSM2ZA;Ramesh REPAKA
2901;AFCSKW7HDNRLBPL55D6772QMQXZQ;Riya Halder
2902;AFCSX2LUWQ3TNV2RUG7G7PGO4V3Q;AmazonCustomer99
2903;AFCSXOI4K7R3TFLHH3BXBS25CYJQ;Vinay V
2904;AFCTBE5IW6HOJ2ENFG5WZZNRBVJQ;Jagmeet singh
2905;AFCTDH6RSQB5Q2F5E3ZXQL5I2RMA;Abhishek chaudhary
2906;AFCTHM6AKLOSBDAUNR7MV55OB3MQ;Krishnakumar
2907;AFCTMQKPVJI6Y2JPIGDKRKIAV43A;Ashish
2908;AFCTNNMP2LZLY5466YJ5AY3JE5ZA;Preet Sikka
2909;AFCUW5JX2EZRGRGNHO65DGJ2ZNXA;AmazonCustomermh7790
2910;AFCWD3PO4G6GJVEEMXGD4B3XDC3Q;Priyanka Gupta
2911;AFCWL3MX7BP2ZUDD37MEAENZDQ2A;Raj Mohammed
2912;AFCWNR2KVRYPLSRP4RNLWZVM6TSA;HariBol ❤
2913;AFCWPBRLAMVOA6L27EPNMTLS3IYQ;Amazon Customer
2914;AFCXBVV2GA3CHCYDIEAUKUUUFLZQ;Gagan G
2915;AFCYURWTX5HHOTUJUFX3TTTWICTQ;Deepak
2916;AFCYUWRUBILFTKYMBHMVJSIJKK5Q;Amazon Customer
2917;AFCZMUBZNRVRW2EJJKK5PN2YQZVQ;mram
2918;AFCZVT5Q2S2GGB4UUZE6ZFHFJDYA;Hukambeer
2919;AFD4QMZGWAYTZ3UNBOFRY6VZ2RTQ;Vishal Rai
2920;AFD53TWXXCPJAYQJ7REZPW34AKKQ;ashik rahman c
2921;AFD544VTKFVTUBCBN3HKF2KO33TA;Shalini A
2922;AFD574B3LT7V3OO5CRMLVYUWVDLQ;Saikat Chakravorty
2923;AFD5PNXQHWWDULY26SXS7SIYRG2A;Ashokrajan
2924;AFD6P5IRXY6KWXUW4H7X6ECRMSLA;Sanjay Chavan
2925;AFDB5OD5HO5R7BDUFTK2VEMEOCLQ;hariprasath
2926;AFDCDOCRT7PK5OZCUBZJ3WGXQC5A;Maheswaran
2927;AFDCKNT7PKHIXJGOE5KTS2T543DQ;Varun Nair
2928;AFDCSF36NJYXASQOJCQWFQTN7SDQ;Arun S.
2929;AFDDH5QGUJ2NHJZBIAPEQVUIQCKA;Bhavy kachhadiya
2930;AFDE455VYYZCOICWG6PJN2OH5UZQ;Abhinav kumar
2931;AFDE6CEFGDYLXV7SSVU7NCEZKXKA;Jiten Sinku
2932;AFDEGSSFTG26ISJWFNZXKO5VINOA;Anand Raj A
2933;AFDEP5BAQJAZIRI4DYD3EDMU3QXQ;VRK
2934;AFDER5KTHQQR7JFESKR2BGL7N3FA;Mohammad Maqsood
2935;AFDF4RNUYQHNOAENQSBE736YWRUQ;Vijay Mane
2936;AFDFDVVB5IXZZBCIHG3VJVK3E3CQ;Anusree
2937;AFDFQBUFDOO44TCLCYJUSZFXRGBA;Amazon Customer
2938;AFDGKQUU6XZZCFHIU6DELP2PXF7Q;Amazon Customer
2939;AFDGNLHZOGP6EQITYFRG7NVKFJWQ;Chandra Sekhar
2940;AFDH4NWAAHAVKPQVBCSZEHPVFYRQ;KIRAN T
2941;AFDH62TEDBX5SJ3FSKZSAX33DH2Q;Jun
2942;AFDHJS4AKUMVMWYEP5HW33C5NQHQ;Gerald
2943;AFDHR2G2FNUFDTSWHO4LCLMB6ZYA;Raghu s.
2944;AFDI6FRPFBTNBG7BAEB7JDJSMKDQ;Aashiq
2945;AFDIF43EHQD67SR2HWPO3W6B7FDA;Gaurav
2946;AFDIGTDJTTB72VVFZGILZDH4IROQ;Ajit parida
2947;AFDIP7UX2AVN7Q42UVSPWBZDSKJQ;D
2948;AFDIQRC5FKMI2FC442TCIH7FID6Q;Raghavendra V
2949;AFDITJCB5D4EOPYZKGP5RGRJFVLA;Abdul Moiz
2950;AFDJPDX5JZEXUIAHIPEIVN2QYMQQ;SAMRAT KAR BHOWMIK
2951;AFDJVKMG73WAOX2CNN3VTFIT76UA;Adriel Shony Rappai
2952;AFDKFR5OJZXCDJRUZ44JVGWD7SIA;Balaji
2953;AFDKMC6DZFM4M7BKRFA4APKCYZHQ;Customer
2954;AFDLI3P4HU4RJGHXBV5X4UBM7ZLA;Johny Depp
2955;AFDLRSXKDZ6U3U3KD46SQLFGZQRA;RVK
2956;AFDMLUXC5LS5RXDJSJJRHNBURIVQ;E.GURUBARAN
2957;AFDMSPZU56HC6LYNPSPFLBTALJMA;Abhishek Kumar Sharma
2958;AFDNYZLF2TIOIHCE6XBVDETYLS4Q;Venkatesh
2959;AFDOB6ZOXEPJSTD5TYLQTRXTFSMA;Saidur rahaman
2960;AFDOCCV3LNI3FFF37HOQKLRU4NCQ;AJIT KUMAR
2961;AFDOG7VEXVBQAS7QZY7S4S37GKAQ;Moumita Bhanja
2962;AFDP6MHD6SSBGTNIH6VX4FQDKNUQ;manoj tanwar
2963;AFDPHEAIYTD7MJ4LF7OK6ODJZ5KA;shobhit gupta
2964;AFDPYHNXY5R5DCB7GLDCSX24CQ7A;Mitesh Mayavanshi
2965;AFDQ5XNQEFSZJNO7MQZWRNV5TISQ;Mohan Devaraj
2966;AFDQAJVNVC5DM6SHSC2TDEAZEOTQ;Zaki
2967;AFDQX4OPUFUN56VXCWO54Z7O2AEA;Anuj
2968;AFDQY2YWCKPDNXKZDTLPJAQ4JO7A;JASVINDAR SINGH
2969;AFDRB56L4VXGIQHGTVK7NJM3WSYA;Tamojit maji
2970;AFDRGTOQGLLJ3FEYVGQHQY5XYERQ;Akash V.
2971;AFDS6AED2AIE46CPX2A2QTGIH2VA;Mukhtar Ahmad
2972;AFDS7H2OSIL3I4CZBN7C7NS4XOXA;Aditya
2973;AFDSO2WPP2FVD5GLVREORVV23VNA;Banishree b.
2974;AFDSTWW5X5LM7QSJ7TE2GDJEZHSA;Priti jain
2975;AFDTW4TES6JHT7YJUXKDFQJPRZXQ;Jaydeep
2976;AFDTXWDJNXAYUGM542YUPNIBHBOQ;Karnal kumar
2977;AFDTYPH2YS7I3XDWEY5I6RXU53MA;Aasim Ansari
2978;AFDU4WS7SYXWPP3Y7OSPKXRJUB4A;aveem ashfaq
2979;AFDUBGK37QSYU5TRFFFN2GO2ZIIQ;Santosh kapoor
2980;AFDUJI7KG7VMZF4JGJHV4DBCA4OA;SOMNATH DAS
2981;AFDV3XB5P65LS5FRSIEWKAY3K3JQ;sherin
2982;AFDV4H4KLTJ55TV4USUXZQ3SM47A;jasmitha
2983;AFDV7XXJCNSWA3R466A2OB6WX66Q;Satinder kumar Gautam
2984;AFDVOFPLM2S3QKJ4FVMZRSCKOT5A;shravan kumar singh
2985;AFDW64EF2N4FNSHZW32LOUJXBTMQ;khizer
2986;AFDW67WRZ2IJI7LQQP47LWZJHHUA;Shreeg91
2987;AFDWZMVLTXWWCX2UZVGVO5JLXCYA;abhilash g.
2988;AFDYUQAM7Y56P4R5CREI5OBPHSLA;Rahul Sharma
2989;AFDZ5JKR7YVO5FBAT6XGIZH3P3OA;Harkaran Singh
2990;AFDZC4D7R4555BAGB45PI7V7DNEQ;Faizalmalek
2991;AFDZPGN3IBUCVS4QG4U5YCG4QZMA;Zuber mutvalli
2992;AFE2254KL46HW7HEMQMQAGTC2LUA;Datta Dhanwate
2993;AFE2763GMEXU4LL3TH6HPCL6FWYA;Amazon Customer
2994;AFE2LQATN64EXU6NVTTEMV5XKDGA;Rajendra K Jadhav
2995;AFE2SDWOCP7HW73DJMCWLFBB63KA;Mahesh
2996;AFE3JGTSN4WFROSWXKY5BS2E77CA;Yash Gupta
2997;AFE4WCUSKXY43CIWV6NPOUUZD33A;Hardik Sharma
2998;AFE4ZYVJSLM3MSXZHWHIWFGRMNPQ;Shahul hameed
2999;AFE53GDVPWIFSX5PQH7P3SEZ4HKQ;Placeholder
3000;AFE54I72EV2YOL6POJCHHP3Q5NWA;Sunny J.
3001;AFE5CGE2HOEQLDT4X763Y7SR2OCA;Nishu bharti
3002;AFE5HMMFE5Z3EJZYWVIOHHTHDTPA;ambika
3003;AFE5TCTC2Z2RKYN3XOCDMTTUXYQA;Soni
3004;AFE7A5UHWCAOYQVYDUDDHOUJFMMA;M.A.SAMAD KHAN
3005;AFE7R5FCWMXW42O5UTZ7YEAWGF7A;Karthick KJV
3006;AFEB2FWJDNEWTE53GMSW5WEZ6AUQ;Kapil Gupta
3007;AFEBFFAOMPMC6L3DMOXJYP355UNA;Jayakrishnan R
3008;AFEC2BL5KGRD3QNBBU7AKNFT3DEA;Rajesh Aswasthan
3009;AFECO24WYFOU2KL7C3DMHTEHRU7Q;Sundaram J.
3010;AFEDVL6QIKT4RDYRHGMUZAU2JSQQ;Sandeep K.
3011;AFEE2S2P4LI6QSXWSLRVGRLHYIGQ;Anish Reddy
3012;AFEE2XTFVQFP4MAL23BITAYVUEDQ;Surinder Kumar
3013;AFEETHDN6SAGGKCZIRQGUDEOI2CA;Saddam Suthar
3014;AFEF4DGU3HTWTOL5DUN2XDYHMCVQ;Anshul
3015;AFEFEZTZWJLYZGIVR7HLHRI3W5IQ;Gunjan garg
3016;AFEGEMHIRS3I5YMTIK7J6PLAAUXA;Akshay rajendra kothawade
3017;AFEGTYZ3KEHM3T6Q47CE2F3QDTZA;Manish jain
3018;AFEIC7ACC5JILEDYC52PZLVKB4QA;99BestDeal
3019;AFEIIEKX6JEHS3CPGCSIYLGCNKFA;Samir
3020;AFEIKYOYXJ5RNF3MHQ6C5U7Q3ZWA;Raju Chacko
3021;AFEJFJOFJO4XQTAUFXZALFURTCUQ;R Ramesh
3022;AFEJIT5UQ3HEOL3DZC6L6KYRV3DQ;Customer
3023;AFEKJVIJNA64W3J3MTGDJUQ6TQOA;Neha Gupta
3024;AFEKMA42BV5FJVCTFCTNOITU3J5Q;Ishan
3025;AFELJW5BKK3BPKBH2GJO3MW5H2GA;Sreejith
3026;AFELQDSWBB36DNLRMGBO2JO3C7GQ;shishir sharma
3027;AFELQLNWTS4QJNCCA4ZDTWHVORJQ;Anup Roy
3028;AFELT2ZWY73WKNOT67ZAGVUCQ3SA;anonymous
3029;AFEMOLRLTEKGCITTKW5GIJLWG5EA;Sourabh Karambelkar
3030;AFEMVPAQZ54XJP3XZOPH5T4AYQ3Q;ArchieFreud
3031;AFEMYJODFSKRPR4XTYKCPXMCO4YA;Gourav Choudhrani
3032;AFENRIT42SOS4O7C4PHSKJNNWIWA;Pooja
3033;AFENYA36PCVR7U6VQVSGHGIUH7KQ;Paras s.
3034;AFEOAY5PB4XEYIOL6DY5WJBOYSKQ;chetan tandel
3035;AFEOPOMJ6P77R4KX2YKC4UXVHCMQ;Jubaida H.
3036;AFEPCSTHZXN35QN2NFRS6X54AFQA;Mahesh Sargasree
3037;AFEPF3H7CZCWZW2M4ZVRLD7HTTIA;Raghu
3038;AFEPOALC3FJQEMM2E5SK2EEZFXGQ;Vaibhav
3039;AFEPP3DNOQEMLSJ7H7QRFT556KAA;Kailash Khawas
3040;AFEQ7NC66N46VGPPVC2NXFWRCW7A;RDP
3041;AFEQDV6CWBY2Y4WS6ALF2BXU7VAQ;Saff
3042;AFEQJU6HMTSU2TSLWVLTRMMDUVJQ;Sanchita Sachin Dhanawade
3043;AFEQNJUAIGTASKXSGSUUOTDMOMDQ;Arun
3044;AFERB3TDE3HAUIGGRZAO7LNF7SYA;S.B.Vignesh
3045;AFERJ3NSJPHMZPWXLNY2MB6NHERQ;Sanjeev Chowdhary
3046;AFERMHRNZA7G7HIN2RS6LAQHZOWQ;Ram
3047;AFES6HMBN5CAV5HWKASX5HS743BA;Vajrala s.
3048;AFESIGKCPYHAG4HNKQGNS5ZFZVPQ;Dr Munmun Basu
3049;AFESOELYFWWZ3LND4HLBVI3PLAYA;Arvind
3050;AFESZUVJABZQU6FJXCLTVXNWXDZQ;Vijay Gharpure
3051;AFET7BHXMVHWJN5AS7AR3VHLW5ZA;Krish
3052;AFETPEXYGOLZ7ICGWQK5ZYSRMZDQ;JENISH B SAVALIYA
3053;AFEUD4GVTU2JV2PXCSYQE34CM6FQ;shreyoshi halder
3054;AFEVDY2YG3NENBI47RFAXQ7ZEEBA;dr.parimal ranajan de
3055;AFEVFMYDEJHU4LZC5NIFNHXIBTHA;Pavan kumar G
3056;AFEVGT6SALVKATPAPCZQCUOZFA4Q;Amandeep thakur
3057;AFEVXMESJYDWLJBXPN7HVX62TPOQ;Amazon Customer
3058;AFEWCMFADY4UQITWK5LT2T7RG4UA;Dr.Sukhdev G. Punjabi
3059;AFEWFFV3VAMZVILMHJAN4GQRR4XA;Passionate Buyer
3060;AFEWNQ3WHCXFV334RKDY6TQV5F2A;Srimanth
3061;AFEX2Y2RWUU2SSU4VYFKNX77YU7A;Sherry
3062;AFEX5OM5UOST6POIWTBW6TCEZ2YA;imamthulla
3063;AFEXCEMQFSXWUROBWWKLII6G5UZA;sooraj m s
3064;AFEXISDUUT35W2QRLZHXXRXSAG6Q;Hiro
3065;AFEXNZMRCU4SZFDGWRO6P4CMOGRA;Amith Bipin
3066;AFEXRCHGLYKM5ZGHJBVX6L5VIOXA;KR ARASU
3067;AFEYG7JVPH4TT6RU4PT7JJBT5HUA;Shailesh Singh
3068;AFEYS37TMYGZWIC6XZWB5A44WHDQ;KANIKA S.
3069;AFF3B5BNL52NXU2E3X5MOBNVGKGA;Akshay
3070;AFF3MID2VKCRG3UPIGY4OPDLKNBQ;Vishal Bhardwaj
3071;AFF3RSHZGO4BAR2KYIOVYD3VGZVQ;milind moon
3072;AFF3TSSIXAVH4BPSQVJCLNQH4BYA;venugopal
3073;AFF4CH4SPZXHDKB5BB25KUX22SBA;Aniket
3074;AFF4TQVTALIJ24PF3PWD376ONLXQ;Sudesh
3075;AFF4VJIKK6EL5VW7Z7QZGE2JAG6Q;Anil.c
3076;AFF57GWUKTC6BV7TNG2LEFWDVRQA;Vishwanath Agarwal
3077;AFF5TLCH4IYWCZK3FG64LZ4FHRHA;sharad Pathak
3078;AFF5UYOSGQEATDUIOBUQAH2O6NAQ;Amazon Customer
3079;AFF5WUW7WRVIFAPDQNHER4FCQFAA;chetan J
3080;AFF6RNKHPURFSB5UIHSDV57IS3QA;Suraj
3081;AFF76KWKCMR6GNPUXKEBO3N5YTZA;sonali ghosh
3082;AFF7763EFPZ7EQUC3YCFQBN6X74A;Vishal
3083;AFF7ZQGFBRXWPEJTK7JZDDT2KFJQ;Amazon Customer
3084;AFFAHR34UGZ7SE67ZFHBOPTN7VOQ;devi devi
3085;AFFAQFCCJ5DD22NG3VJQA3XPECXA;Shubham prashar
3086;AFFASS4UUKBTHTT4D4HXISPCWD3Q;Nilanjan kumar
3087;AFFB6IUQ46CEIYZ2U7OAYVKAL5RQ;Anuj Chauhan
3088;AFFB7SSARMFDEYKPBPVDII3AFIVQ;Satish Golani
3089;AFFBDPS3XMGKIVKYZIMXQZJGEI7A;Ankit kumar singh
3090;AFFBQAX7B4JEDSFQO5YV2N53DZQA;Bimla Devi
3091;AFFCDFQM4F2QGZUHKZYVVVTRQWAQ;Adarsh Paswan
3092;AFFCEWUI7XY45CEM76XENJ2RUO2A;Palash Gandhi
3093;AFFCMTSY6Y6SGHYK7FNX2HBZ3NJQ;ramesh kumar
3094;AFFCNMMFC5VPKDGX5FGNODAS6Z6Q;Pankaj
3095;AFFD52Y7MQO7ET2RYGACLHCZTRTA;Nirmal
3096;AFFDNRHZZZB4RCDML523QW3BV24A;SB
3097;AFFDTA4C2KBZN6U2VLE3H4Q244QA;amazon user
3098;AFFEE53W5EYO6PULAOG7PB3ROPMQ;srikanthmk
3099;AFFEO6RPTLDT5MMTV2OVV4H6PEQA;renpuppypaws
3100;AFFFREUP3WNQF4G2XFGWEFUHIAFA;Amazon Customer
3101;AFFGWYKF2QF2IRGERWSNOLQ2QW7A;Kushal
3102;AFFHIOWLVWJ4A22EGJX4ME7KQLSQ;Prateek jain
3103;AFFHWVYKVSRM37YO4YB3Z6IMFLYA;Sujit
3104;AFFHXQP3EVBLE64PWCSJKA67WJBQ;Noorendra Singh
3105;AFFITBM6PHS2QO3SI23K6T5FZJYQ;Vijay
3106;AFFJF7JN2X3UKBT33BHFMU2FCDIQ;Tejas D.
3107;AFFKCAWOTYV7EXKMDMQ5NVRRUV5Q;Palash Santra
3108;AFFMRURM355RMYWJADFZ5ALXRHUA;Anasuya Meghana
3109;AFFN7AMQW7KD2KL7BSYMSV3IIUBA;Amazon Customer
3110;AFFOJJV3AXO4KXET6TVWACH2AWSQ;Wangchuk
3111;AFFOKWDBWHTD73ESMLG5EHU6D64Q;Ashok.
3112;AFFOR2CVZKO4LFXRBJ2WEQXRHDKA;Aditya Jha
3113;AFFOW7D7WJY5D3E3PV26TYE7Y57Q;Prince rabha
3114;AFFPESMMRAITVW75DEFP65LRTM4Q;Rohit aggarwal
3115;AFFPHN5H4FO3XR2OZ3O2WJU27FCQ;praosv
3116;AFFPSASZUMB7UWM5JQETXHG6LA4A;Jay Sah
3117;AFFQMKXLAXT54MS2POKG6RZSRQXA;M.Pradhan
3118;AFFQUA4I35H3PGSIRL5BL3GW2ENQ;m pushpa kumar
3119;AFFRU7QVLXG4LNG6JKQKJ23KBA2A;Sachin
3120;AFFSKDBFEU4DW4HMBLQ52IQXBHZA;Amazon Customer
3121;AFFSSRKP2H3OGXCIJXFM4EJPPYOA;Jeevan Gaikwad
3122;AFFTDH4LXE4M5K6ZMJSFFPGBSQ7Q;Amazon Customer
3123;AFFTNLRTAYIQKHV7UYHDHCA5X54A;Akshay vijayvergiya
3124;AFFTXR2YGTS2NVJHQAAWSV7UNBPA;Surendra verma
3125;AFFU3N2R3CXUIL4HQJUM2FTMZDYA;Rajesh Sharma
3126;AFFUD4FDZRW3XZWBLQZSWI7AGFVQ;Sanando Sarkar
3127;AFFV7UV3IOBTH6NMTYK3D3IY7A7Q;Parthiban R
3128;AFFVGMQSTPJEJCPOO4ICULDQQIVQ;Sandy
3129;AFFVMKWXROYV7F5GCRX72SOBBEUQ;Amazon Customer
3130;AFFWY6CWXFXPQZ6FP4RDR3FHTCUA;Suhas B S
3131;AFFX2TCBVY23U5UDFM3NTOPUSCFQ;Mintu kumar
3132;AFFX4KVZMUXIEDXAJRMDEXK2RUYQ;vinoth
3133;AFFXN6T5QGDHRUO24P4PM56E7AAA;Dinesh S
3134;AFFY22A65MTFPCUSS6I7HLIGXFBQ;Clyde
3135;AFFY3SQ62GIH6BU7WW6J3VIEOMZA;Subhani shaik
3136;AFFYMSNEPTYBAA3XSKSKTTKL4IMQ;Amazon Customer
3137;AFFYX3FR3SF4JOIN7FIPEVVTIRMQ;swapnil mohit masih
3138;AFG2M2SXTLVAQPPIADLDPE4FCLEA;SURIYA PRAKASH.D
3139;AFG3EU556AXTCQXSTGYD2ACM5H6Q;Tanu
3140;AFG43ME6P6CX2VMBEUJ4A3VILLIA;MK
3141;AFG4CVSEFXYGJMIHZKX7JGGLCSZA;Quader
3142;AFG4PDUEAAG3L4OYGKZOSPZYY3OA;Amazon Customer
3143;AFG4YVV6ZDOXBWVY4WW7EZ7FABJQ;Gokul
3144;AFG5FM3NEMOL6BNFRV2NK5FNJCHQ;Manu Bhai
3145;AFG6LFTPXXKNHXVGXPDM6P3CCAHA;Paavanaarun
3146;AFG6OH7UYU5ZITX4NE2KQR3DX5SA;Ramesh Haran
3147;AFG7V27SPMFIYXCYQQCEXQECP3DQ;sachin kumar
3148;AFGABX3WXI4C644LQXZZG4Z7NYKA;Siddhant
3149;AFGBMMBD6NTVHNHMZSTDYVKFE2SA;Himanshu Singh
3150;AFGC6EORGDR3Y2COS4G5WRLHLPNQ;Dadu saikia
3151;AFGCP3XJSMEMPBXYIAUFFT67QV5A;Amazon Customer
3152;AFGCSWFB6JCB7T57BVBCLPAXVEKA;G Manohar Reddy
3153;AFGCWE3XJSFV3SHN5EU2N5VXWAZA;ulavappa s asundi
3154;AFGD7XWANZCPZOJOTM5PO7TCC4SA;Kabita patra
3155;AFGEKEI73SEGJGTUTZCS35U5UJXQ;Adarsh
3156;AFGENKSKOZGTS6YYL5CYWKMV5MCA;Nitish kumar
3157;AFGEXNVVJZMM7UZDPN6EBCUWSQNQ;Doctor
3158;AFGFQJHNRDFOHITQCVI57A5AVAGA;Nasim shaikh
3159;AFGG2P2ER6TDPATVVAMRSJNSHBKA;Asim
3160;AFGGQUIZ4KW57HMRGQTSERDLCFEA;SANJIV KUMAR
3161;AFGH45ZSJMWCXSPLJSCXHMGAACSA;Pradeep
3162;AFGHLIYZUGSZ226IRP5CMW6RM72A;Seema
3163;AFGHPNJCPTG3GN4WG2YTPWNFYPHA;Vyshnav
3164;AFGHRQK34D54OXQCRGX5K3XTR66Q;Sumit Nath
3165;AFGIFBW7GHAMXX5YNQFSE3HQYEWA;Chitra Jain
3166;AFGIOF47QJUHXAPHAUEQXT6LQJVA;Ankit Gupta
3167;AFGIZWFPMU77SMMBFMVKCNRBXPOQ;Niranjan Niru
3168;AFGJUJ3SUS35KINKLVKUSSPQOF7Q;Chinmay Nayak
3169;AFGJXN3GRKMMAAM6XCUL242N6KAQ;Amit
3170;AFGKUIIJE6RZVXZ3ZZ4SNSTXE4BA;Himanshu G.
3171;AFGL2BJQXPTK64ZAMF54LVNZLLHQ;Rohini
3172;AFGLK3RB6EJGURQ7WAJ5OCSYZVZQ;Harshil Sheth
3173;AFGLU4AR4M7DZADQJX5SUGNZW7UQ;Govind Prajapati
3174;AFGM4HXDHOITFTWT3H4ILBD46Y3Q;Bibek Narayan Mantry
3175;AFGMGHDUS2Z6ME6PD3XFJM2VKOEQ;Samrat Mandal
3176;AFGN6I3CNM2SKJXVEEVVXF2DPB5A;Amjith' S
3177;AFGN7L5DTGD5IJJ5VQ4IY7G2J35A;Sàñkêth
3178;AFGPABA7HWGCWXXWZV5QOIOZY77A;Harshal Mehta
3179;AFGPLYW6L6FYUGQDND7QGCRL2H2Q;suraj
3180;AFGPRRCCLCHA7EEQRXPRLTJPAQ7A;Deepak Rai
3181;AFGPSJTYN4E3AQJH23WKOKD2FZCA;S.Anbarasan
3182;AFGQKKARKUCRSUEBE2EETDPNLTEA;Rama
3183;AFGQN6RWDATMEVHEO5POPH6VYFRQ;Sumit
3184;AFGR637UP6QAHFJONHIC6LB54YNA;Subhajit S.
3185;AFGRH4DRQCAFVZ32E2HCJV2FY2CQ;Harshada Rakhade
3186;AFGRUPW5QB7WCNB6QKBQJWLRD4SQ;Vishnu Mohan
3187;AFGT22JJOXW56REVEYUUUEME2ABA;Sonu kumar singh
3188;AFGTTEXEMY2JB5T2LU3VKLX2IOMA;C Balasubramanian
3189;AFGVIUCA3RTCKMTDTO3XGNTHYFWQ;Rajeev Lochan Brahman
3190;AFGW5PT3R6ZAVQR4Y5MWVAKBZAYA;Rajib
3191;AFGWCA57CSCLUTCHHHRQOHUZALAQ;Sujoy Singha 93
3192;AFGWDVXHRJHOJ5XGBMFVXVCQ6FKA;Manish K Gupta
3193;AFGWFXKWBDBAQ6Q2FCANAK7ZJGUA;Gurumoorthi
3194;AFGX776XSUUA2LIYKLHSXN3PHOXA;Karthikeya Reddy
3195;AFGXHN54PS4545UIGIHTMWU7OI6Q;Selvaram
3196;AFGYFEYGHTS5QRQ6WTYBPJUADAMA;harmeet
3197;AFGZQNTKB7GCYDFGCOV2MF2VBSXA;Papori
3198;AFH2YOAAGY2IP4U62G4VZ6ABXJLQ;SDev
3199;AFH3GSHTIVQMKDP27TOCVV33JPOA;Anil
3200;AFH3LWABFWVDV36O4EA7EDMVB7OQ;Dr.Aasif
3201;AFH4EKSLJGS4ZDREEEO5PLDGDWUA;satinder singh
3202;AFH4LWW2SJ3GJZ36UGIO5CSYNQUQ;Santosh
3203;AFH5GFI3ZLDKRPX7OOXJDZKNTTTQ;Vyshnav g nair
3204;AFH5MQTFGQYYKITYYBH5CFON3PEQ;Amazon Customer
3205;AFH5RGXHECG6OFJEKVIAUWKFYU2Q;Rahul dubey
3206;AFH5ZTE3LQMVPCB6QL2KFB52KQBQ;Balamurugan Thangavelu
3207;AFH5ZUO3KMVT2SYS6CNMMXZA4SZQ;Kamlesh B.
3208;AFH75FMWPZH6ZQFZREPWZDS7FEKA;shankar
3209;AFH7NASUMH66QSOAFC3OEXCF5LNQ;hiba
3210;AFHA226SDRCFNI2A6W5IBCVKEOCQ;Surinder Kumar Soni
3211;AFHAATSERIT56U7QXWGJIL4MO3KQ;Ajay
3212;AFHAHH2DM5FFTGWJWMQBFMPZJE4A;rajaram
3213;AFHBK5CYQFTCGBI3AI5RVFZ5XCVA;Sheeja Mol
3214;AFHCBV4DAEF7UL3EHVLA2VQ7R3OA;T.Y.W...
3215;AFHCG4ZUNHS5X7PYX6IPZA3AO7PA;Shiv Kumar Saini
3216;AFHCO46ICGCCZ7HI7WZSESKXHVSA;Anas P V
3217;AFHCZWXABRKQE6YBEDF2G5OEYQXQ;Philip Alat
3218;AFHDJKCENRGUUZD2EYH6VDCJO5SA;Abhirup
3219;AFHE2TI3W6OLWLYJHVQNAT3C5BUQ;Shivam
3220;AFHE3U3LPV6QO6GVKLGXRFCH3YLQ;SANJEEV SINGH
3221;AFHE44JRHYO42EGIWNM2GC75ZIJA;Kalpit Sultania
3222;AFHEOUKPVR6PP3KYPZAYRZSSTGCQ;Suman
3223;AFHFQB5UN57HBBYIGBV4YYZDXSZQ;Aby Jimson
3224;AFHFQZ4WRMY2BZ2M6EPZVRTWARHQ;sajal
3225;AFHFTUD3BM25DHFHSE7N642W5LEQ;Anish kanneboina
3226;AFHFWBZJFIRZ46VUYROTK4I27C3A;Sarvesh Yadav
3227;AFHGWFMHIMQWZDC7MDWA55EBUZEQ;URMaddy
3228;AFHI5YETSSJR7CTVO2PP6ATKWBBQ;Ajay Kumar Pal
3229;AFHIBNHDDDHLLVSXTV4DRYLOWM5A;zamasu
3230;AFHIHV565WL46UIVDWGV5UZHZFXA;Filsuf Navas
3231;AFHJ53JKOT2VWMLKXNADZHOFDMCA;Rohit Kalyan Khaparde
3232;AFHJSGFTBH6DO62VXXNYJWTRC5JA;Ankur Singh
3233;AFHK3ZGJ2YCZLGNZTHLEN6MVGCAA;Anjay mandal
3234;AFHKIURZM4R62UEXTOCZLI2FPQ6A;Ritesh Agarwala
3235;AFHKIWM7FFXHOGRBL4KXZJN74D4A;ayush
3236;AFHKKUWCQRUBPCUAOMO5OJML5B5Q;Himanshu
3237;AFHKQPCPHXZP3ZYZE5AN7VSCVDRQ;Shubh
3238;AFHL3O7WGXMUCMEX3NRC7SLK2TIA;Ishan s.
3239;AFHMG44566SPMVPBLRU7VTTJ26VA;Ayush Raghuvanshi
3240;AFHMLCTD3ZAK65UCZUDGPLMVRE5Q;Abhishek Chauhan
3241;AFHMVP4622IBCZIZ2BQ2DQYMRXYQ;Priyanka Mishra
3242;AFHNMLRH3T77DAFEJ6UUIVBTMB3A;sudhir
3243;AFHOIELXNNNUIH657DZGY66E47BA;Ankit Nagvekar
3244;AFHP4M777XP7BFZDMZBUR755IQWQ;Nitin
3245;AFHPAS35RXP7JEKV5KVVGGYIOV6Q;ANUPAM
3246;AFHPPBAJGDWY57QWBC4P34LOKRHA;Pawan
3247;AFHPT2SC2FCLRFYAXBVAYHGPFA6Q;Daanish Daaivik
3248;AFHQK5EVOXJQOV6ND7A7RESRSZXQ;Aryan
3249;AFHROSCGIXUPV3FYQ7H5QOD46Q7Q;Justice ⚖️
3250;AFHS33MWRQGSS64EETZJGCBWXXXA;Das
3251;AFHSGENEII3KZX2B4PUT7PN4E2AQ;Amazon Customer
3252;AFHSGIPKQQMN6CAZL6LCCBHOXJ7Q;Bhupesh
3253;AFHT3WYWI4DB6Z42VVJZQGFFNIZA;Amazon Customer
3254;AFHT4L657CBTBKZ2UZEYQBAROXNA;Abdul Maktedar
3255;AFHTHDZC4BOFGJAGPN5EGVLT76NQ;amit kumar
3256;AFHTTR3AJAXNL2L2DCMTWPIBZELQ;Bishwa paul
3257;AFHU7KCA3ZL6XOL3PYSGYJM4LAZA;shardendu dwivedi
3258;AFHULRP4IR7O4FQKWKI266O7VZQQ;Sandeep Kumar
3259;AFHUNQB64BPF4MYZRRLEYY3KW4JA;kuldeep
3260;AFHV7P56J3ZHPKSNHAQSO4YCETBA;Ujjwal Murmu
3261;AFHVZ4KFVKXPO55UNZLOJEQIUQYQ;Yash Tanwani
3262;AFHWTIWTNOD6HUF5VGHUIVQB3VKA;Raj
3263;AFHX6LN2EGRSLCIKZERTK236KJWA;Angsuman DUtta
3264;AFHXOJYSPDBZUBOUC44SVFGLXFYA;Mitali Bhargava
3265;AFHYPBJQA4XGEWJLPUSFVQU2EKXA;YOGESH R JAIN
3266;AFHYWVMTDKYPL2TFEVYTCNHJPJZA;Amit Singh
3267;AFHZLQ2Q3GSCQCWMF4N66DXXVJCQ;ankesh verma
3268;AFHZWLSX6C4TWMNGGNGRE2KODIAA;Junaid Yaseen
3269;AFI2AGCYNXV2A3SKAJRTFFX65HFQ;Anshi tiwari
3270;AFI2FV3AXQSNQA75L3GDFBY2RZPQ;Manish Malhotra
3271;AFI2SQEGAA3335ZEAMB52XPPHS2Q;Amazon Customer
3272;AFI36ZLFDFH42B4RA7PAXXRQTDAA;Sujit Barua
3273;AFI3EFAYZRL5L5TQXRQBQKWJQJTQ;mohit singh
3274;AFI3GFCFBOM4G6QGUKQKOZYO4BGQ;Milan Gelani
3275;AFI4YEGCYKF6Y5UN3GHY2AKCQYHQ;Saurabh kumar
3276;AFI4YPCZQHDV6ZO7ZJS4IEGDMNMA;Md Kalim
3277;AFI5C2KZCUJSWZLUFDDRAPMFJPSQ;UMESH LAHORKAR
3278;AFI5ILRQ2722AXN6DPUEV63DSY6A;krishnareddy
3279;AFI5YRB4PKR26ECAXNTMOWMXMEQA;Royal
3280;AFI6J7FM55FQVJBAEQHVPNNQSKQA;Koushtub goel
3281;AFI6OXAAZYUPZN5I4RP7TC66JK6A;Abinash J.
3282;AFI76LT4UP2L3SFJMDMH2C5SM6RQ;Jitesh
3283;AFI7P52BGRV2NZVRGTJLLCBGJC6Q;T George
3284;AFIAREIU3BQVJUNZTYKC5I4TTN7A;ullas
3285;AFIAYICSN46TZ373SYU2DLQH7MHQ;Tejas Jha
3286;AFIB2L4BUCFPIG5U73AN2BVJ3QSQ;Aveek Dutta
3287;AFIB4S4TTITWHDPKW5U3JISOCALQ;Amazon Customer
3288;AFIBKGBT5ZOFVXM6MCB6LB7C2Z7Q;Amazon Customer
3289;AFIC3QEUDEWLWIHED5B64254Q5QA;paul
3290;AFICHFCZ5WJJOZ6HM67EQ2L3YYTA;Deepak Rathod
3291;AFICI6GI5DCTRS6JVCYRPATIPXSQ;Sivakrishna
3292;AFICN5SUTEMROEAXGDQQ6R5DWIMQ;Amazon Customer
3293;AFID7FPYXSKYIQ4TXVZRJLDCTNWQ;Jeeva
3294;AFIDAKZO3JJUEQ5XHV5DQFPWMWUQ;Shresta reddy
3295;AFIECTV45ADX5YPTE2VU6ORRHTGQ;Manoj kumar
3296;AFIEOCOML7Z7XPPQYE7CRZW7SA5A;Burhanuddin Madraswala
3297;AFIFHW5QMFMTWXNZ2JORBMINL3CQ;Gowthami
3298;AFIHBS3KY7XZ2DGYYEIQ66UHBX4Q;Monotosh Saha
3299;AFIIBGWYNYPKBPVV3YRZPI3PYGBA;Sanjoy C
3300;AFIIPGUQPWYMXSWDC6UMMV2GNLFA;RAMEN MONDAL
3301;AFIJ3YWPZ7XB2PZOM2VOCHGKZ6YQ;Nikhil
3302;AFIJZPIDNQJFJUO46X7TVPBDYSCQ;Mahantesh
3303;AFIK7KPO3RADGPXCTCIJAVH42RLQ;Deep Ghorela
3304;AFIKD3VY6WOYWPMJUTELWZAXHIXQ;Govinda
3305;AFIKGABHNR4JSITY4CNM6TMO54EA;Rama Rao
3306;AFIL2POTFUFLYZ3Q22FF2S4KIC2A;kannan
3307;AFILRU3X2FCDPDW5UKLT6C7OPJSA;Afrina Hasnat
3308;AFILVEY4BG7TP2XCLB7N6AGAZMFA;Arjun Kumar Ravi
3309;AFILVH3E6XXNDPWWK5NDSVKXLEHQ;Keshav R.
3310;AFIMXZ6IJBTM5TLCPTDUL5YL6ETQ;Pushpam choudhary
3311;AFIND4QQKETURXU76GI6655ZFS4Q;Nehru
3312;AFIO2JLNOU6SSNCHMG2ZED34SVNQ;Srishty
3313;AFIO2L3EQ43TI3JBLPVTOWZRSKWA;Viveka Nand Verma
3314;AFIO5M6WIUKDYTE7PYCYGYW2Y5WA;Anindita Dhar
3315;AFIOG6MKUPF37DAJ5VTKKPFG62AQ;Sangeeta wandakar
3316;AFIOILAIZXRGBCG63U6QWKUJUL6Q;Pavan Singh
3317;AFIPAA4KT36MSZTCVAITRIUVJCNQ;Ankush
3318;AFIPC6U53NW33X7IKK7KRDEA2TCQ;ANKIT
3319;AFIQ2NB5ZBTPFZ5JYIRHDLJGBQKQ;Dr Kushal Mital
3320;AFIQSIL7ISWOODN5KHNEOMLRTICQ;Akram Khan
3321;AFIQV62SLZITCC4FDVBUSBXBBIEA;Pankaj solanki
3322;AFIRCW3B6RJPGLBHGXSYUWY27DNA;jatinrohilla
3323;AFIS2LYGKHAXZN6NFF2JJI2M4TBA;Vinit Sarin
3324;AFIS3N547NISE4TGX3YU6F4X2AGQ;syed akrampasha
3325;AFISEMWSVQU4VQ6RZNXCUSE4UHBQ;Atul
3326;AFISQSPSCQ5GMHX7TIWHTIQL25MA;AJAY JAYAKUMAR
3327;AFISSFINCYUYWGRYU3I7QVNL6JCA;Sk nagourbie
3328;AFITUHP37XFHAR6LTTXOSFZIJM5Q;Sunil
3329;AFIU4APGHOFMXEOVMSQMYKMZ46QQ;Amazon Customer
3330;AFIUBVJJSLGYNID7GWQQHPE3KSXQ;Tharun Balaji
3331;AFIUCL2BAVOF2TKHTDO6SILLENFQ;Kavitha  R
3332;AFIUVXNEPQTVOPLMJ5462QTEWXRQ;Shubham Chauhan
3333;AFIVHFGYMXUH432ZHISVITBGO36A;Mohamed Jarjees Ali
3334;AFIVMGZO74QYOK7KXVJMFH36PTPA;A. Dubey
3335;AFIVMIYDHVSWUJ77XS632R7TSN6A;Lachhu Tejwani
3336;AFIW2ET2FNOABPCJHIJORAYTPUIA;Ramya
3337;AFIW2LGGEMKYVUE6UG2YLJ73QOLA;Vivi nyuthe
3338;AFIW7SS6JYD246VDPFCNSS45PH7A;niket
3339;AFIWBQHKNAVWZTU7RYW3TJLJVPOA;Shashi ranjan Kumar
3340;AFIWLA4V26PMEUGOVI5YCG3P2CQA;arfaat
3341;AFIWP2JBBUU6SH3MK355UEG4TZGA;SUMIT KUJUR
3342;AFIWQPGVVMPXHXEOCBSOG7COXDDQ;sam chauhan
3343;AFIWT3CLAKB55S43VYSJ53PPBPQA;Bhima Merad
3344;AFIXIYJE5BEMYL2TLUYPGAPYPC6A;kapil Raibole
3345;AFIXS23I6JWYAYRYKIQN6XQ5DNCA;M Sajan
3346;AFIXXDE6EGSPL7Z3V2HM2ONLKILQ;Bhushan
3347;AFIZ6OD2C7QAISE7FEEQR4C2NBGQ;Apparao Yarra
3348;AFIZUD4UBB67LGWY6CVLRHKA75IA;Deepthi
3349;AFJ2JLBLHGYGNKRMGAKXPGKHFUOA;SANJAY
3350;AFJ2YACJOQIL4CKZZEDPSP3PZHOQ;Navin Yadav
3351;AFJ3CVFC3MO2Z3MYQTCELWT4TTKQ;JAIDEV CHOUDHARY
3352;AFJ4DAIVDLVCW24FWODAT5O5OHNA;Rajeev. R
3353;AFJ4QE5S3Y4YQR2FV36TS7QDG2KQ;Manish Pandey
3354;AFJ4RYVZPFVURFU2KARPMUWJHY5A;Bhavneet Singh
3355;AFJ4ZH2VBT7VFHQNRMCEX2L2LBUA;Ajit Srivastava
3356;AFJ5FUWKGY7XDPJOCMQ7EZQYHEFA;Sarmistha Choudhury
3357;AFJ5KPIQGTPRDIYT4PGZCUN63SHQ;Amazon Customer
3358;AFJ5LGRDRG2RMQGAD5BJC5YXQSJQ;S_Sarkar
3359;AFJ5MWRUWPXTC7NZYKXRXMNOKV6Q;Sukku
3360;AFJ6ALITTDOSUNPSFLRGDVIAEWBQ;Advaid Haridas
3361;AFJ7OTPT4MWWC3XXZCYYKIXEXFGA;Arty
3362;AFJ7UDS63R5ITGAMOSRK7KNWHSSA;Wilson Patel
3363;AFJAEGGXB3SFKV3CIQG672BJD3HQ;Ashwin
3364;AFJBNICX3G744YBO6GHEEUOWA7QA;Gourav
3365;AFJBVZGNIZISS2EGIUZRHMIDD7AQ;R. V
3366;AFJCL4S4SSCDXKTSMZJQ7DWNWQBA;Amazon Customer
3367;AFJDCQHDXSOYUGXT2X3FCUO7K33Q;Manish
3368;AFJDOSRR2KIFBLK2WUTPPB7ZGYXA;Monu
3369;AFJDUYYD5BCY5PU522GYHMVIS4VQ;Kamlesh Chugh
3370;AFJE6BAJEFG4B2OMCFXYFXBSWR5Q;Hitesh Mori
3371;AFJEOV652OA6P6CPXI6U34PC677A;Bhavesh Bodat
3372;AFJFRA7ICAY5EGWEPVUYVN5F4F6Q;Harshavardhan B Bhojakar
3373;AFJGD6THKLQUOW46YHUM7RY2IPJQ;Vasudeva
3374;AFJH7QKP457YR2ZYLVCPSMM5SWHQ;Rajesh Kumar
3375;AFJI2CTQBDXHG74Q3R6S5RPYTOWQ;Amazon Customer
3376;AFJIOGKIZE7HIIGKY7UQYGKCHUTQ;Naveenkumar.K
3377;AFJIYRZTBOJBOWYQ5RNA36DBBXOA;Nitesh singh
3378;AFJJ4SJN2GXTYC7637ZAKSONPJWQ;Amresh singh
3379;AFJJ6ZOQE2X5M5FZHRUGNGHXPS7A;devi dan singh
3380;AFJJH654JT5YBKS72KDWAOPPCZPA;prakash
3381;AFJKLPLG5YPJLSF6BHH4W2MJI35A;Unknown
3382;AFJLA3VGFKFSX3VC6UC4ZAYVR4DQ;S Salman palka
3383;AFJLDRIDWU5X34BNJZSWOG3FHLRA;Vasu P
3384;AFJLVCFIQOLK52GX6GEPNDVDXMLQ;Satyajit Patale
3385;AFJM5RTEFFX7H3WDQYDY6GX5HPNA;Gaurav thapa
3386;AFJMCZWWZZF4HZYT5QLSXG4AKOTQ;Chris Fernandes
3387;AFJN6RLNPLI6R42GH7IMYMMOXGMA;bhupender
3388;AFJO4HYHQHYRKJJNE3ALLGPP4J5Q;Viswanathan K
3389;AFJQ6LWTWGENRRJXZLWWX27YREJA;Pradeep,Tcr
3390;AFJQGE6TV2BR754CRHDMTKOCTHNQ;Bhuvana
3391;AFJQMCVVZBRSBACG5CHFJ653CXVA;Ram Kumar Mishra
3392;AFJQNV4NJHIBN6CLE4UOSFS6KRYQ;Abhishek Mittal
3393;AFJRW562LETJUBBZYVI6VZA35WPQ;Nagendra
3394;AFJRZNL7J4OL63FWNNUFK5PPJZGQ;Nitin
3395;AFJSEVZLNI3MKTWAMJJVH6N5BQOQ;Monu khan
3396;AFJSTDPDPNSJF5IOIZN4ALD2W2NA;Rafik
3397;AFJSUF6UQOVP4YGWFRSY6RSQJ2WQ;Anshuman Kashyap
3398;AFJUCN3LJPEEGA2MCUJMISQ3Q6SA;Srinivaas
3399;AFJUTJ2OOOMAALQVWF4NJHMWWTLA;Amazon Customer
3400;AFJVAVYH2K6VUCTNLA5HZ45VQFKA;gowtham saran
3401;AFJVNPC2VSQ6SO7WIZJ5Y42BU5WQ;Naresh Arora
3402;AFJVOXOQOKVDW2MJ24CT2NJD6Q7Q;Marion Noble
3403;AFJVYK4FXVGRSTSLGVUE5JGB2NVA;livin sebi
3404;AFJXIJRSFMMNTYMOGJK7EE5XNRAA;Arun J
3405;AFJXJVGLO27UBT2KSFMXD2QDKGZA;Abner F.
3406;AFJXMQS4GNTUM3XD54H5AH62S7XQ;Shashank Verma
3407;AFJXTHVSM4WSXPKINO6S6L4OI5CA;Amazon Customer
3408;AFJXXS2L6HWWPY3JISX5SCNOEJRA;Indramani Shukla
3409;AFJYBPSS4S2VWIFDX3BWJQJ7OFNQ;Backpack Nirvana
3410;AFJYPDELIA7MLTKDWYGQSYIGZWZQ;Mahender
3411;AFJZ3VZZ6FQUGCAV2NYXFS44TAMA;moulesh
3412;AFJZOVZXLGXGULVMNOYLFI5TO4GQ;Omi Mayekar
3413;AFJZWYEHRGAPQPS5N64LTC3JOCXA;Alina
3414;AFK2NWB52ANDVAGQ53VJ222Y5GSA;Venky
3415;AFK3LUAAIPVB22RJDB74TVOSPC2Q;Ushanandhini M
3416;AFK3PX2HPROWVOD27NFYCUDWKRGQ;Sunil
3417;AFK4JLZVY6JQ3VZHAVISLJ72RAAQ;AD
3418;AFK4NJOLFSJGWLOJIUIAROJF6YVA;Ajay Wadke
3419;AFK4TVL4GOKGSKXKVD4ROM3NWE3Q;anil
3420;AFK4V6NRIQGVYQCCBMQCSLRG2ZXQ;Maaz Shaikh
3421;AFK54CUHW2VKQOGOWQD432GXJJJQ;Arbaj Patel
3422;AFK63ZR76EMT36E6263UOQCDR5FQ;Kailas h rasal
3423;AFK6D62HRZSHP5W3DE5QGYUYJQEA;alok tripathi
3424;AFK6DW5LVHZG5WLY6E4ZAQC4QKYQ;K.S.Tanwar
3425;AFK6EVINI6JZPXK6CRXGD6G7V6VQ;Jayan Menon
3426;AFK6FJPTHV56DSXXPAMBI4F7YUCQ;Binay bharti
3427;AFK7BE52MSABKTBBCCFFW6SINUYQ;nirav
3428;AFKAKXB7ROJUPGDQFMMREJPHKRGQ;Azarudeen
3429;AFKB6MWYZHS44ZDTVNSMRGBR2CGA;Chandra  S  Sharma
3430;AFKCVK2XABWVJXQC4AHL37WW2FPA;Vishal
3431;AFKDGUQ5TMGT3PXBDHAWPRE5CACQ;Sai Sriya
3432;AFKDML4DUIIFJPCMTZZMJTLQR5VQ;Mannat s.
3433;AFKDOXOXP7HNZMXU7N6CLFCUSE3Q;N. S.
3434;AFKENW6K3CFMTD3EGXQCUGK5XWWA;Kiran Kolla
3435;AFKFATTS6WN5ILCVN6CMRLYR7ADA;manish agrahari
3436;AFKFBTTWJBF4ZULRAQ5HQ6JUUMUA;kapil dev
3437;AFKGFQ6SM5VJVVFZM7RNLTQ4QFMQ;Eshaan tripathi
3438;AFKGUUI7MXXMU3IRK4KDHPAP5OCA;krishnakanth
3439;AFKHLRBSPFYWOOTXEENPIWUVNZGA;srinivaas kandula
3440;AFKIFIYLWXVSKFCEUBX4ID3T5QHQ;Prashant T.
3441;AFKJ6IC227YNTE5PYNVT4YBPT2SA;Somesh Bandopadhyay
3442;AFKJY7IMQCOSU6NB3XEGTWDUAJAQ;Babujis
3443;AFKK5EPGR2CMH2TV2EUSQM4END4A;S Anil Babu
3444;AFKKM4SXCCLJDRUQUZ6J4W7HLDYQ;saatwik
3445;AFKLAG22RFOVUU5PLNHQ5K6J44ZA;Sanjeev Ydv
3446;AFKLES3QOCRLIMJWHPEJVGK4RX3Q;Praveen Pavitrhran
3447;AFKM46JT4BN64WI6WKVJ5A4SS7RA;Vansh Sharma
3448;AFKM5QKOTWULFDXK6QVZZMMPOV5Q;rajesh
3449;AFKMOTBVCZEGAYHCXPFHV4PFTD3A;Priyanka Das
3450;AFKODCETW6PO3PQ7T2D6SFHRFB4A;Gowthami
3451;AFKOJLBHQLFZ3EZYM3QQRATTZ37A;Samriti garg
3452;AFKPV2TBH6JBO7XK3E4EMJDEEGTQ;srbhkr
3453;AFKQ3TOYUPI6L7KPMRWMFU26JUMQ;Vinay Savla
3454;AFKQJYKMEKQZLVHSLYTHT6MO4CFQ;syed
3455;AFKSCELXRYLARIVIXIWJQPHL5AHQ;anoop sharma
3456;AFKSU4D3IE4KNDBVVBEA3AHDD2YQ;Maestrov
3457;AFKSVLIYFZUL6NT2QFBSXMWYZUCQ;Sinabail Mitra
3458;AFKSXB5D4V7OTDHTLNFF5COQ4C5A;Kapil
3459;AFKT7G2UM46AJTJZXWBFXXH36B7Q;Soniya singh
3460;AFKT7LV4XE6XJ2VTHCBHPQECW2RQ;Amazon Customer
3461;AFKTDJKT5X5JYXWOH5SMI7ZBB42A;sourabh chatterjee
3462;AFKTST2773VUOKUHE7FCR6QCAURQ;Mansi
3463;AFKUC4MUHKKVBKYKGLJ3W52G6SVQ;Priyanka.s
3464;AFKUMZJL5723MB5JTWMAOVXHVXFA;Akshay Gupta
3465;AFKUSVMWBALVVCQCORIG2IZBAPLA;Richa Jethani
3466;AFKUWB5DABB7DVVRNJADCSDKFJ5Q;Amitasap
3467;AFKWBZELRCG57S5TPMOTZNE5KANQ;Shan Mohd
3468;AFKWDCNGBBYBDQBKMFJUVJYY77XQ;khageswar
3469;AFKWGPZEQJSGXGJSTDLUMBLVGKZQ;Amazon Customer
3470;AFKWNS6UYCGBMT6TITLEW7DRFR4A;Sahil K
3471;AFKWQ4PQTTDZKB7EET3UOXALXIOQ;Noone
3472;AFKXPQJBEVNNZLC74ISHNFVCO6CA;Prasad
3473;AFKXQZUR2GH27ZHONXGHHK7SC26Q;Aaqib
3474;AFKY3NTT4T35K67VJ2RIO76YDK2Q;Pravi Gupta
3475;AFKYLJ2CLPR7FIWD2MBXNIER7R3A;Jaydeep Shah
3476;AFKYLXLD4CQD2ZTR2332YUOELWAQ;SK YOUSUF HUSSAIN
3477;AFKYOQD6A4YUIYNDYWHM27QXER2Q;charafoudine
3478;AFKYVEINPQ32ZQGZEDXOSUWEDFQQ;Chethan KP
3479;AFKZHMXRXMRTVZLMHATTD53AVKRA;NOTTADRIS
3480;AFKZM7TNSX7OVVQP26GUA2NULWFA;Husna khan
3481;AFKZZOQ7J2SOXP3OHFBEDXNFINCQ;Anan
3482;AFL22C5ES4DZSC6N27NNFSYLU3TQ;Sibani sahu
3483;AFL2ICS3EEESPGYLFF7OTVYMLVJA;Nitesh singh
3484;AFL2RLMNGDTJED222FJJLDX6BN2Q;Ranjit N
3485;AFL2ZLTGQ64RMXKWRI7QSA3457GQ;Aappashaeb Barsale
3486;AFL4CXIRQT4PT764WYAH2OT3TSBQ;Raj Patel
3487;AFL4I5P7WCRS6SYIW4ZNKWADKV2Q;Tony Augustine
3488;AFL5LUHNIIKW6G6GPQML7SFN2W5A;Joseph Ka
3489;AFL5X7LNIPQK32WX2QUOVSWPQWVQ;Madhur
3490;AFL5ZDARQ6ARU2TN3RCY7KFBJBZA;PRASAD ALPE
3491;AFL6MZDS6GWY7546AYCY3Q5L636A;Amit
3492;AFL6U5G4P2KLLZU4HCOXES7ME2CQ;Shaikh Shahalam
3493;AFLAE4TFD7YC22INZXE2MTEVRBQA;Amazon Customer
3494;AFLARMOT32PZ5FPIILELCOKTTCWQ;SuperPlayer117
3495;AFLAZ32RGD2TCCZ6RXZSJTOPYUZQ;Debendra Nath Ghosh
3496;AFLAZCEMJXTBN2USCU6KZLCD5QAA;Himanshu
3497;AFLB34EOC2F37MXTUPWYAUBFLXKQ;K. prasanthkumar
3498;AFLBLMPC4WUEDUWHLHBQVY5AKH2A;Velir
3499;AFLBOY3G7HT3TAYCHSRFBXF7M2MQ;nitesh
3500;AFLBPRZRXYFOHOTCHPTFLPZCQOWQ;Don Quixote
3501;AFLBQUGX2NEY6DLJBUN7O6LGH4QQ;ESHAN GARG
3502;AFLCRL5P6JC24SEQTM6ASIJUVC2A;Shubham Soni
3503;AFLE4CBGWA423HZGZY3AYGMCR2AQ;Padmanabha Lingaiah
3504;AFLEC3GF7O2FVX6GUCGKKV3TB4OQ;rubhaganth
3505;AFLEMCYMHBBD4SS4YSWSCUKRMCDA;Sreejith Damodaran
3506;AFLEQIFCKD7EUBQTHJ7T7XF4MWMQ;Biswajit Udayabhanu
3507;AFLFEMT6PKT5TYRSSFSGKZH76GJQ;Ravi Yadav
3508;AFLFHQMJXDKP4FNRZVNDLBCI7ULA;Amazon Customer
3509;AFLG2PW5COQFF4ALCTWAHMWQ5XBQ;Ananta Bhaskar Somawanshi
3510;AFLGGMV4SBRWIXXHBCHESRA5WMVQ;Rohit S. Rathore
3511;AFLGIDPC5GTJ4ET22CVZHSHBYCJA;Madhav Ashokan
3512;AFLHIPN4MXE2CDTUI675U5BMGJ5Q;Subha karmakar
3513;AFLHNKQH5UQZU3ATISKSMRE2KEDQ;BOOPATHI
3514;AFLHQI5WLHXYFRFITHAHJL5PSDSQ;saurabh manro
3515;AFLHRHONMOZXHDC2ZOZHFL4YJIQQ;phone user
3516;AFLID5BXTJU4P2YML63YQCJDCP2Q;swetha
3517;AFLIE3ETZWXFSR27QFUUOHKSUR7A;sonu kumar
3518;AFLIHOX2HH7S2OJAD63UAHKMY34Q;Avii
3519;AFLIUDPXTMHWUWXDEPUT72WCMQAQ;Lx
3520;AFLJZDGN73GMYGJB4HNT2CXBEDIA;Shiv SV
3521;AFLK4LJALINEZNWRQDQX3NZPKKFA;DEBASIS MISHRA
3522;AFLK6ZRFGVUE3QE7RXQXHDOPPJUQ;Mahesh prajapati
3523;AFLKD5Z33WDQ2XULJBYG76T3YGVQ;seeni
3524;AFLKEO2K6COQHU2DXPFV54VSZYDQ;Santosh Verma
3525;AFLLBLLQVZ3QSLIIGODVPUBNBBEQ;Harsh Mehta
3526;AFLLCZFPCLWLDKVX63KDI75LX7EA;Srikar Kandikonda
3527;AFLLEPVLIAH2DFSHAZ77KWFM72ZA;Rambeer kumar
3528;AFLMOZFV4PMKSM3JHJ7ITUT6OVBA;Goutham Giridhar Kamath
3529;AFLMVNHSWNI2JPAMQKSOKJPAKHMA;Sanath Menon
3530;AFLN27ZNTKWROZVTQW6EZEQSEQ5A;VEDANT SHAH
3531;AFLOAOURRZZZGFBF7F6IKGXRB6NQ;Abhijin Janardhan
3532;AFLOBYPV2H5LSTBAHZWAMF3DHSBQ;Ahmad
3533;AFLOF6ZEMEH5APN3LTRVYG5SMEXQ;Subodh Gupta
3534;AFLOWV4SAZ4GJHBZZJLRC3UYJPPA;john prabhakar
3535;AFLPBF5SMLJA7SIGVIGSREWQQWIQ;Saj Erassery
3536;AFLPTFP6N5EL5WWVVB5ELDFJ6DPQ;Bsanju
3537;AFLR42HKKN7F2O7BC7GAZJLODZEA;Neeraj
3538;AFLRNKKT3DOOAGGWGYWTKEQMGZXA;ALOK NATH
3539;AFLRPHJSRGH5NKPA7OBXUJ2JZ27A;Rajesh singh
3540;AFLSABEQELMYX7MQMC76CE3YZA4Q;Rahman
3541;AFLTI23AJOP4G45H4KOUBGB64JZQ;raj singh
3542;AFLU4N3XW4NR5F76OYE32MFHFNDQ;SAGAR B PUDABANGI
3543;AFLUBMW56L2YZFC7R3RZVLC7YGAA;Doctor eye
3544;AFLUP455XO2GOJYE3C6XS4OZJHNQ;Rajesh Babar
3545;AFLVF7Z2KJ3LC3TT4NUUSQ7PUYGA;Venkannababu Naidu
3546;AFLVPDTAQYKZ7OA4FBXW5NOHY2IA;Shubham s.
3547;AFLVQOCKHNNVELC2E4SX2GF4Z5TA;Krishan Murari Gupta
3548;AFLVRNJ3FWTYVR2QR7LMMAXOR2VQ;Aman.MD
3549;AFLW4WXYQ3G6HU5LBQORDDZO3FOQ;prabakaran
3550;AFLW52DUWR46PKQCPT6ON3ZC6WYA;PUNITA PARMAR
3551;AFLX5QGGOSHYDJV3E42JXTXCRXPQ;Hari R.
3552;AFLXEGOLHUOVKYQTGGKQHW7ROJKQ;Mayank  Arora
3553;AFLY6EXAO7CNVWL2AVBQVO224Y3Q;Mahendra
3554;AFLYLUQJLNGO32IJITTXKWO2YOCA;Rahul Mallah
3555;AFLZU2MKLPZCUFRZF6YEXYUF4RLQ;Kalai Yarasan
3556;AFM26HOEORAI2OH3PKFIIZQFQHBA;Customer
3557;AFM3PEUDKST5I4ABCDADACT6UJCQ;Harihara
3558;AFM3U2B3HNE4E5JV4Z6K7WD3LRUQ;SATENDRA SAINI
3559;AFM47S7NXDRALSGXS4LAFU743QJQ;Vikash
3560;AFM4A33L64TPLILW4OHTSKRZR3NQ;Amit Sood
3561;AFM4NVMFZR7V3YHD54FEHQXFQBXA;Akshat Nehra
3562;AFM5HEUWEZMBGCZ3GGAXKAUZASGQ;Shraddha Sarwade
3563;AFM5JL37WY7G6MLQUI4WAXUJME7Q;IBRAHIM S
3564;AFM5OTAMVBNMRREYZ2PYBYDGIOPQ;Fabs
3565;AFM5RQWP5UN7CKYZGLBBS4Z3SOMQ;Abhishek
3566;AFM5RRUS4OSG5GUU4HJH2GLUZWYQ;Rafi
3567;AFM6IHWXNLXOBO3JZTO5DN5QJROQ;Sayan
3568;AFM6Q2NEWHU6FNNQFBKTFXZ5E2JQ;Rajesh Yadav
3569;AFM6X3COP5XS2MHBZ4FG7WI4J6FA;vijay shankar
3570;AFM7R5JRUEXGKULZMOOZCS2DWRIQ;Deepak Kumar Singh
3571;AFMALPNH6MGGBFCSBABKO6HN2KKA;Bikki Chowdhury
3572;AFMAYVBVIPFZYBTDGWSRCTASMZ2Q;Anshika
3573;AFMBNWKA4H7GP6PAHPYY25A6Z4HQ;ram
3574;AFMCGE5U34NNKT2AGRY5TPX4OHKQ;Deepti
3575;AFMCJ44W4DCNOIZZWGHT4II3EYZA;Subba Rao
3576;AFMCUIC3C5CHX6MWTMK6NM5UDCLA;Sunil Yadav
3577;AFMD4SE25XE75YQ5PNLPNHC7NGPQ;karthik chokkalingam
3578;AFMECPERM2GI2XQJSBWEPZKODISQ;KRISHNENDU
3579;AFMEP5XCM2UPBSXEMETTX2WKYZXA;Swapnil S.
3580;AFMFLXBICTWGULWCOSXF6BRBQCNQ;VISHAL KHOKHAR
3581;AFMG67GYJL44TDSFMSA2OFXMGTQA;Harshil
3582;AFMGKNFQZYEZLDII52VE3BSLNNYA;Amazon Customer
3583;AFMIEGKNXXCMLWZFOBJ2D377PHVA;Learning always
3584;AFMIFTNTUD5PIHGONWOTRMMZ5EBA;Divya Kothari
3585;AFMIGQ3PROFIPTSPVGLBI5XEXCDA;roy
3586;AFMJDR7VSOX3M5WH2WTORPQ37V4Q;Haard Dave
3587;AFMJDZKFVMHFW64W22IJYRZLNS7A;Anurag a.
3588;AFMJG5IJKO7AFSAAXTAAHIKK4DDA;kanwar Singh
3589;AFMKVDP5GTOGGOS2QQ6DONW6SJTQ;UMANG PATEL
3590;AFMLMNJBBQY6VM55KS2KJR2XVLSA;X men
3591;AFMLNZDRKLSCQYTW64DIOGHX4ZXA;Placeholder
3592;AFMMETRQBRCB7WX5QNQXV6J3TR5A;Heera
3593;AFMN7VI5JFZCWKPLS2N5LZNYAWOA;Malav
3594;AFMNDDULDD4X33C2CMR6Y62SK46Q;Gazala Nawab
3595;AFMOEH263F6BBQRI35GPLNWCQ2FA;Anil Ramteke
3596;AFMPYDPXNEAOY7V6ESN3RHHIFOLA;Mukul
3597;AFMQGNAKHSIPLISWAGVT76URCNBA;Vasanthi
3598;AFMQH2YLIY5ST5VNIUADLQYIUNAA;Parvathi
3599;AFMQHAPYUAV7ZSPABOAVTNZVESWA;Mohammed amaan
3600;AFMR2SQ4JJENHHZXWTUYOXFAFBDA;Rakesh
3601;AFMR44UPPEJS3KH7CZZTLBGUY7RQ;mahendra pandey
3602;AFMRUR3XGB44Z6JGCPGIS6B7MXDA;Subhankar Mol
3603;AFMT4A5BNKRGAOUI2GHZZD2I7QUA;Ram Prakash Soni
3604;AFMTLEM5MPBZOB3YBELL32ZO7W6Q;Kindle Customer
3605;AFMUGZSK3VORG5NDNEGPIP43M64Q;Shri
3606;AFMVVM2AXA3WHTC23D2ZQH4YUTZA;Ark
3607;AFMW4FWA573DFJ2FLM5SVSJ2RABA;Venkatesan
3608;AFMXLK3YUJVFGQV33RBZQ4IDUPTA;Pandri T.
3609;AFMYEBPS6GDJSJNW3W2LA22EGVZA;Javid Nisar
3610;AFMYG55DVSCMWPRUIPSASBB62VCQ;Shravan
3611;AFMYMI6FWPFSDK7KXBHB2D7555OA;Amazon Customer
3612;AFMYS642XYLUBTRFG3M5W474FBPQ;Chandan
3613;AFMZ2T55AMKECVHVB3JJ5H6K2FOA;Satish D
3614;AFMZPE7XRDTD4DOUAAMZOME6HG7A;Nandita Talukdar
3615;AFMZTR56AXEJGRYTH4LOKDHD27BA;Blueraytech
3616;AFMZX4QR2GN2JMC5GZS66RJM4YTQ;Lavanya.G
3617;AFMZYKMUK4P6MPASSKTR6OB22Y2A;Khimanand
3618;AFN2DMTSHR5SU7A7L3JRLM6E4C5Q;Mayank Singh Solanki
3619;AFN2QOA5EGEBINN5RMANWEVQNMYA;Amol
3620;AFN3Q6PA5YJYY5MW4JJW7KD3CFMQ;K.S.Sreekumar
3621;AFN53ZMEK5W2MWJW6E36M4ECOFDA;Akhil Sondhi
3622;AFN56JFPWCIQUPBWBBKRTB5ACQFQ;Vivek
3623;AFN5VZK3VEW3GLLAIDD7I3GKBMVQ;Utsav
3624;AFN6GFJ6JSQR5IEIT4Y34BNEZAYA;Rushikesh P.
3625;AFN6JOIM4WB7CBNNAM7JQJAJVZNQ;Rishi Kumar Mishra
3626;AFN6SDYZHCOQKXW2WE4MBM3SUQ2Q;Ravi Shanker
3627;AFN6SNPXWBPQF3LKVCMEV42Z66EA;parth
3628;AFN6XC3BAISXNBNSU2JN3D3KLIRQ;Manoj Kelwade
3629;AFN75IAOL4G6LP2VICS6ZGRV34SA;Rahim R
3630;AFN7F4VMFMSGDUDUIRMKKWLH75QQ;Amazon Customer
3631;AFN7UVFX2VSEPIBWFVWYUXLYCUYQ;Hola
3632;AFNA3KTCXDH5PVLFM3OD2T6CGYVA;Vanessa
3633;AFNAPG6Q3WJAMY4MYDEV2W7JSPLQ;Umpo
3634;AFNB6YVNGE6IT3AWQVSIG2TJ5L3Q;Haran
3635;AFNBAIT26TZ4OJCNYY37T6SWDS3A;basraj
3636;AFNBPDYECMALHAA3NL6L3JUUAWBQ;Amit arora
3637;AFNBXMGWYJWB56G33U6RTR7AI2PA;Amazon Customer
3638;AFNCBTSEMD3A4C34GITDLZIGOSZQ;Sunil
3639;AFNCJZB5L3NOV4XSU3YAKVBNOESA;praveen chander chopra
3640;AFNCKSDO4JTIY2GAW4HZDSB5AXYQ;Rasheed
3641;AFNCOFWA5EFVOLGS76TME4OZIVVA;Vishal
3642;AFNCX33YXD6T4LAWBFYXN6RR7LZQ;Uthiranathan
3643;AFND3MO34GH3GBFVZRJEKYHX5QGA;rahul pandey
3644;AFNDA4W6XZFIIS5RLQWV27EYZIQA;Neetesh Singh
3645;AFNEINFKCBDEN7HOKXHHXVU4LDTA;Balam Singh Bhandari
3646;AFNF2PMSUAT5LUDMKF2WFRIS2FAQ;Sonal
3647;AFNF7FSMSFXXMWH5IKX37LUXMG4A;Manoranjan Behera
3648;AFNFRCOPOSSJLZQELMABX23PG4HQ;Annamalai
3649;AFNFUGSKHFEN7D2XJICFYQIK62VQ;Gaurav
3650;AFNGBQYXHSKNKA4E6M7RBIESDL2Q;archana
3651;AFNGD6S7UIHBQ2FNXUDBWCJDMLMA;Shyam
3652;AFNGYI4A433E2ZEIJ4PTRXTOFSCQ;Ekta
3653;AFNGZSZUISNZ2SMAN3L3OALQXS2Q;Happy customer
3654;AFNH4WZFYWT7D2WDKDIWY4YTR3CQ;Kirti T Zanjale
3655;AFNHLWRPD52MSE6TUXAB5VLED7AQ;Prosenjit Dutta
3656;AFNISIS3SIIIMSYAPMEAXNWBM4SA;Amann
3657;AFNIVT3EJUTT7FKZW6GZVEWWT7HQ;Kusum
3658;AFNJ2FA2TZWNELD25ME5HKAFNN3A;Yogendra kumar
3659;AFNKAJQG5UVDCWBGEMKQPVUCML5A;Mohd Amaan
3660;AFNKDB2UZ7JPX7N53QPPTXBDCJXQ;Daactr
3661;AFNKLWWSK4BYFNHQNBGNO7QDZXUA;Utkarsh Verma
3662;AFNKZKUMVGEZPPAHKKX66IV6RJ6Q;Amazon Customer
3663;AFNLHG3TWOKXCUUSVQRLFJUO4EQQ;PARIMAL KARMAKAR
3664;AFNLIVIY3LPQ6FEX2UHW4WGNOUAA;Santosh Panhale
3665;AFNLLROSLYHITIEK3AUCH7F67BDA;RAJAN
3666;AFNM7CC3WVFADEY2HU4FUG2PQVSA;Abir Choudhury
3667;AFNMA3FQAONYMREOFLNYF2RV4AOA;RAJIV D.
3668;AFNMQJFHA6ZOCOGA7SINBVYAUIPQ;Ashish
3669;AFNNCGL5JBORWSOVSUZOR3QLDPXA;Saumya Saraf
3670;AFNNLWHF3B35C5XQN3Y6T77GIJFQ;Mageshwaran
3671;AFNOEGQW7O3AHVLS6EBSUQP3VBXA;Anirudh
3672;AFNPTDUJHTDPYEKE7LP7CDDVTKYQ;Bhaskar jemmi
3673;AFNQ27UNGQ2XQXBA5UYOCZAHWYIQ;vishnu
3674;AFNQO7B5IZKARACZBIO74VFTU6EA;Roy
3675;AFNQQLFJGPPNZCI6BVYZCEAZQZQQ;Viknesh Harren
3676;AFNQRKRC76QTV3ANYGVIX3WGB7AQ;Vinayak joshi
3677;AFNR7QJV4DOLLVM6ANOVMOJSBOSQ;Sk
3678;AFNROTTTTJQQPZPRJWWPSPBEPVQQ;Anil Kintali
3679;AFNSWAGDMRM6X72NFEMXXYC7LJQA;Gajendra
3680;AFNSWRFEYVFT3XIQRXEBUOZKREAA;Satish Kumar Singh
3681;AFNTWPGFTBDG3Z4KM62YI5AGUEDQ;Mangesh D Polekar
3682;AFNU4IC55QLKRUH3HO4F5Q3IFMMA;Tanmay
3683;AFNUG7NKSURNWMYX4JL5T7CL53XQ;Annie Thomas
3684;AFNUOPGKWNLCY6GPXD5H56IFRX5A;Priya
3685;AFNUTTGM5CBUQEYWPEQ57UABIHAQ;Amazon Customer
3686;AFNV7NMTHTVCQTNUZEDQVTJEXU2Q;SM Hussain
3687;AFNVGS6M3PUPVK3FR55C5AVSIR7Q;ponnada suresh
3688;AFNWEVF5JQ7ENJHBHIHTBYUZBXYQ;Satya prakesh verma
3689;AFNWJUWJRHCC6HN52KMG5AKZY37Q;Udaykumar
3690;AFNXAQBP6KZJYZD554ML2KJJTQVA;Vasanta Koli
3691;AFNXN32OITFCDL37ZNCO5GVSWGBA;Warrior Owl
3692;AFNXZNINQLTHKVRFI37VQAAFFGOA;Siddhartha Pratap
3693;AFNYIBWKJLJQKY4BGK77ZOTVMORA;Prasannavijayaraghavan G.
3694;AFNYWWOJRBL24SML73HBJVSRXMEQ;ANUPAM DATTA
3695;AFNZPK76SJ4OIOZUZPZUKEDOMJQA;praneet arora
3696;AFNZXOTYIRHPYZ3MYZ7BJC6XA23A;Yaszone
3697;AFO3ZXLJKCVDKFHGSXAFA6AYDE5A;Manav
3698;AFO4M4BQ2WS7A3LPKJY45B5C7DYQ;Abiram
3699;AFO5GWF5MXFJW7SF3RKUTJXPB32A;Amazon Customer
3700;AFO6ORYOBVJCCFQJXDFUDDVWPNAA;Abhishek Mathur
3701;AFO7LXSMPQDD7JG6I5QARG5I4N6A;Kindle Customer
3702;AFO7RG5625GORMOYYYTBYXYCUDHA;VARGHESE MS
3703;AFO7T5DJCA34LXNLPEMNTUPHBA3Q;Mandar Joglekar
3704;AFO7YXLQXSGY3DH6FMRQW2AZCOHA;Rushikesh T Warade.
3705;AFOAABE5YGL22LDEWBCJFVDBHS5Q;Lakshmi Shunmuga Kumar
3706;AFOBDH2OA23THZ46QVAYYN7IGF6Q;Amazon Customer
3707;AFOBPWQSTMENPV7ZC2SSKSXWFQ2Q;Abdul
3708;AFOBWTUOP4PHZ5K7XW4SPJWKDIKQ;Kohana
3709;AFOCDYODRNB2UUBOTDLWKH76GP2A;Tejas Panchal
3710;AFOCJSOFFOYRGY57ZBRKPOXKISXQ;SHVRPS
3711;AFOCLJYM3NII6TR3FOJVXFTY2SLA;Manzoor
3712;AFOCVEQFZDYB3EGYKJAY6P2O7EMQ;sanjocherian
3713;AFOCWD5SWSKUUTLBP667KT6PGKOA;ANUKUMAR S L
3714;AFODHW3TDUL5H2EGNF4DOL5KWEHA;Bishwapriyo Sarkar
3715;AFODI4XXHXHBFFUHK7N5LVKWEXTQ;Siddharth
3716;AFOE32RXBAXIE4XHWXU564FUZT5Q;ARUN KUMAR G
3717;AFOEBFZC6LMNNTBEC22LCUGEO5QA;Amazon Customer
3718;AFOETT7EEXRU3TJKS7XWPRW2WMLQ;Sridhar
3719;AFOEZACEOW6XEVSVUCJEGHS6U2KQ;NAVEEN G.
3720;AFOF4HGAVUO67MEWEKCNWXUYNXCQ;lexia Jacob
3721;AFOFD4PXG6Q4MMOSO5DL3Z6SPH3A;Aditya Singh
3722;AFOFEXFKGILFV2MXRWKIQNUBGBIQ;A.D.PAUL & CO.
3723;AFOFO2Y527YK7Z6NVB2U2VRO5XCQ;Pavit
3724;AFOGCVLE7W7ZM5OW3XW7JXCNSIVA;shaker
3725;AFOHB4M2RWSUQ3SSZWPMD2FPH6PQ;FH
3726;AFOIHDXLNQ6URAZKGT3UND7PPAQQ;MAHENDRAN
3727;AFOJ6DLJQNWRLJIVLU25OZILE6RA;Yesha Bhatt
3728;AFOJCT5TZP6RXPWS6JH3AA6XLGFQ;Charan Teja
3729;AFOKIAQZSW4G2XVCTMCKDBKHMWGA;vijay
3730;AFOLBZKWUZVF4PQ33ISHI3DEFDUA;Karthi
3731;AFOLEZNNCN3OUSHBBIVMIVW2G4JA;Shubham
3732;AFOLHTLOEWQQPINOVOOJ4LKDV2WQ;Vishal dhan
3733;AFOMBT36JVCMN5RXXPMIO23GE7QQ;Capt Milind Kumar
3734;AFON2UWSBTUCG5QSHZOAMHVI4WSA;Srinivas
3735;AFOOAZDIA5NTHBNJ7SCIHUSR5WHQ;Amit
3736;AFOOUANHTKWSTZRG3HSE3TR7L5CQ;Dharmendra
3737;AFOPBEQ5YUOBWJ7TBDFITQFZSN3Q;simam.mular
3738;AFOPJWBWQAT3U43C3O3HJE7MJJCQ;VSMS
3739;AFOPZ6WMCGGEECOXSDATEOFTCUWA;syam
3740;AFOQ5WEUSSLHKGE5MTWWJTN3AXOA;Amazon customer
3741;AFOQM6Q5YBLXIBXQ3OX462DOEJTA;Abishek Stephen
3742;AFOQTS7SC5AGY5QHWAOGODRYPSYQ;Anish negi
3743;AFOQYWSGIAUJENDCDS563HOHPMRQ;ashvin
3744;AFORSYTI4AZVIRIMM3FZLNVMTYWA;Vids
3745;AFOSMRWUX356F43ZT3O46AKFXLEA;Rajesh
3746;AFOTA6QJ5UKQOBJ5APZRDK3GVOBQ;deepak
3747;AFOTDDBZZITX2HTAZ7HBQ3I4BZYA;JS
3748;AFOTHR4JPCQC4JXBR3WV4C6T5XHQ;Sushma Pradhan
3749;AFOTWKP3UAWSJWRUK25NQLUAM6QA;Chandrasekhar
3750;AFOUP7R7AZ6BWMGBDPE7ICSN6R4A;Mahesh
3751;AFOVQIU4VXRHWZ2ON5VX6DOVPRVQ;Amis
3752;AFOYMQ3MI52RO4MV3YTFXONUX3EQ;sulabh sharma
3753;AFOYNH6UHFBRCWDLEY5GKAX2BGKQ;Paramhans Jiddanand
3754;AFOYOG3YKIOLPTLR3RZNRGUHHEAQ;Mohseen Qureshi
3755;AFP2TFQ26IBNKAWREZ34ERZBUTVQ;Chandhana
3756;AFP334GQV3WBH6XJIX5VITMYOH2A;Ravi Naresh
3757;AFP3BW7UQEWCU2KNQEJDKWTCDXRA;satisfied customer
3758;AFP4IFI6O7PUAZ3A3KONELUOBGOA;Ankit
3759;AFP4K7GIXSHORXZ227LZN2SROSSQ;Tanmay
3760;AFP5TMKVX6PTNYNMLHFCVDXCTN4A;Pravin Chavhan
3761;AFP6VTPJTBO2PC47S433EJWP6MDQ;Rani D.
3762;AFP74SQR57V4DO4IH2RW3KKQBGZA;Sandeep Kadam
3763;AFP7CS7L7WZM3OXFXC77IPNINGUA;Amazon Customer
3764;AFP7UACKVYT7LCUSAEQ43ALJK5BQ;Omkar Sonone
3765;AFP7XI3X4GGJVQCYYPJZ3Y3KZJFA;Punaram Chutia
3766;AFPA2366UQ6OXRQN6CDE6GBLHHIA;Neelam Rawat
3767;AFPADOOHAUZPXOLGIRLUVWJD62VQ;Sundharan.A
3768;AFPBB55ERBMYZ772BNASND7FMW5A;Basim
3769;AFPBJHSPYTYE2YXNTCZYAXLQXKZQ;Furqana Angolkar
3770;AFPBMRYRSMD3PP3CBKLFF7EKOCXA;Priti tijare
3771;AFPC2CK5YPZDPLO3ETPC5XMMYIGQ;Pankaj
3772;AFPCHRP52XCWFQ625WEACPUTXO7A;Divya Devkar
3773;AFPCVKEEIWUDAMLHTSLDAJU2M7UA;MANIKANTA KUMAR GOPI
3774;AFPD3I2VRSX6HD4LC3UPLAQYJTUQ;Amresh Munshi
3775;AFPDB7JSVPNWJT6KF53C3O5ORJQA;Rahul Bangera
3776;AFPDHMQW4AYII5KK7CLG4MMTIAHA;Mohammed.afsar
3777;AFPDQ7U6JPPT2K2VW6KANBWLNFAA;Lukram slim
3778;AFPDX4B54JY4ZIBKARJPJUUPPBWQ;Ashish Singh
3779;AFPERGOQHKWSN6M6CNDRGQJUPAMQ;Saroj Kumar Das
3780;AFPEWRRHEEB7AE7UXZZW6AYFGI2A;GIRISH RAYBA PATIL
3781;AFPF5JNNNSYW22R7HPGXZGZCWJOQ;abhilash
3782;AFPFHOITRATHZVILCGAOACZDXBGQ;Vaibhav Pathak
3783;AFPFJW4OK5K6DWROJOKAWSCEKLOA;Amazon Customer
3784;AFPHD2CRPDZMWMBL7WXRSVYWS5JA;Asp
3785;AFPHGWJFEN2UK47F2RDYBL6YUAZA;Yashwant Panchal
3786;AFPINFUHYQXL62GQ5WIJIIAOGBTQ;Chaman Pandey
3787;AFPJLOHRAM3HFFNXMWTZN7GT5FMA;Chandramohan
3788;AFPK3KEV3ZSEJ7K6U6C3LERQ2E7A;Jeevan
3789;AFPKIF7E3TYXUT52HM46PVZ7LIVA;Maruthi Kumar
3790;AFPKII5ZDNUD3OIMHD5FUTKBOGNQ;Boina Sai Vinay
3791;AFPKVN5KLHB4MHSYDS25Q5MIWWKQ;Kunal Sen
3792;AFPLFU6EUEEXHU4SCPG6UUBS4HAA;Ankur singh
3793;AFPLVSCWQRLSJS7O5TQZGYIKR22A;Sachin. Christy
3794;AFPMBSBIEX45OQ6UCQWPDG55GWLQ;Geetanjali Jha
3795;AFPMBWVYFY6T7W3RZXDGZUPYNKPA;Subhra S.
3796;AFPMGJN4SHWHD3DBQBS2FXGBZ6TA;Jai goyal
3797;AFPMOPGPU5NWYHAOEYSYXPI5S63A;Mazrudeen
3798;AFPMPHWQ374TQ7ZCW3RUEVPQLVSA;Madhura
3799;AFPNCLF6XNCVGSLV4B3UCFJZENEQ;Michael Rinsailova
3800;AFPOLXH4MXKCJI33QBTKLOA25A3A;Vijayaraj N.
3801;AFPORMGJWOHUS73RCALK7AQLVLSA;Aarav Agrawal
3802;AFPP23GZ4AVHPQZCTP3HRAABLJLA;Siddhartha G.
3803;AFPPBTAXYWSCAUMZ7HHCFMF4PHFA;priyanka jaisal
3804;AFPPFPKUIMU7J2Q5XECEA2OAWGQQ;Tanya
3805;AFPPIAJJ3UPHOS4GKNCSCB6WEVKQ;Amazon Customer
3806;AFPPWBB7UVUGIXVIQVFWL5CN6XAA;Amazon Customer
3807;AFPQDD3DIPXU6C3Z75XBYUVWTH3Q;Gulam
3808;AFPQFZQGTCOV6TB2E7EBZHW2DUHA;Veni
3809;AFPSD5MVTPICFIXY5LKKTXSG7ZEA;Aadi Injal
3810;AFPSNIOJFCYMXZ4Y5KYAYOYMCHMQ;Shikha
3811;AFPSO7EYQBYVEJGD4TAT7YFCM6UQ;Ghanshyam Hemade
3812;AFPTOFOQ3XNIJPY6PP6YDXKKRC7A;bharatdhamecha
3813;AFPW7SWJI6ESX22SYZCE226UKRLQ;Aditya Jain
3814;AFPWUFA4L6HJ5LJTBDR4J3MKJ4XA;Amazon Customer
3815;AFPXC62PG7UC6DQ7WET3HSXJQ5XA;Jindal
3816;AFPXGO2U6B5RAACITVCFJZEUNRKQ;Sonu Kumar
3817;AFPXOI3VE6B3BVBLXEM2LPXNSX7Q;S Nath
3818;AFPXQFK4SWJN6QWFRHOJ6DWMEVVA;Varinder Singh
3819;AFPXQQXE5LK3MD6WSXVCOQKSHCFA;BOSS
3820;AFPXTEAIUHCMFSNSGOL4CREXR4PQ;Amezing books jordar.v.mc
3821;AFPXZY5YV6BY5MLHSOEIAOM2S2LQ;Tushar Srivastava
3822;AFPYH3UF3GB4RNX3MX46AXFM2FTQ;Sujili v
3823;AFPZ5LEIQUTJBH4TEJFQIQT327NQ;Jupally bhanu
3824;AFPZCHVK4AFUZ3EGRSQKX2QP2EQA;Sanjoy thapa
3825;AFQ3EGHF7CJXP4Y34JIDWCOFQR6A;G.bhaskara
3826;AFQ3U3VBOCWRK5FO7AHRDUWWSU3Q;Amol W.
3827;AFQ4223SMNWNRIAGWCCSB6AN6PRQ;Madhu Raman
3828;AFQ44B5ISCXUWKFHZL7HTRTYWZKA;Bhuwaneshwar kathlane
3829;AFQ563OKBUIIL2NHNPXX7KRKPYVQ;Durgaprasad
3830;AFQ5B3Z4JDHK2YQBF2TOUPUUMLEQ;Ankit
3831;AFQ5SND6JJSAXPAIZSEROSRORP4A;palangthod laxman
3832;AFQ5YTBEEJ6L2CH67Q3TNTJDIJ7Q;utkarsh
3833;AFQ6C64AFI33KOGJU5IZAB57A45A;Swapnil
3834;AFQ7AUYJOIE2HH63KIUQK45ENQ2A;Prabhanjan
3835;AFQ7CJTBPHCZUKFO6G7Y33VCXLKA;girish saini
3836;AFQ7SOVCXM34BZ7KEFEX7M4TPD7A;Sanjeev Prasad
3837;AFQ7WK2RARMAY3NCZVYXQ5OH2XGQ;Shivam Singh
3838;AFQ7YB2KKQJBIXOR2MDT73LJC7AA;RANJIT SINGH  RAWAT
3839;AFQA55ZPGBR7T7CLIKCCRHEDDDIA;Ajay kumar maurya
3840;AFQABEOYWJJP6XUPWCJNZ6DTPTFQ;Sunidhi
3841;AFQAXRM4XEA72PNIMWCW2F53ISWA;Subanathan
3842;AFQBNWTWNCOQH65QJK2TGLWRYCJA;Rahul jain
3843;AFQBR22IILK5VURY2SHERMQK4GQA;C
3844;AFQBZXNFOTEDURZEUQ4GBITKZ7CQ;Naman Khokhar
3845;AFQC7LKYCPLAO2WCV74G6AQCPYGA;NITIN BHATTI
3846;AFQCR3ST6ASAGNFKVVXIJTEFH3DQ;venki
3847;AFQCUNSSU6YNN2GEJ2262U55BWYQ;Pranesh, Chennai
3848;AFQDM5ECIIUZH567BITZVOP6LISA;Kanthilakshmi
3849;AFQDNUZPX7U57MYDFE6G63KARMJQ;Ajay Rathi
3850;AFQDUDTKYRT5XACIAVGGUJGMTIJA;Pooja Shukla
3851;AFQDUFM2UWWPT2WM2ETLFVSEAVUA;DILIP RATHORE
3852;AFQDYNJV76K5BEIS7BWNA7HN4EIQ;SD
3853;AFQEZSS2I5IGAKZY3Y3CGDZLCJIA;Anshita
3854;AFQFYAWOQX6T6PE5UVBUEFNBZC5Q;ajay
3855;AFQGGBH7UOPRRK6A4FS6UAHBBR6Q;samarth shukla
3856;AFQGS2AFY7DTJGI6UAS7EXUU7ESQ;Shailendra tiwari
3857;AFQHWSQ7JR7VCM4SWXXIOB4V3VDA;arun kumar
3858;AFQICBBGIA6ED2FXXYEVEVKDFOWQ;Bhagyashree chopade
3859;AFQIRFHBUQALCU2BDHWX6T6YOJ2Q;Raka
3860;AFQJDMJNV2HMS7L5OAQRNXKVOVOQ;Unknown
3861;AFQJM63Q7OMAP62BP3TB4YQEZAXA;luvsmplcty
3862;AFQJOOGXRMN263F22QY4LZYCWALA;Basa SD
3863;AFQJZK36S3SRAAAD3376U4KTPU6Q;Hariom
3864;AFQKCEEEKXCOHTDG4WUN3XPPHJQQ;Ramu Challa
3865;AFQKF4QRKCVDUZPTG4TY3QYQHYUA;Harish
3866;AFQKN26SJVBLDXPECZHMTIAYVLSA;Syed
3867;AFQL43U7R2EDDQS2B52Y2UDEC6CQ;Gyan J.
3868;AFQLC466OW7RPNR5LJJMFSMK4LYQ;Veeresh
3869;AFQLEJZYWVOJCCO5THP43JRGYB3Q;Hemant
3870;AFQLKJFTCAK4X2YI2B72OID4IVLA;Ravinder Gautom
3871;AFQLURVIOJ7LVLKNHB76BZJ5KCZQ;Miki
3872;AFQM22ZZXTGUTLGC7WE4BVLEZW7A;wiki
3873;AFQNKFOMPJ7YGCSP672YCJQQEVNQ;Vishal kandare
3874;AFQO3JM6M3SWDHFLMQIEWSUOKY7Q;Devi
3875;AFQO5BOLBEYCCQ2IQ2KCB3FWX25Q;Maniarasan
3876;AFQO7DAL3YEZNXXLN7TFQIWVO3IQ;BISWAJIT KUILA
3877;AFQOC7DOYC5GZ2FT3O6COXZ6VLRA;K.Shiv
3878;AFQOJDCRZINCCHXU37K6DCIB6SYQ;k ramesh
3879;AFQPZZYIFMI3C6LLIUI7J32N2ENQ;Dhara singh
3880;AFQQLWLDOYRTQWZETYX6CFXNEOJQ;BIDESH PATRA
3881;AFQQYXNVJ7GGOQT4GZBROESNKX4A;Dharampal Singh jadon
3882;AFQRDDZDX24M6MLI75ZZBFLDSTSQ;Vasanth Kumar
3883;AFQREO7QQWGS5QZYY2VUNQKV5VPA;Amazon Customer
3884;AFQRLX3MNPS6RGV4NY5BEXMGZNKA;abhi
3885;AFQRUDMIIMRA32Y3JBUQNWFREEUQ;Manjunath
3886;AFQRX6TAM6CHKARXIXR25X4Y2K2A;Vani
3887;AFQS7C4WBSQEIHHQ5G3I5OWJLHKQ;Yash Sharma
3888;AFQS7QOVM7KTUWEZSVZH4XTGNAYA;Ajay
3889;AFQSUGIEHJ6OAZVRT6AUSLC7DJ2A;sumit pant
3890;AFQT3KCDEBTI7PX2J4W7P3CRNQIA;Aarush
3891;AFQTWROEABNVTNGTKSGW64SOWYVA;Ajit Singh
3892;AFQUZXA3JPEY4SN7Y772C3Q55IWA;Rajesh Martis
3893;AFQV3ZTQ5BMBAWI2XBAE2KGC4KUA;Aanchal
3894;AFQVO5Y5V3FU7ISKZOPTHKBH4QEA;Dhatcha Sarank
3895;AFQVWAIJE5R6L6CSOOEAZ4SB4LNA;Jagadish
3896;AFQW4AC4GLYGQC4MXQWMGJM2FWRA;Swapnil N
3897;AFQWELRSJ2U4E2GUXWDKEGNYOGJA;p c joshi
3898;AFQWXBVRW5AF53GDQLBGWN4NWXFQ;Nachiket
3899;AFQXCIIKXSM2VN3IHACSKPZ3PEGQ;Baiju.MS
3900;AFQY3C6LSFBOO4FUHKKVD7Q6LFIQ;Rohit
3901;AFQZ4Z5IE2BDZPQJ7OBQS6FXMWZQ;Rohan Narvekar
3902;AFQZVGSOSOJHKFQQMCEI4725QEKQ;Vikas Singh
3903;AFR23LRVE7CTSLJBHQFDNYMX5HFQ;Prerna Hazarika
3904;AFR3CAZ3QN2PEXO45OEKQQ2YJPTA;Anjali
3905;AFR3HDYVY3OY2KQFIEQO2SRPTW5A;Kusal Srinivas
3906;AFR3M7QXD7ISIXY5MTYRP375RPKQ;Satish Kumar
3907;AFR3PNU34Q3NU4MZDAQTEVQGYJNA;N Adu N.
3908;AFR42H36VEYD3J2M5QXO2MV5B4KQ;Kanwal Jit Singh
3909;AFR4DPHPUUE5HOH5IDNMNRCEHKBQ;Amit Khiwal
3910;AFR4LD7PJRZE7EJSDW3QW5GINNLQ;Sagar Mahata
3911;AFR4RHGUIRKKR7YFRFXHRHPBAEDQ;Devansh Hooda
3912;AFR4WQF4SHGWAFPVW7SUGKDR7P5A;Rakesh Kumar Pujari
3913;AFR4YULNFZZC5DJOWH2KNFAOM6BQ;Madan Tejaswi
3914;AFR53YXK7LLTSYXP3UALTFVDQCAA;A.BASHEER
3915;AFR5OERHAWKGE5BFDJ5FVFKGGXQQ;Vijay Naiknaware
3916;AFR5UNEGJS5HATA2W22UHEXKKY4A;Divya Dhanwani
3917;AFR73WEZI4S76UC6WTRTOM27ENZQ;Shaikh Mahammad Ali
3918;AFR7AVNAODFBSW5HPTITQMLUOFKQ;Honest reviewer
3919;AFR7B35PQ2DLHGMFBSCRIUUVLRWQ;Neha Chaudhary
3920;AFR7CEQKWZE53IHHOWBIPAMYKL4Q;Pankaj
3921;AFR7NDA6QYOPSCNJIDXRDRHJIYXA;Shafeer Pn
3922;AFR7VQD5YGYX2A73CJ46ZKRNAKBA;Suketu Bhatt
3923;AFRA4BGAKHDU2PFBCHKEPSVG5OYA;jatin.
3924;AFRABBODZJZQB6Z4U5FLWEWBAFCA;Raghuram bk
3925;AFRAZBKDRASUEHTVFD2LOQLK7DCQ;Anurag Dabas
3926;AFRB32NPLQW24ZGJTXRYK6OUI2HA;Deepak
3927;AFRBQ32JL7MJAZ42PGXUPAXZSDUA;Arpita Panja
3928;AFRCI27IITJW4I7XDL5GNZUQPZTQ;Kaveri Pramod
3929;AFRCL2UST67EVGUTDLV2JGI4OKUA;ADITYA UBARHANDE
3930;AFRDQYFHWWRO4YINJENRFBYPJFZA;Jeetu kumar
3931;AFREKZH5BGM747DB57WHR4RTR3QA;Pranay
3932;AFREYXJZFUSZT7YHDJ4JOF67O6VQ;Pooja Thapa
3933;AFRF3MH2AZZR7AJQFT7A73H7D6LA;Madhurima Dutta
3934;AFRFNC6ASQGGZVH3NLZE6KT3MR5Q;Abhay Satyarthi
3935;AFRFZ7MZMMLKCQJ726M5IWMCUUKA;Pranjal
3936;AFRGFFGDKA4QQDI7KUNCOT3GHPLQ;pankaj kumar gupta
3937;AFRGLG5OYGNQX7XQRZUL75X3IRDA;Yash L.
3938;AFRHLDDQVRCWCMDMWG44BGILASLQ;Amazon Customer
3939;AFRHROLDDYV3Z75BI2LCW6O6OPTQ;Gopal   Bhakat
3940;AFRI5LEU7NP3RTVSDBIC66QJN5HA;ARSHAD
3941;AFRIWQJKFSDZKTRTU5RSBKSQMIVA;KRISH
3942;AFRJ7RO4QSGVXMGOMAYKDF4NV5GA;Rishabh singh
3943;AFRJHB6VXULSM53VYU5TBJL3F62Q;E VEERESH
3944;AFRJUP6OCPKPDASMS3ZF4CXWXCXA;Rahul
3945;AFRKDBJPRCMNG6TYZHA3WNYGCQHQ;James k Joseph
3946;AFRL737KHHDPUBLDGKMHQPVCG3SA;JK
3947;AFRLBEKPIN22S4K4PBHUJ5PQPI6A;Shaik B.
3948;AFRLWVFJ43WNDMOQDE3QFXJX62OA;Utsav Ghosh.
3949;AFRMNW6TDHDZBP2UHF2K3MEAEYUA;Abdulla A N
3950;AFRNTHDPSCZ2ZZR6GCJYOOP3KOLA;chandanpatel
3951;AFRONQAZPYZARLWLDQM2VXS7ZTIQ;Nilesh K Salvi
3952;AFROPZ2OZBGFDAOSLXX3RSLV6C5Q;Siva pidugu
3953;AFROXVCIF6PZXFXLS7DLTPT2CGCQ;Ansh KaTariA
3954;AFRQJEYVSY2LOMYVJL5BXH3RP23A;Niranjan
3955;AFRR3XZWCZR62FMNGFE563EFHFUA;Amazon Customer
3956;AFRRGE2IZFVEUFIY6PUKMSGSMZ5Q;Janardhanam
3957;AFRRHZVMJ63DSEXGYKGIGH7QJYJQ;Sandeep
3958;AFRS67BBE6ROLU6SGM626FXNLFNQ;AJJU BABA
3959;AFRSGOLOZ6Q45OOHXXHDH25XYHCQ;sarang
3960;AFRSTB6WTL3CEY6EHWNZYGP7F5IQ;Sanu Ghosh
3961;AFRT52TVMDMKOXEASI2BPC7TACFA;RAM JI GUPTA
3962;AFRUA3JDKXTUMZLL7DF6FA632JVQ;jezz.ralte
3963;AFRUVFPVIIIWUPPXM7EQEXD6I5BQ;Vit Bernatik
3964;AFRUXOMHPM4OTISKC4VE3PM45DTQ;Sachin Yadav
3965;AFRUZM3EU3T6M7HFW6MUXQKJBZCQ;sivaramakrishnan c
3966;AFRVEW4OKSGZ2FNKMBGZK6CXRLHQ;Goutam Banerjee
3967;AFRWVROVBN5XNW6BTASVE47FBIHQ;Ram
3968;AFRXDI4SII4JBMPANDYIBWAXES6A;A name I won't regret
3969;AFRXET3VPG5BJ5RK7GV7BNWOG5AQ;Raviyathul basariya
3970;AFRXSJD46OBRO2RPVIE2737OTB4Q;Mugunthan Sakthivel
3971;AFRYPUMXJ7GTS5G4YBN5B6A6UZIA;Sishir S.
3972;AFRZUJVTEHFZOVRCJJMAZTI5343A;SKG
3973;AFS27RNTNLFALK27VK3TX4JHPA5Q;Pradeep Rajbhar
3974;AFS2KZ7HYC7JUO5JOGPAQY2IKNGA;NIKITA
3975;AFS3FJBEMAQT6KHZEAOPUHRCVQ7A;V Arumugaperumal
3976;AFS3O2OIRQF5ECXHPLIAACRYS7ZA;Neeraj Kumar
3977;AFS3QBSOMCE2FAZFUYZ3NBFQDLMQ;Pawan Kumar
3978;AFS5B353QRCCSU47ZJP22D6VGOPA;M. Satyanarayana
3979;AFS5JAP2HQ2QBKREEO3BP6BJ2QHA;Purva
3980;AFS5PZPVKEP3UJSDPRPDIR2MKGHA;Vikram Chesetty
3981;AFS6NM2UFY5M77EWX5YT2KBMWBVQ;Ravinder kumar
3982;AFS6PV7PIU6VP4IPE6ED6EG75Z6A;Banshul Garg
3983;AFS6ULEVQVU2PN6FWRWWBKKFJCLA;Kushal
3984;AFS7B5AZ62CAX22H7LCYNQXVCQAQ;Rajnish Sood
3985;AFSBKYXEFH6TLZMMDGZG525HHPGA;Asgar Pinjari
3986;AFSBPCLAH6PSYUW2CO7D3SLAZDXQ;Shaifali M.
3987;AFSBYWJB5BRFON6DVK7M5YRGL72Q;rahul ohal
3988;AFSEOFZY67MYC7UAJU264Z5NFTLA;Amazon Customer
3989;AFSEUS2I77MEWPOCPW77EOU6Y62A;Amos
3990;AFSFGSG745WPTJKCZ2FOAR2DMFCA;9618259608
3991;AFSG325V4OVLV4CZQO3Q4OIHYNAA;Chesin Cherian
3992;AFSG5TXKKCLHBK3FABKJABBBUHEQ;Amazon Customer
3993;AFSG7IWPY64B6DNMUDVXYCEK4G4A;Atanu Sarkar
3994;AFSHOA4IT5RS6KDJEVYLZQEBPR7Q;Amazon Customer
3995;AFSHYGNQHXNKBEXS62GRETNGH3GQ;Shashank
3996;AFSIHCK5KXPIX5PVODLGUIIHVWIQ;Atul choudhary
3997;AFSII6HTAHTHGXERUNDOISNWZUNQ;Sabjan
3998;AFSIL7CASV3Q2ACX5BE7KDJLWYZQ;Sandhya Patil
3999;AFSITWWNNRRRYZ6LBPGPBIZAQDXQ;Hem Chand
4000;AFSIUC3ZDSMMALO7LFNQ46WZMU3A;Thulasiraman
4001;AFSJ552FEBIZBYEP7AKKXOTOGO7A;Amazon Customer
4002;AFSJ6X7ZQ3N3TLGPUCWW5U2DP73A;Asirvatha ravi
4003;AFSJH35U6ND5BYT4CMS3YEXD2SCA;Raju
4004;AFSJHOXX5LIYZEVAMQ4SXKCYHWQA;Abhishek
4005;AFSJOIQSSLDDJPOWX3DDKXDA6T5A;Oishi Basak
4006;AFSJUWV2I4CD53EPCRMOQJ3CWR3Q;Abhay Gupta
4007;AFSJYBGBY2U6KAAUR23KS3COL5SQ;Nirmal Singh
4008;AFSKCZCQS5Q2D5IFYXRTCAEG5BZA;Wasimraja
4009;AFSKSM4D23GMJJPYXOHYTH25FQQA;Vijaya Kumar Rasala
4010;AFSLFJUEJHEFU5FAYUPIW2DZZR4Q;Sagar Nemade
4011;AFSLL3D6IF2ZF2ULTI3AXEJ5RKBQ;Anil
4012;AFSLUKKF3K7FMWODWA6LZ2ZVTWWA;Suyash phapale
4013;AFSM3ANFFBHN7NCB3JYF4RZ7YQAQ;aravind
4014;AFSM54B2B2VV367PWSU7PU6PE4HA;hamid
4015;AFSMISGEYDYIP3Z42UTQU4AKOYZQ;Ayush
4016;AFSN5W54IFWZYEVIOUNU7NYT7ZLA;Vivek Guna
4017;AFSN7XEYM3FYLA553HWSFJIWXNLQ;Sai
4018;AFSNFNBATJC5YFJ3ML5STBT5A4KQ;Raven
4019;AFSOR5M3BW2YXCRDCQKOL2V65TGA;jegadheesan
4020;AFSP434VUSNRSG4UX2ZLIWZXZ2KA;Tirath T.Trivedi
4021;AFSPKHQPAW6WL74AXVQ7SGVQD3UQ;Shyam Tiwari
4022;AFSPQFXDIKOSTXLMOGOBF4WR4SPA;S U P E R M A N
4023;AFSPVLIMFSGKQR6ETXLQ23M53NGQ;Halima Bibi
4024;AFSQ45FBSMOSSRWIPLZFD7UKF6SQ;Geeta
4025;AFSQYEXGBU5QTKBRQV5367KAVECA;Namrata
4026;AFSRFIJ7SMY5WDUSEHB4FW3ZJHBQ;Arijit Mishra
4027;AFSRWHDNHTHHZGPN7I2QBDAMOIVA;Anshu
4028;AFSSI6KQRVUBQ6DTUNIXZ4PJ4Z2A;Lata Sharma
4029;AFSSRLUEWTKDHYSAS36MDQQPYTKA;sushilkumar dubey
4030;AFSSX5G62IXDDJPIFOQ5CEG6R4VQ;Consumer
4031;AFSSY7GGVWHL2TLE5ESRJXJJEK4Q;CHAITHANYA GOUD DONTHI
4032;AFSTHMXFUDYHM43NKFYVF5TM2DDA;Pritish Biswas
4033;AFSTSLQUV4EVEXWKBOLEFHL2H5YQ;Ravi Siddan
4034;AFSTYN76L3OSI4XWVZFQ2YIBIL6Q;Deepika Wilson
4035;AFSTZARBDNESVFT7AANAHBHV3QUQ;Srini
4036;AFSTZISVUGRJGZYYDY34KP25ZTIQ;L.Sherpa
4037;AFSU7KWDY4KGQSFFCRXJ4IPJREAQ;PRAHLADAN K N
4038;AFSUJDWQ273XNSVOHS2DODGGBVYQ;Ebbie Thomas
4039;AFSUZQF66HKTKPWRUOGXQKZ6VAKQ;Shashi p.
4040;AFSV27BUBBO4RXKL2XTBKTIPEOSA;Nitish Kumar
4041;AFSWFVAHMN3MNN457KL457SXEXOA;Reviews for you(s)
4042;AFSWMOL6CDK4XP6ZX7IGXHM3GQXQ;Amaan Ahmad
4043;AFSWPIVS5VSLL7M2YWCUFUSLJWJQ;yamuna y
4044;AFSWWFREYBSBBK553EJS373BFDXA;Khimesh Chandra
4045;AFSXOLLBT7WLD5M6GMY4BKJP3RHQ;Mukesh
4046;AFSY2GZNTGXHQUXWYLUPH4PH2H2A;debabrata bhowmick
4047;AFSZBGFWEAXEDMC4FY3MQB43MSBQ;Venu
4048;AFSZEPUJZUDS3NRVEAO5MHUCAEPA;Priti Sharma
4049;AFSZFJZYUT57KMK4OOFADUGFLKSQ;Wendy
4050;AFSZKLP7O5V7SHFKRIC5YGKLI6VQ;Puneet Sharma
4051;AFT26OJLNGYQISACMZ53VFZPU7IA;Sudheer Kumar Maurya
4052;AFT2MH26JCXVVBN73QZEFU3ZCQ4A;Ramakrishna Dey
4053;AFT2P43UBSNDT2FIVCJGU5OXO4IQ;Nitya
4054;AFT2SBIE45E3P46X2VFYXXR7JTDA;THANGAVELU
4055;AFT36LVR44MBK7LQ2WQZOYCZUS2Q;Sudheesh
4056;AFT3A5EEJX2ZDXDFARRX2HR5I6BA;jayachandran nair
4057;AFT3QGE4IU2G7IBMCWEWET7DAAAQ;Vipin
4058;AFT3ZU3OLRGDMPBARQP3BOKLGWSA;babanna
4059;AFT4H5AHS2IHNQ3W2MKZW4IK4WNQ;vandana
4060;AFT4N4FD4G7EYIOZIYP6KBRGU66A;Pruthvi Raj Goud
4061;AFT4RR5NOUV3SV4DAF4EMMD3U43A;Vicky dhruw
4062;AFT4YEF4C5XN725A4JNN3KOIBN7Q;R Sorout
4063;AFT5MTRDID47T6IFK3WZKMHPL3GQ;Gabs
4064;AFT6TQLA4GD3L4RAOWFVDAH3IFTA;Satyam Singh
4065;AFT7I5VC6EBJ6RQRYTGRLAG3HXUQ;Akshay Saraw
4066;AFT7QL3HAATP44574CGT47QN4ONA;Ankit Thapa
4067;AFT7U6QBELQJ5BQILAGPDITY26FA;Abhijit W
4068;AFTAR6G52NZQDC6ITEORXUZHXURA;Jacobasha Mysore
4069;AFTBDE5KEINLXCQI2KBACSU4VO6Q;P VENKATESH
4070;AFTBMFB3LZBJXYM733IX6RA4Y32Q;Mukul
4071;AFTC5SKWCK3WMQKPPUNHEUCBJVLA;Vinod Bhattu
4072;AFTCFSIJBGKG45IQBJ4Q6WUUYGRA;P Yadav
4073;AFTCOTLY72MCSV5WHMHSZ67ZZG6A;Jaydeep
4074;AFTCVC4B2DKVF5IF7GQYAWOA2X3A;Koushik Roy Chowdhury
4075;AFTD5POM5OT7DLU3RP5SHEUSLFZA;Annaveni Jyothi
4076;AFTD5SG4EQFZYMU5MFGH4URN6PKQ;Vivek L.
4077;AFTFEMRWKEHE2R2QRRVOQFTETUUQ;Rajesh Jindal
4078;AFTFMOXP7SKX4NJJIYLRJ4TAKZZQ;Vedant Joshi
4079;AFTFOKKNZPW4QEUQGKTB65FF6ZAQ;Jain Suresh
4080;AFTFXABT3BDNGAMCE5GCZ5BIZOGQ;Pranjall Kumar
4081;AFTGBV2EOMQJUYBEV47YD4UEI24Q;Akash Pradeep
4082;AFTGMTBHSESALH3N64ZDYSK7ZQ6A;Amit Chawlani
4083;AFTI4PPEOUKIY7E7RZNDGR36GJBA;MAHENDRA KISHORE RAIZADA
4084;AFTIB5G46ORBIMWQMKAWPGRTLR2Q;Richard Suantak
4085;AFTIKI6VVBGFNSNZNF42LO54PYDQ;Noman
4086;AFTIMMFTREPXAX7JBY4O4JOW7MSQ;Lalpi Sektak
4087;AFTJHDHH4SFWDRKYNRYWWJ2SCO3A;Amazon Customer
4088;AFTJIOQOYRDJGI723DK74GWNDZ2A;Abhay N.
4089;AFTK27OS7TXVU5CISEGTE75PPGEQ;Arun
4090;AFTKUCFRMCTXZQTTCJZLOSNFVTDQ;Jaiba
4091;AFTKVEHGY6PGODF22MSSXW6GIXJA;Ketul
4092;AFTMO6CVOY66R3ZORYEHYHDDHL3A;Zakir Ali
4093;AFTMTTM3BZVAQSSPNSPVEQ5GT5AA;Krishnendu
4094;AFTNE6LMFIWK3AULQAUWK6LP2ZIQ;Fauzia kahkashan
4095;AFTPAQY425APNC5O64CFVBNYGUMA;DANGAR RAMABEN KARSHANBHAI
4096;AFTPT6SDAPBP56ITOKZY3442VXDQ;Giridhar kumar
4097;AFTPXYKUNENYJVDOC55L2CJXPXFQ;Jai Jyothir
4098;AFTQIPE7G3JCQMHJUU5FJBMP3MAQ;Rose
4099;AFTQUQ7MFBNNKFZM644MI322OPQA;NagaTeja
4100;AFTRUR7C3BJWFR5KW4W4SCBXU6NQ;Hemavaraprasad
4101;AFTS5BKDRY7Y23B27UVBE2V6TOHA;Ranit Barman
4102;AFTUS3YZBNWUVW7FV7AQ4O532UNQ;Rakesh Roshan Koul
4103;AFTVETL4HGH4KRUF4NXGJUEDPBAQ;Ramamoorthy Jaykumar
4104;AFTVEU2XSMJEKMWGXDIR27UEWHXQ;Abhishek Lad
4105;AFTW5AE7RXGZCZGGGE5CIVC6ODMQ;Amazon Customer
4106;AFTW6YWBCDN5KJ4MWVXSFPHJRD5A;MAHTAB ANWAR
4107;AFTWSUMWZSYW6GG3YXVDAXHVIWFA;Aditya Kumar
4108;AFTX5FBSNUBV4KDAAFCLPYVIT7PA;Rishabh
4109;AFTXFBWO4GE62ATLVMHKDCZNRA5A;Lalthakunga
4110;AFTXFDZKRU76YNC2ZIWIBDVQUPNQ;Md amzad khan
4111;AFTZBO4S2Z7Q6UL72EUKGZRTVB6Q;RajendraK Tiwari
4112;AFTZLBOMSZSCBJ7CK5VXRSA6FGMQ;Unboxing video by Abananeez
4113;AFU2A2JSELGD55YLLEA2FEDCPZPA;Amazon Customer
4114;AFU2G5BSSM76EG3V5K6ZIZ3NVIRQ;Pooja s.
4115;AFU2GGLEYBWH47VH3HVIR3352MPA;Velmurugan
4116;AFU33Y7EUIZTFCE3QHWISRFUAG2Q;rashid
4117;AFU3MFN7EXNXOFFXW7NUKIKIKOAA;Nishant arya
4118;AFU3RKW2HRVHNL6PFIZ7Q3ZYUSOA;Sagar s.
4119;AFU3SQTJRUHU6A5SSPEXSO2YZWJA;Biju
4120;AFU42F26AWWMHVXXPQBCV3TMJCQA;Skanda Prasad
4121;AFU46CW62ED472TF44RSU3HQ7HQA;Shivam Jangra
4122;AFU4JDUZDD6N5MUGLULCRLUQLHDQ;Deepanshu saini
4123;AFU4L7YEY73K63B4VWGPBWQVAYWQ;Himon Roy
4124;AFU5GCXUVO5GKP4XFEITEMDSD7JQ;Raj
4125;AFU5NZ6LAHLUZ5OGIDR42FCDQAGA;Buyer
4126;AFU5YK2ZGL26FL7JSOUCS4NJIA2Q;Ajit paragond
4127;AFU64BXF4ADZXV2SSZXAAAVLB7OQ;Vishal M
4128;AFU6A2VUU2NNOTDQNVKBCY7B5ISQ;anupam kumari singh
4129;AFU6BDGJZI74Y35UXM2RWQLLTIHA;Aniketverma
4130;AFU6BZRZSMJBHGEYA6E7O2UZEWXQ;giri babu
4131;AFU7BOMPVJ7Q3TTA4G67RASTGYIQ;Amazon Customer
4132;AFUAADADBTTU3YB2FUJQC3C6IEBQ;H.N.GNANESH
4133;AFUAHYLSRN2FHN55BF4DN2KIACBA;AAR
4134;AFUBGC56G63INVGIAA2OOMZDRLTQ;Suryansh Bhargava
4135;AFUC5YIDC3M4XEGLETZWLMIFJT6A;sk
4136;AFUCLN7AM6VIDFUUQXMEYHHMJOTQ;Vimala Vishwanath
4137;AFUDD2HQICGHV2X6MXURZJ3FFKTQ;Amazon Customer
4138;AFUDGN5MEXLKUULNTM7Y2G5P7TYA;Vikas Kahol
4139;AFUES4NRZYASSBOKEIWJLHRO7CPA;Christin Sebastian
4140;AFUFHMKHZZMFJX554XNEXXTJXWEQ;Abhijit Gupta
4141;AFUGCO26OHJAF7LMREGYHPS2MMOQ;Arpita pal
4142;AFUGDQG5WBWBZJE2NX2OICO3UFWA;Rajesh Panchanathan
4143;AFUGI4MVDD6UIXUSOAONN3CJGO5Q;sibi kumar
4144;AFUGIFH5ZAFXRDSZHM4QB2KPKFUQ;Swasat Borah
4145;AFUGJHXELHJPICD2XOZKM5LYI2PQ;Debjyoti Singha Roy
4146;AFUGNPSXEVDZS2VGJUYR6CAQQO3Q;Lovraj V.
4147;AFUH5D4EYPVUKL6RIODLMEAZDVEA;Karthikeyan J
4148;AFUHQIJJYON4KDALBU5NF4TOUAFQ;Hari C.
4149;AFUI6TGJ2TLDSR4PDBMD37RSFDEQ;Amazon Customer
4150;AFUIVFZ4RBLB4N57ACNNJUDOXJJQ;rangababu
4151;AFUIW75M2VCMJ2RAD5HFEUHXCRKA;Amit Singh
4152;AFUJVPG2FRVCOEAGRTVZIMGXVQXQ;Nand lal
4153;AFUKBGJHIZMXQXXSS4NYJIPV3E7A;ArunKumar
4154;AFUKG7S3SXXBZ47G5JVMH7TN4L2A;Kalzang
4155;AFUKWUHPUS35ZCB4XOG26NR5YBXQ;mahaboob basha
4156;AFUKXJCLJNJK6S47HUN4KLGPFHCQ;Sancha Bir Subba
4157;AFULIW5XYUCVPAALQEJYZFZVCKBQ;EvͥᎥlͣkͫᎥŇg𒆜VᎥckץ
4158;AFULLSOLYZR7NWX4TA6GFPF2UQAQ;Suresh waghmare
4159;AFUMEYL42TG3CIXNBRCFHRUCCZBA;Mohan
4160;AFUNWCVYZL6R7BTREUZR3HWRTULA;RVA
4161;AFUOTYRFUXVPEBGIXVZZ7DR3CZUA;Pranali
4162;AFUPCMP6RPBTIAKVTGCGKCKMDMLQ;Amazon Customer
4163;AFUPFBFZTP6I4AZ6DTZQBHC26XZQ;Srinivasan Nk
4164;AFUPOIQZH7NDPJN6S2SA7FUJUC5Q;Uttam saha
4165;AFUPVR34RLXDQ4KH53C63MQSFISQ;immort4l
4166;AFUQWSUM2FGNLHU45YUKN3QAEFHQ;sandeep kumar
4167;AFUR2THG6BYV6IRA5JV6LBQNG2AA;pooja reddy
4168;AFUR3EWCD6OMWNI7EGYK62PDJL6Q;T A Rajagopal
4169;AFURD6VVHRG4HZ36KXGXYUTVUDLA;Md Aftab
4170;AFURZKQOYCUW7VM4OARS72JDTB3A;Rahmatullah
4171;AFUS52CHEA75E2YGQ6SYGP3PKBGA;Mohan
4172;AFUS77H3MU32ZFAHB7O7Q7ZYETVQ;T.Nuthan
4173;AFUSIVMKLXOVGMV7AEF5FRQGLJHA;sakthimurugan.M
4174;AFUSP4NL7DIIS7CADTLDHGFLNOMQ;limugha sumi
4175;AFUT3A3MXCM4JN4XUGMFUMFDBACQ;NAGA SHANKAR.K
4176;AFUT5RC32UT3SXTXUMYXYLS2Z3OQ;Devika ramana
4177;AFUT7ANZTZYGLXU65EQ2D5OP6UMA;ATHARVA BONDRE
4178;AFUTBH6P5GKM7JEHII7LKYB3XKDQ;Sweta Chopdar
4179;AFUU5Q42TD7WLXRGKOBMRGUZWRFQ;PG
4180;AFUUKNORZP5UBT6H2Y7FYLPNQRWA;dena
4181;AFUUXVY2MHW6RYIDUUOPR2HDA5OA;Harikumar
4182;AFUV2FBPZYYQYR6VJS2VCVPZTODQ;Tabish Tariq
4183;AFUV6OAP3USNBV34JGI4IVNUVYSA;ronnycrasto
4184;AFUV6WMMWSY6UM3P6ATQ6SME3H7A;Gangadhar Kotapatti
4185;AFUVA7UIKBWGLYUMDJ5AUS64V2QA;Rashmi
4186;AFUVPBEMV5BKKLHXC35CUJ45FV6Q;Amit Agarwal
4187;AFUVXBNSNS67SWSMSPANIXHTHI6A;Anand Kumar
4188;AFUW2GDGVFBBFAU4FO7VS247ISKA;Jay
4189;AFUWAPZHIONWGZH6JSHBSMRX7B5Q;Vineet singh
4190;AFUWFYMER6VM4ARW5VTGF3KEYM5A;Hari
4191;AFUWV4HNHDWYGFGEHEMCKPR7HPBA;vivek vinod
4192;AFUWVHBC2SCTJ7VEAWEIEYW5V4KA;Dakshvir Singh
4193;AFUXDVUZ2STL3ALSLWBDEAJBR7BA;Swati Chaudhari
4194;AFUXZLDQRZZW3OBIZHMMRKKIEC3Q;Nilkanth
4195;AFUYCL7FL7ZSW4J7EI5DHXNR7NSQ;Jawahar Barve
4196;AFUYGZVKVTGAEIOV2UCYF5JPXSCA;Nareshkumar kangula
4197;AFUYYV4MJWXM6FKQL6BR44OK52GA;Amazon Customer
4198;AFUZ26ZD32I23WLX6MO6UUGYB6VQ;tamilarasi
4199;AFUZEMCPQIOHL22WG2RGLYM2K5RA;Monu antil
4200;AFV32V72IHKH2ZAH2IEVBKFU3Q4Q;Esther
4201;AFV3HKJKN55O6CQNAAIYSAPMCPXA;sowjanya
4202;AFV3TYH4ZUHBEHG57TJOZ6XAQICA;Divyanshu Saraph
4203;AFV4TP7EA6GRZX4WZUQTAFBWIR2Q;Amazon Customer
4204;AFV56MGUGR7UTIGTA35IS5TUVXHA;Navonil Dey
4205;AFV5EVUA4PJBMGHSXA52AUFPNYFQ;Srinath
4206;AFV5W5BR6PKGHPIG3J6TNFK7BSXQ;Satyam Pandey
4207;AFV6EB63VB7UKYIEUYKNYEXHV5IA;Amazon Customer
4208;AFV6NBHT64FRQA3KRITDIU3M7NNA;Vivek kumar
4209;AFV6VAGYLU35VYPDF7TN4ZJOCTWA;Punjal s.
4210;AFV75LSQUFRY327UWQEBYQKLFSMA;Waheeda shabnam
4211;AFV7ZA733ZLME4KNLZPMPCBUNPPA;Shankar
4212;AFVAN57JZSJMCSHMVU3E5NFDIFJQ;Prashant
4213;AFVAWKSZHBYC7JWPLEDGHUTTOPBQ;Ravi Patel
4214;AFVAWQEMKVO64IW4CBMKCU7NVWAQ;Wilson Joseph Nadar
4215;AFVC6JKNNPRKNPVSGTKTDVE6S7KA;Debasish Saha
4216;AFVCCE5SH4O6EKOUDLJNKCHQCEKQ;Neeraj Dubey
4217;AFVD56LA6WDD3SSROFLFQVHLSHJA;Vibhor sharma
4218;AFVD66VQMSHPDT3A6HBBBGKRXBZA;Akshay wani
4219;AFVD6HB7DZDVOBDGJOB5OD5HRJFQ;Tomichan Matheikal
4220;AFVEPSR3NXA6IPMGBTDRZNB6TY7Q;Siva sbs
4221;AFVF4DJMF7VPQN73T57F4CZT2HGA;Souryajit Swain
4222;AFVF7AJZSBE46XHJTIQKCTOWZIAA;Chetan
4223;AFVFESCSU53NQCSYPCN3XRE66MIQ;Bosepandiyan B
4224;AFVFGVFOC6WUUL7VZ3ZSBDAFMPOA;UD
4225;AFVGMSHRL5NQJERZVEKY4JTQ26VQ;uday ghatak
4226;AFVHA7F6WGALC7CX3ALHQUYOAYNA;Amazon Customer
4227;AFVHCWF76EOX4NMKE2ZUU67CEOBQ;Aneesh Suresh
4228;AFVHJSKGY45HGBLZAUIWDMNEXFPQ;ANIKET HAGAWANE
4229;AFVHKKOI25DAQSETPL7Z5W5SIVUA;Vasudev
4230;AFVHSUME3FXLMVWOAUMSW2FQY5OQ;Surendra Kumar Kushwaha
4231;AFVI6OGPXJR6553ANNV5WFPS5JWQ;Anand achari
4232;AFVIELPXTPPBI7HXOXX72AIPJHGQ;NANDA KISHORE Patra
4233;AFVIFCKLO7ADXYQAQ2T74HUJEBEA;Shahrukh
4234;AFVIOYI64LWX7ZMVHYEMSMPMGEQA;Nitin Verma
4235;AFVIPOPKMOCVCX3CMXUJHMWDIMGA;Amit Benwal
4236;AFVIUQVC7WDM2MHHYV4KPGXSB7VQ;Rahul thakur
4237;AFVKECCQ756MXVGQDFS3JMEKXUMQ;Anesh
4238;AFVKRRAFQOO6G7UIAK6H44N3AHUQ;Icu
4239;AFVLASKUEKD7ILQRPFL4TAUJAUUA;Heena
4240;AFVNMGQ2XHQL55BFESLIHGPCW6LA;Soumya R.
4241;AFVNPALAXLPTQV7PA3A6GG6GNKHQ;Subrat
4242;AFVP63GD2YFUXERJWKNLUY3NZSKQ;Mehbub Alam
4243;AFVP7U6OD4IODWNS7TFARV6HS6DA;Sajiedhi Bamon
4244;AFVPAVVA7NTHCLGMLLSGV56WS42Q;Dev singh
4245;AFVQ33NU3HR2QB7KBRNEKKO2REHA;SRIKRISHNA
4246;AFVQ5YGAAENELAHUFPH2MAVYIWTQ;Push
4247;AFVQA4IJSHO64L2W67VXGZLWDGKA;Kriss G.
4248;AFVRAZD6HB5ALMMLJRZYAA45RKFQ;Amit
4249;AFVRWGOEBQKKF7RQOZTUXZEKIBVA;Deepak
4250;AFVSDNS5AEWGUFPXMZO5ZUOYOVFQ;Viswa
4251;AFVSLNLGZJITGITPXVRIZPHFK6BQ;Mohammed Ahmed
4252;AFVSNKZX2D322R5L245E7JBPXZPQ;Mohan
4253;AFVTO4K2IG5AYWZPOAEA2QGPZZ4A;Good
4254;AFVTXEYL44JFAYLMKFO7RGRQGKNA;Nasim
4255;AFVUB7JIZ754R5LHBFCOBLWFL67A;Customer reviews
4256;AFVUKW5J3PRPHQ5ZIFK275YXQOPQ;Amazon Customer
4257;AFVUO24OGRVCE6Y7NXYDIOQZONCA;Umesh
4258;AFVUY5ZKTN2NRRFDXM6M6IOW6YXQ;Rekha rana
4259;AFVVQAUFB2HFUQO6U752FCLT53RQ;Y VSREDDY
4260;AFVY6A2WBGEYOPAJNAZP6J44H5GA;Prajapati sagar
4261;AFVYGOA4AWO77UIPMUNH6YSKSB5A;Amazon P.
4262;AFVYO2JECMG7CWP5JCMNWSIU5B3Q;M S P
4263;AFVYZFTM3SUEGYESW55OJNGUAJVA;Lakshmi S
4264;AFVZGUHN6ZIFJGIBXSBAFVN23LLA;Rohini
4265;AFVZXMXYRXVM3VBDLGX45W34GQ4Q;S.R K.
4266;AFVZYHLIYODBCD6G6VOMDXWNTV3A;Digambar Gawali
4267;AFW2YA3CWHADWVPZJRCSYJJ2O3YA;Harsha
4268;AFW36VYDMVOGNOQ3KW5TU52NBPYA;Amazon Customer
4269;AFW5XNPYWYUD54B4GHGBC7JTMYHQ;Dinesh jumani
4270;AFW6K3O37RXWAJP5JDCSPNPENYDQ;Mousumi Ganguli
4271;AFW6KM45ORMBEVYBQ4QMSGG2ODOQ;Ahsan Shaikh
4272;AFW6NV5N3FUXV3CNUACPSYC5AB3Q;Mukundha2good
4273;AFW7SE27ST3TM7KFAGQEORGOCQJQ;anuragnaidu
4274;AFWAX2O5B5I36ESHPOWZKN25BYPA;Malathi Alunkar
4275;AFWCCY4OETWIYGV47TLKUZG3NAZA;Mithul R.
4276;AFWCLXKTHZPXBGFUEZSMLNWHGHNQ;Venkatesan
4277;AFWD4ZTM7473CDWARHCDQKK73MTA;Akshay
4278;AFWDFNYIE6OCDEN6PENSKU56NWKA;Varun Nayar
4279;AFWDREJZJIDUA2VLFDSNAP6GRVWA;Girish y j
4280;AFWDV7TXGNYDA54LFNRDRJBTBH4A;Alif Rahaman
4281;AFWDYM3RGZH3ZTQI6VVBUGPWMBWQ;Shashi Gupta
4282;AFWESPH2F54JGI3PJYU2NINBVCAQ;Shivakumar
4283;AFWEWWOEAAHDSL4SLZGRNGT57HDA;Amazon Customer
4284;AFWFAON3AFS63R4TZJ2DPHHB7KMQ;mohsin
4285;AFWFOKIGSV22T2HT62VTTV6LUN3Q;Arun Kalkunte
4286;AFWFPCA372BJOQZ4WQNB54ZB2SKQ;Sapna
4287;AFWFSLAC7CL5SNIGOEERFGNG74SQ;Gandham gopi
4288;AFWFT42A53TOEEBRRN6C5HLLBTSQ;DR.RAMANJEET SINGH
4289;AFWFWVCRK5WBT2KNQO54ZRY6EGGQ;CHANDRASHEKHAR
4290;AFWFXXYDJSIBNGG573MZOZ5RW4UA;Gvs G.
4291;AFWFYPM37ORBVNKGLW4EETQML7TQ;pooja
4292;AFWG4JI344C6S46UQ45JBUHOCQUQ;Amazon Customer
4293;AFWGKSA7JKANXBJVXLCPW7NR6ICQ;Shirish Ramdas Aware
4294;AFWGX2JJIVSYWDL5QHQ3TLM3IIDA;Sandeep S.
4295;AFWH2VR4TUJFCVLGMLDKY6QHFPSA;Devesh Bhargava
4296;AFWHBJHINMLO6RESQFNCY27BFGHQ;Ramanjaneyulu
4297;AFWHK4LKZHJJVZKD23JDBSMYCTWA;Kulsoom Hussain
4298;AFWHSXXOAGQP3TULDR5UEU7SEVLA;Goutham
4299;AFWHWM3CHMTSRKJH7IY2U64CRVOQ;Lalit Garg
4300;AFWJEGTWPLJFLEMNP6NHQWDEMR7A;Tanveer
4301;AFWJRG3J53U4MB2UJKQBXEU2KLDQ;Renuga
4302;AFWJSD4AVIM6DC3YA63G2QPENQSQ;Arun verma
4303;AFWK27A6IAU3NDNZKOC6VSFUPT7Q;Kunalb
4304;AFWKJFBWRYWJF6IGYZF7JYNXLOIQ;ANISH
4305;AFWKRJGICXU2EXDCHLR5AXVCMQEA;JULFIKKAR MONDAL
4306;AFWKYTQRPXNGB7RII7ZH7EABC7EA;Amazon Customer
4307;AFWL3FG6OEIIFL3TUJIB76DXYWXQ;Alpesh Rathva
4308;AFWLEJQMVZSV4NECM7C4TABYGHOQ;sandeep agarwal
4309;AFWLMSZPLJIABG6W6IFSFLEVHETA;Mayur Pradhanadhan.
4310;AFWLTMPGTO2JIFW3KVLCHQRKKT7A;Sukhdeep Kaur
4311;AFWNCMMSDZDDVHVBKKDK4ZK4HILA;Nand Kishore Sharma
4312;AFWNPTLGMCGHXXZKYKCF2C7BLBFA;Nitha Hashik
4313;AFWO26UIM72Q7ZPHSQ3DUGDM6H6Q;RN
4314;AFWOTSQXCQJLZ653Y7ACEZADKGYQ;Ashutosh
4315;AFWOX5BA5QS5TCVTNV3EHQXOSCLQ;Sagar
4316;AFWPPZRH2WVNMVTLFNXMAJCTTVFA;MOHAMMED
4317;AFWPWQ32B7BLW23MWYFHGYLNGUCA;Dr Paras
4318;AFWPXEXJRSEYWLZSQDGUDSBDHBLQ;Prityush
4319;AFWQEIDPK36M5BVEIU5MXV4HEMEQ;Dr Jerrish A  Jose
4320;AFWQG4DPBS3OFVH2BCUERQSOSEBQ;Ashutosh Suryavanshi
4321;AFWQNHRUPQTARC3F4UKWPQF4TRSA;Placeholder
4322;AFWQOENTTFZVSVZPJGTHXDV7G5JQ;RR
4323;AFWQRBBVJWYTYUFQHUJE63S6VXJQ;Gopalakrishnan
4324;AFWQUAD7B6KQ6EMMOUGFBPXWFAYQ;Ngiantseng Thowmung
4325;AFWQYEZ5HVIOG5VRTHLIWRYIGD6Q;Naveen Ahamed
4326;AFWR2F4YGS3OG3JB6U64BDM3ELAQ;Pritam paul
4327;AFWREBMJRX47V7TJD5E7VUBKZY3Q;Pallavi Varur
4328;AFWRX7NJDJNWOBKAJFVHN5WRNBZQ;Bharath
4329;AFWSPLLT7BYEGPY2VJGQEMRIW3BA;Seetha Lakshmi Rajeev
4330;AFWTGD4FCS2E2U2TDCOEOGP2FWEA;BKBasu
4331;AFWTJUGLV54OEGCP3BM3ADUOJBMA;SNRAO
4332;AFWTLKVVJSYFOHJGGWNK67SCX4NQ;Sanjaykumar Ingale
4333;AFWU3N2B6R66Q23QYZUC527E2BBA;Sammy
4334;AFWUBPDUKGCKVGAIFGZ6WMR6EJ6A;Aslam T.
4335;AFWUD5DYUNUE5VFG3RING65BF37A;Amjad Hussain
4336;AFWUGSDFT6MHTAGQWD3KBFOSLXRA;Shivraj p.
4337;AFWULLB4WTCWUBS3KIZWV7RMFAAA;Amit Kumbharikar
4338;AFWUWJMEO4IQEMHKMUXYUILK47LQ;Ramakhilavan
4339;AFWW4UEXAJH7EAB5LTMKMSGLUN2Q;Jithindas
4340;AFWWEYDN3ERGL6UJNV7GF6PB66JA;Tanveer
4341;AFWWWV4JHTQ4PJI5WUC73YTHBQCQ;kuldip teli
4342;AFWWYJNRHXQTUZFSW3YGSFNG7AHA;Taniya Baidya
4343;AFWXZ2W37J27GZLU6RBZZRVJYQ3Q;Rajasekaran
4344;AFWZ5Q3PHBYL3G3HO24T2Y52ZJWA;Vignesh
4345;AFWZ75RYXU4BLWIZOEUMOWBSAPXA;Ashok
4346;AFWZSY64MPBL2AJQVIINPMPZBS3Q;Shimnith
4347;AFX24UUAJRY7IISDXX3BFEDKLDBA;Syamkrishnan G
4348;AFX2BHTN5ZAZ2DXPJQBJEV7OP4HA;Shailesh Rege
4349;AFX2CQSR3SBHOJQWQHBLDIHQG3RA;Arjun AK
4350;AFX2XYBWOEXU7XMUUHDSBSBS7UUQ;KB raju
4351;AFX3KZYHLGEF5Y2EAEGRMVVPBHTA;Mulli balaraju
4352;AFX3S2XJA42O4HP6JF2F2MM5XGFA;Ramachandran Ravi
4353;AFX3TRRDLRW7VDIT7AJQ4WFA6FOA;Shivam
4354;AFX3VLIHVKXRNRC2HBLSBNEIV2LQ;Balamurugan A
4355;AFX56WJDKZA5QDCLNHWGZE4WBM2A;Randh
4356;AFX5MLF4YHBERVPZOKYPHY3KYYYA;Ajay Srivastava
4357;AFX5NHAAOUKKENAT6GWNKY3X5YTQ;Neeraj yadav
4358;AFX5VVJ6G4NBFDWPMRQBFLYWEW6A;himanshu kumar
4359;AFX6DXBXJZC4YETE5ZYXJJCE3PFQ;Satyam Kumar
4360;AFX6NQOSMDSQWMBRDX6NUHNLZEYA;Amazon Customer
4361;AFX7BRLKONY7SL2HZRE7RXKZRPHA;Sachin Singri
4362;AFX7Y424L7A2WXEKEFTRAATHZTGA;Abhinay Kanth D M
4363;AFXA26HZQUFUW7XEXH5GMEEZSPMQ;Jose Amicattu
4364;AFXA73X6367FW6C7AQNXOTR7BZ3A;yash
4365;AFXAQKHWVGXPXQ34RWZX3QER6MFA;Sakthi
4366;AFXAZGN66ICO6QGG2A4PZVZMPUJA;Placeholder
4367;AFXCPBDKDKLHFF6T4IBIOSNWH6SA;ANIMESH ROY
4368;AFXD4X5ZHUPRNQTYZIVCELJUSBYQ;Prabhat singh
4369;AFXDLSR7SKWLB4PKF5SSF5Q27WIQ;Devashis
4370;AFXDOEANKNDY342TWIUJUYEU55IQ;Amazon Customer
4371;AFXDPNEUR4775WNNLD5LU3EOHWQQ;ankit dalal
4372;AFXDV4IJ5XF3PUIJXXTBDPB2QWNA;GOWTHAM B
4373;AFXDZ3POPMDGLR6PH7EGPUAXJIRQ;Deep
4374;AFXERFNWKFFWECCPZJBRP2N23XJA;eusuf khan
4375;AFXFUNDPMG2IONSORBEGUJZOMJMA;Ajay R Jadhav (artist)
4376;AFXHSMAQBFXU4A34SCILCOV37VIQ;AA
4377;AFXICPXB4TFIKV3SCE3LBN5W5QCQ;Vimal Raj
4378;AFXIU2GNQU5FDRWNQR2RKY5NBG6A;Naveen sahal
4379;AFXIZPXW2Y4UA5NWS3EEQOVQGJZQ;Shoaib
4380;AFXJHAXEGOGYVUKP4HIERLJCGSRQ;Ashok Abraham
4381;AFXKLQI6SM4PUEQO7CJQ3G53PKOQ;Suman Jana
4382;AFXKSM63UF5OAWWNXC3BB46V2E6Q;Avani mankar
4383;AFXLD7CM6FII27LC6W7HHACGDEAQ;Shanti Lal Tailor
4384;AFXM3NOWH4PAUM3GPYNYHNDSM2RQ;sudhansu sekhar khandai
4385;AFXO2ER7GFIH4WDPPZX6LRZX3X7Q;Saumik Shashwat
4386;AFXO7INXRRNSJ5YMHJQFI57VHBDQ;Karishma Sharma
4387;AFXOKBDDHJNQRGHFWPJZA6PL3XMQ;Mr.
4388;AFXOKMMHVI6D4RWQXJFN3YSI57BQ;Aditya Koppuravuri
4389;AFXP7JLR5C35B6IL2IVYWYDMNZVQ;Vivek B P
4390;AFXPNU67DDECPJPSNRFI2E6H5LDQ;GIRIDHAR
4391;AFXPWPSO5PFTCR2QYR6VWGBSB2QQ;Amazon Customer
4392;AFXQ3YGENWMRX36NXEBSR2ROPG5Q;Bhaskar Reddy
4393;AFXQA7YBNBU7CB6QVQ7MYYUDP3LA;Karthik
4394;AFXQR65B2ONAPVNIFV6RMMJXATAQ;Anish
4395;AFXQSBDW6232K22UMJWF5PMYX5RQ;ARUN KUMAR A V
4396;AFXQSIUT7B2DVWYGONQGEGVMGFTA;Abhinav Singh
4397;AFXQUHNNILJZMAN3G7SSUXP5DVLA;Matta leela krishna
4398;AFXRH6SHIJIG475VOAVT4QPDJHIQ;Suraj Singh
4399;AFXRMHZQNO7PQW3EFY7KUMXVWMGQ;Manoj
4400;AFXT4M4YZCGYWUG22BMXEOB7VUOA;GB SLG
4401;AFXUMOU3PMUQEHSYTB7SBVYFN34Q;Mukul Ghosalkar
4402;AFXUNDGJZ2S2L33AQDVM4G4PFA5A;Prashant
4403;AFXVKJMZW54XSXP6CQHUWEDPUDEA;gagan deep singh
4404;AFXWZKJCBIHCQFOR2RFYUE7UQDSA;Hariram
4405;AFXXE66PDZJEYLRJFXBVKDQX5WAQ;mrudula
4406;AFXXFWMGUKQDP27JRILRUKME7R4Q;Sachin Goel
4407;AFXXUQYCEVF3LETU5PSA77TAE5FA;ANAND PRATAP
4408;AFXYNRL37KVTOBVKIVMSHZPZWBCQ;Mahesh kumar
4409;AFXYPYAOFDHWH4CXSBUVX2XXIOSA;Nadeem
4410;AFXYRRVG6WFFNONQ2DGVUOCPP2TQ;Angad
4411;AFXYWZZ4PXDEVN5DJPTUF6SKLEGQ;venkatesh
4412;AFXYY4Z4QM34XOLVVYKZSNZGBBBA;Aijaz Ahmed
4413;AFXZDRPDWF4RVB7PYC4W7EX22PAQ;Amazon Customer
4414;AFXZNVON4LZKKL23DAL7IPT5ZJUA;Ayush pandey
4415;AFY2KVXOARKAYSSSHYAZXMKB7ZKA;Yusuf Saifi
4416;AFY34GSLURN6WLMJGFOGI5R2B6LA;Kindle Customer
4417;AFY3BGO4YZABQCIIIVYMRYDQ3QWQ;Saurabh Kaushik
4418;AFY3G76SQQTSCLM7WVE3JWFEP5DA;Paul J.
4419;AFY3XWUSTQABIV5OERXNLAPIZBTA;Digvijay Kharbas
4420;AFY43URPP4H2YAU54BXZXHAA4PFA;Sachin Ramola
4421;AFY4C2ZKXRWWGZRC2WIRBN4HTT7A;giri raj singh
4422;AFY4TSX2F5VE4VZOVGHWODY6YMXQ;Vinay kumar
4423;AFY52SCGUVXVGOTEYS4SI2DNI6LA;Saravana r.
4424;AFY5TPNWXE2RPD5FGQR3WHF3J27Q;Rohan
4425;AFY5TVFOMVHGBPBTIJODYDQRZM5Q;Shashank Mallamraju
4426;AFY63CMR45TQ44JBPYWHGUBOQUEA;vinod reddy
4427;AFY65T5MLGBO4CIMHS2HQASXETHA;Pardeep singh
4428;AFY66NURTOX762MUCC6G4QMEBE3Q;Nelson
4429;AFY6F4SOQGV36CVSEIW32NCNCSUA;Mahalingam
4430;AFY6NUGEJR3FYO5JQQYPVHB7BN7Q;Pyarasani Sai Kumar
4431;AFYA3XLIG4JUAVDGJR6XDG4XZXOQ;B.SRINIVAS
4432;AFYA4YKSMUOYCP7QOKA4UULLVOVQ;satyanarayana
4433;AFYA6RUSF2C4PVOBWDACACIU2SBA;Joy B Hans
4434;AFYACVFEH3NFVZ5LGOPEBKBCLSSQ;Amazon Customer
4435;AFYBMZW3AZJKJJTALIIXD7ZGEHKA;Palash Kapuri
4436;AFYCBABBI2GCQRSCKIRHPLQNO72A;Amazon Customer
4437;AFYCNW74WYKEQYYNUDBTD4V45H2A;Danish Shah
4438;AFYDOUCV4JCJESNQ57MXOVGSJ5PQ;Sumier786
4439;AFYEHXFPJRMXSQKK7PTK5TRWUQUA;hema
4440;AFYENENKOXRC77BZ5JFXNG6GBNAA;Amazon Customer
4441;AFYFP2TSUS4LLHR6CY5NJQZZIG7Q;Sandeep Kaushik
4442;AFYFQI7B55R5LXO2D3JPD6FBNUCA;Anand Tiwari
4443;AFYFUEC7XN6L5GP6AGS57WS3GTQA;SHIVAM SINGH
4444;AFYHQLI23FMT3VQTHL6MTDZUMRVA;NIL
4445;AFYHSM4NZORPAYX4P6XIV3OPZE7Q;JATIN BHATIA
4446;AFYINVLESD3NKJPONL3Z5Y2QLHFQ;Sonal
4447;AFYJFR3HKB33JS7X55URE3J3GWGA;Prasanna S.
4448;AFYJKU3CYIDTCWXSROBNCJYVGDVA;SIVAKUMAR
4449;AFYLAHK2PMQOEZJNIM4V7N7ZETYA;Suresh Prajapati
4450;AFYLL7VANUJZ6M4L3277TRRERA5Q;Vrushali Rhatwal
4451;AFYM2YCDE6SZB4OHEG4NX7OWJI5Q;Rakesh
4452;AFYMFZN2MFKODDI25OZKLO36LCHA;Sameer
4453;AFYMT7DOR34UG7SPECITTIOGLASA;Gopal
4454;AFYN7CPGKOFGIEEDC6I6CFJBEKVA;NAGESWARA RAO BONKURU
4455;AFYNKZR2T74OJU2LN2FKK7FM5BLQ;shiv
4456;AFYNVJPHRZHVCMMJJQWJZEXXEO5Q;suraj
4457;AFYNVZTVIP3DSF3J5C2NCUYYSHBA;Sumedh
4458;AFYO7NAUE7PLQZUFAXIANYIKNX6A;Ajeet
4459;AFYOAUU6ABZMTVU36GZK4VUGNQOA;Sai hari
4460;AFYOI4QB47I7I4QHNU3PF6ZZCAEA;Love
4461;AFYOIOJCLIUTH3O47WX3UURCJZ2A;rushikesh
4462;AFYPBI2BVOVJGI2FTGVRG7IPNYTA;Palanivel raja N
4463;AFYPWMPR6XXQPAOLMGPWOW6HULQA;Lokesh bhandari
4464;AFYQCTYLY5N5ZAB2DBAKWUZNBF7Q;noor
4465;AFYQPTD6YGHPLNTGAOUBK6JTRVTA;Nik Xavier
4466;AFYQS2VHWWGWOJ2WN5NHJBYYNFAA;Amjith K
4467;AFYR2ZQMPQP6L5377C2CDAZNYAOA;Sri Prasath
4468;AFYR53OTBUX2RNAKUZHUJ4RFJJNQ;Anand sarma
4469;AFYRCVBOUMS7NDZBSLAPKGVNLXJA;Chandan kumar
4470;AFYRXRWGIWPROKMMVR6ELUFSFSGA;Subrajit Saha
4471;AFYSF6635O2EAPR4GMVBH74FSIFQ;Shiv Sagar
4472;AFYSLM4L6FC755CARUNV6FXNANLA;Nalla srinivas Reddy
4473;AFYSXQBPVL6SBVWFIUWXNK5P2FWQ;A Jackson
4474;AFYTDFPJTAAXZIU6LKLWRFJR2HTA;Santosh Kumar Gupta
4475;AFYW2E6QX62PBJAJEIOE25GCKXOA;Rushab
4476;AFYWFSV7SQAJW6KLYQN4D5OVIUNA;Rehan alam
4477;AFYWJTX34TSDYAHOCEDFBOESDBLA;Student
4478;AFYXCGFUYNSPE2MMMHPCDDG3MPKQ;Flora.bebo.vidyarthi
4479;AFYY6ZT5ZOTXLDKDBSPRHTJLLZIQ;Aruna kumari
4480;AFYZBDPD6PGSHBHPHQTOVJW4QFCQ;Rejeesh n.c
4481;AFZ2XU2PKUJGH3N6MCYNRFGVUU5A;Arun R
4482;AFZ2YKWX4KR7MWSA6UOMEGGHT32A;Nitin G.
4483;AFZ32GLS7WFVSLNXGJBJYFJWWSUA;Saurabh Patwa
4484;AFZ3M7CZNIRAIQ7MRL5IOMSSDREA;gunashekar
4485;AFZ3S6RJS6RVOXVK5OAIT4AX76UA;Arjun Thomas
4486;AFZ3VECWAVRV5NH6BCMVMAN3YO6A;Vara Prasad
4487;AFZ4C7KMK5UYX5GM55VQD4JRCWUA;THIRU
4488;AFZ4FBQATW3AY363VAW64PZ73QCQ;Ameet A
4489;AFZ4LNRNW2PKH2TMZM6QH2KJNQCQ;Shashank S Tambe
4490;AFZ56RXI37SOY5JWTOPITA6FUFQA;sanket
4491;AFZ5ADF4DVYO3IS67WN2K6UKSVSQ;Annonymous
4492;AFZ5KWM4MSPU25YIO2CYGGSNYV6Q;Akash Sharma
4493;AFZ5LXQHEOBA4QWHTTF3TQNP7XIQ;Rekha H gohil
4494;AFZ7BSWDEUCVHARR4CX2UCO5VZEA;RUPESH BISHT
4495;AFZ7MBTXBL4II5GY4OUJUKDI4PSA;Shahid
4496;AFZ7US7H622UBLYL4ZX2XEHT7FHQ;N Patel
4497;AFZAJPI7LJPDCOSMY6ASVRJOECMQ;Sagar Bhalerao
4498;AFZBEV4BOWGRSEH2PK7D65ZW66PA;Naresh Patel
4499;AFZBWPKSEOJ3ZXAVS7IA5QMLX6SQ;Nikhilesh T.
4500;AFZCIFS5Q5VKKUK7X3MAEIUK4WYQ;Devendra Paliwal
4501;AFZCNPDZYVYZCJ2JE5AH4SKJ7WQQ;Rahul sharma
4502;AFZCPKBUAC37LWA3YEJSQ5VU2TOA;Anisur R Mullick
4503;AFZD4RCAOTL4JRRKT6WHVVJWDNHA;Vijaya
4504;AFZDR5KNLP6HTBN33LC3AZ472J5A;HIMANSHU JOSHIYARA
4505;AFZDTYSBA3OFABW3ISFCOOKQK76A;P
4506;AFZDZGWHZNPZ3VLECIBYSFUDGT4A;harpreet singh
4507;AFZE7KG2W5XOGLTWA2J4CSAHNXWA;Sacchidanand Pant
4508;AFZECWTOM2GUH3T67XW26DXUIJNA;Jigar panchal
4509;AFZEG6L4GPWPLCNRA727ERKMBPBA;Kishan Patel
4510;AFZESR4UNHIMTL2SQMFA3FJYKHAQ;Renu
4511;AFZF624S3KR3ETF5MQRA2CTEEOOA;Selvam_saravanan_reebok
4512;AFZFVBUJXA6PBKJ2FDOYPBEACFKA;Sai Gangadhar Chawan
4513;AFZG5KAKVPLZDANPRWUKN5BWXD2A;Amazon Customer
4514;AFZHLQMILG47ZESR5TLNB5QK66HQ;sandip
4515;AFZHVPBS7NVVW2M7U4TXWIQBRKAQ;Yateesh Rajput
4516;AFZHYSJFYNPWZKOWVJNTDMHHMZSA;Sheeba jayaraj
4517;AFZIDUSFQZCTHMAIP5ESQP4D46IQ;Sarvagya Verma
4518;AFZIZOK5KDBOB5QCHUQRR2ZWUYKA;Amazon Customer
4519;AFZJRXAD3NPFKJU56SZBKYK3X4DQ;Rajender Eslavath
4520;AFZKOLERWHICQGFIVYFDVDPJS56Q;Aarti
4521;AFZKPE6ZA4U5QVICSDRTTYN7PJEQ;Arun kumar choudhary
4522;AFZL3ATLXN5TG5KBUMLEY2ABSMWA;Capt Rohit Das
4523;AFZLNTIDI2YFJVCQS4EXCTGWVWEQ;Amazon Customer
4524;AFZLO4JX4Y2XDISGVAWMFE4GIZZA;Muzammil Khan
4525;AFZLSCVPVJVKTHLW27QNQ7NCKILQ;Gemini
4526;AFZMFOHRXE5LIYRCW2W22ECGWLKA;Hiral parmar
4527;AFZNCL4GFSQONZC3T2E6CWDOOJ3A;Rishabh Kumar Sinku
4528;AFZOAPDLJIFD3YE3HDLTHDSWUXNA;Jsivasankarreddy
4529;AFZOF5V4W33EHJ3VL42U3O52ZIWQ;Vishwa Vijay
4530;AFZOUV6DSSLIWTHCEQED5RR6HGHQ;MM
4531;AFZOXNV5I52MMGRSNIRPW22I5BKQ;Manoj Kumar bais
4532;AFZPH7ZAWX5VDY3HOBNYRDGIDBVA;MARIYA DASS
4533;AFZQ666X2VK2RSSOOKKUH4H3HPGQ;nagaraju
4534;AFZQFX2T6G3DRQ5VN2RLQHKHN7OQ;Pratyush
4535;AFZQHGNNUAQ2MMHXAE3IUISW6OFQ;Rohit Shariya
4536;AFZRJWGYUFNULZQLL27PLZYMTYFA;RAMKISAN
4537;AFZRZORHYQ6TSM25CRDS6UDSLUDA;Sudip Kundu
4538;AFZS47FK76MBKOKQHQ2BEYNB2ZEA;shekhar
4539;AFZS6H2ZFJEJHRWIJ3IYL7V6KRPA;aQeel
4540;AFZSC27UUKDN5VYQVMAPYZNQTULA;Renjith
4541;AFZSMXS2MILXOSTT2ZEJDE3W7TLQ;Raja Laxman
4542;AFZST4HYDBQ6XVQACSAAFUDJOIKQ;Amazon Customer
4543;AFZT774FU3LOJGEW7JSAXOD24OBQ;Uzair Drabu
4544;AFZU2DMK45O2USJ3FVBIXTNRZXYQ;Srikanth Bhattu
4545;AFZUA67QC4VNENJEL2DUIJERYKRA;Amazon Customer
4546;AFZUCCUR2EBAOJTXZAMP4GKYDGPQ;tony
4547;AFZUN3PXHMWKAANEXOL22647UYBQ;Nagaraj S H
4548;AFZUVAVAWLFWHSJD7VW36OO2U5SA;Amar s.
4549;AFZUYJEJPM23P4IBOOAHFINA2TAQ;Soumyaprada Bishoyi
4550;AFZV4ISJSNGDUD5TU3VYMTYQ5JGA;Jugalkishor yadav
4551;AFZVACGHIEIUWBF2UAWI2MU67LCA;Anmol
4552;AFZVM6YEGV5SQ2KKZFMEJZ25NKQA;Ravikiran N.
4553;AFZVNM6MTDG7IXBRRNT7X5OGJXUQ;Asif ikbal
4554;AFZVV44R3C5A6YYCZDNUTMEKD7OQ;Debayan
4555;AFZVZZKBT4ICJLQIMTJ2ZK44UMIQ;Krunal Golwala
4556;AFZWEGAQMORO5YUZDF63YT77LLWQ;Neetu
4557;AFZWM3VVEIMWNFSTQNIUSWJ324KA;ShanChan83
4558;AFZXGY75HWOEPDLC22OUNIQJR2QA;NILIM
4559;AFZYCBUV5DAFUWI2O74KE6BRJZ2A;Shrishti
4560;AFZYCNGGJWPEVKRYOBQCJFBFPF2A;Surajit
4561;AFZZ3LQJXGZL2I3L2FI2I4ZYEDPA;Srikanth Subba Rao
4562;AFZZF7APWEI5WIVALP3CW2M224VQ;Harsha
4563;AFZZGR3USTVT3SLKK2EJHBPJI7XA;raj y.
4564;AFZZKKAWBJWFT7ZNDHWFPI2LJTLA;RAJU ACHARJEE
4565;AG222PEM6CMMGSEWBM2Y4XT3HDOA;Anu
4566;AG223GHNBRH433Q3MXBZ4GEXJH3A;Chaitanya Kumar
4567;AG22NVWB5NWRKIG3YU3FV547ATKQ;Ajay Chauhan
4568;AG22QSZIES6VEC3IVAGKQD4N7WHA;Jagdeep
4569;AG23E67LYRJ6Y26AIHNKS6ES4OXQ;Rahul chauhan
4570;AG23N2Z5CVKFJZ6ZLIYU4NQTDKFA;Amit  Kumar Chaudhary
4571;AG23ZRBLDYWQAUQHZH5QYDKSFTPA;Ginger
4572;AG247WO5BV4INTTCQ3H35SSEPVJQ;Surendran
4573;AG25MJLUNH7VRLYA2TZIY2PCG5QA;Tirtha Roy
4574;AG27ECFAKUL5MDR4P7O33R52MEMQ;Saurav Kumar Saha
4575;AG27F7XSXLAU4JPURBUVMMFBBZHQ;MD NAWAJ SHARIF
4576;AG2AMJAUILIEJBYCIPJKKPED66RA;Melwin D'mello
4577;AG2ARPIPDP5V6IADKVV3L65PFDWQ;Akash Singh
4578;AG2AYRDUZHKLWJ3J2OL2K2UTOQUQ;Naveen Sharma
4579;AG2BB3Q2AQB7SBFBURGYSMFHDAOA;Navin thawani
4580;AG2CJB47VQE4AVBUYWE7TYPVMYHQ;MUNIYANDI. D
4581;AG2CU4JHAZYEWQCC7KV4KBLYDT4Q;Manish Soni
4582;AG2DJXFBQPAWRGKC2LLG4IUWWJNQ;Yallaling Maruthi
4583;AG2DKHTMNEVMFCTBVNTH6NRRKTMA;Swapnil G.
4584;AG2ELN75KZERETVTINPKCDLHJNVA;RAMANJANEYULU
4585;AG2FFL77UFH5Y44BU4FY2FKT6YAQ;Muskan Thakur
4586;AG2GGBDNSFBCW36UG3RROPBSLVGA;Karthi R
4587;AG2GORYENZ57Q2GI5YX363VVLIWA;Dileep K.
4588;AG2GXBIXLFJD652RYILCZS44PBAA;Placeholder
4589;AG2H434HPEN5BMI4TKNQGUCQE77A;Amazon Customer
4590;AG2ICOYPSOV5SGBKFEYHGKCNK7PA;T N Sivaji
4591;AG2ITB7GSXUQM6CODSEUDY2P64DQ;Jayesh
4592;AG2JLSQXNIT6S4LCGHMOGFTHOOPQ;Anindya
4593;AG2KPNJXAZXHKWUMAM3PTCO4T7RA;Kiran Kumar
4594;AG2KRPXT2HVJMBECVLAOTO7CNI6A;Manivannan
4595;AG2KSOZBBZY3A37U4Q273OYH2IAQ;Akil
4596;AG2KUMJ53E7NT2N7NZSOUKNT7CVA;Harshit Thakur
4597;AG2KZIEWJBPZO4LANZZXK7YITI7Q;Selva naik
4598;AG2MRGYFBXUEYGEMBLUJC3F74LJQ;Surya
4599;AG2MS6TT6QSBXJYL474XNZ4IF7CQ;Amazon Customer
4600;AG2MU763T3BPRZNAXR3VCD35A4UQ;PK
4601;AG2OT56YJBO6ZE5TZMWJ6GRXZ2QQ;Amazon Customer
4602;AG2PGVWTVLRVZRJCJH3YOWP5FNQA;Garuda
4603;AG2Q3W62IHB6PTZ2ZP3W2MI3EN3Q;Amazon Customer
4604;AG2Q7FISK54KBSPHF7CNNGZ3GLNA;POTNURU RAJINI
4605;AG2REE6BFNII6CHJQ2HQCG4Q5BWQ;Sheetal Satish
4606;AG2RP4LU7VSU67OTVBAC6LSKI3PQ;Nitesh
4607;AG2SFK64KDQ5YXJ2DRZSQHA7IAIQ;Arun Sharma
4608;AG2SGIEE46YOK5J5WFS52KHY4PYA;Ritesh kumar
4609;AG2SYAYMSOBCNG26IZLXO2QVFIDQ;Yash Gaikwad
4610;AG2T5VLGSYCC4K6VINWC2USGSDJQ;Ankita Kakkar
4611;AG2TD3527KNZZNE46UL2AK56FSZQ;Nitin Mishra
4612;AG2UBCLWPOQR4QN5YCLXLC3XLHCA;rajat kumar
4613;AG2V3QSA4MVD6RPA5UGUMYMH3PXQ;Santosh Kumar
4614;AG2VIEGXWD4W3JNOTSCZR5VU52PQ;Adesh Bhatt
4615;AG2VMF3LINMMYN5BJ7Q62SD5URUQ;Ravi
4616;AG2VO7W4S2AZ47V6O75TD7YVUE3A;Pooja Purohit
4617;AG2VPNDAAPKBRHLK4L7CWYBZPNAA;Rahnuma
4618;AG2VWPTTUEHEZWGDIYDJWPX7IDJQ;Jignesh malvi
4619;AG2W2BFO5CKP4J66NZOAEIBQODVQ;Kushagra Saxena
4620;AG2WVO7W7ODQCKIFZ4EEIQSC5Y7A;Sneha Suyal
4621;AG2X6AGQIUAPKCJIXEZTL2DPVISQ;sridevi  k👍
4622;AG2X6MXVRQJD5VE7SYKNUNWVOQRQ;Satya Sai Behera
4623;AG2XLW3HTVW2IH3H6AVNZMR3HQYQ;Ajay Kumar Gupta
4624;AG2XZP6Z52IRYUCU6GLGEUTP5HJA;Anish
4625;AG322TYKVPLPBDXE7ABEUK5QTALQ;sudhanshu chaubey
4626;AG32CGI3PYEPSA5OYLMRI7LIUWMA;Amazon Customer
4627;AG33A6XPV67G77FOMXFCNTTPNT4Q;Vinit S.
4628;AG33OJYQIXPPS7CONXFHC5GEYEQQ;Mohammed Ashfaque
4629;AG33SHKIV4KLY4PPGUGUNDNTIAMA;Abhay Tyagi
4630;AG33YAVAI5WBUVO6P3OSR7ZWEENA;ajith
4631;AG34JWBUWQ3VHVME53EOCLAPIZ4Q;Vinita
4632;AG35AFPFHGMNYSEFQYN6USFG3FJQ;Amazon Customer
4633;AG36CQHXVY6RQJO3OYSVWO6MT4EA;9436168244
4634;AG36G3XPHERLKRDG7XYQ2IWJWPIQ;Amrut K.
4635;AG36M6YGRB65XEJ4LMC2U77FR76A;Suraj Khabale
4636;AG37JNOSIVJOXSZEPVVPPBFCS56Q;Mohan
4637;AG37JT3DBXZLS3HJHIAJZUA7A3LQ;Amol kale
4638;AG37OII7FSO3PNOBDK34OCKYHFMQ;Jacob Abraham
4639;AG37VQORMBEJPZS2AGUCYGIU7G5A;Priyanka
4640;AG3AXJDOVVUXIWQCAEX2EXEQI77A;Shekh Mohsin
4641;AG3B6VHXNSP3NV4QKN6S2UYW3IHA;Charan Kumar Shetty
4642;AG3B6XNLKK4GGFYPW4JEYBG577CQ;Dr. Kakati
4643;AG3BY5SSMLL664AT5KK4UFBUCWZQ;Amzino
4644;AG3CB7GLADRTGQEELLO5J46H5XUQ;N S
4645;AG3D6O4STAQKAY2UVGEUV46KN35Q;Manav
4646;AG3DYTM7NUZADEFMPATX4TTIKH6A;Vishal Salian
4647;AG3ED5BPXEBU5ZAGYEEECUEK42NA;Atul Dhanorkar
4648;AG3EJCPDMWMFHVD75JLK6447GEYQ;Debasish Bhukta
4649;AG3G7G2DUJKN5YMCOYZNCADKKJUQ;Madhusmita singh
4650;AG3GZQUNY2SEAOLYGGMUN36D36HA;Suneel
4651;AG3H2NL3BTX4M4VD4NMTQ4VBKF6A;Chelvam
4652;AG3H5M4RSVVBD3XRPC4MVFPUGTRQ;Arun
4653;AG3I2ANE4UBBMC5AH34BVK2STVZA;Beixun
4654;AG3J2PDHKL63SV6RT5SZKPHEJM7A;Nilesh Madhani
4655;AG3J37R72LBQQ44KNHS3X3ZYQK5A;Manikantan V
4656;AG3J4S2BFDNPWLWKFM4JZ5ZZGRDQ;hari
4657;AG3JRPG6MIZTLYNMIRBGFYDZVLBQ;Raj
4658;AG3JTCWKG2UKPLHVG76QRTOFWTVQ;uma vijay
4659;AG3JTK7QUAB6PSV7ECWRFCZCWNYQ;keertika Banshiwal
4660;AG3KQMTPNTYVQP6G2VVMDJAVISLQ;Jeevan Raj
4661;AG3NJTJII7WAT5XWQ2K5AATDZTXQ;Prashant
4662;AG3NMRPAMYUG6GWM4J2RLJHFIBVQ;balakrishna
4663;AG3O6DYHU7RR4V2YEZCO42RILNPA;Jaskaran
4664;AG3OM7FBL3LB5C266XVNPJGOHPPA;Gaurav Kumar
4665;AG3P4IMSW644U3FQ2765XNZFNC3Q;abhilash n.
4666;AG3PFOJEF5GLV3YFEAWJUTBBSIEA;Deepthi
4667;AG3PG2EM3MIT6IYPS5KZRIAF4QDQ;Digambar Shelke
4668;AG3PLRKXVXLYQ7YHOIU4QVWWFBAQ;VINAY
4669;AG3Q4BJZXEPHGTX4QEJZGHQJIDMQ;Amazon Customer
4670;AG3QTVXT2ODRVKOQJJRDV5KA2F2A;Rashmi
4671;AG3RH7VYVL25QFOCSWTZLBLZIV2A;Mounika k
4672;AG3RZKI3Q6Y7BRBJE2NFACMPX4AA;Krishvar
4673;AG3SI2KQY3UNEQJOKH565UD4Y6FA;NiTiL KUMAR/SUMIT KUMAR MAURYA
4674;AG3SNVECF5ZS32DWQTW2G77ISR5A;GIREESH KUMAR R
4675;AG3SQH676VN5EH4NDNGVVLML6RZQ;Mahesh Paryani
4676;AG3TB7ROWWPT3OD5SN5ZVSBYZ2NA;Sagar Raut
4677;AG3TIHPAHFYCX3XQ3TQ2OB5IAJXQ;Aneesh See Yay
4678;AG3TNZMW4L6MIHXZG4BLGEXDGJPA;Maneesha Biju
4679;AG3VNAPINYOYAQVGDR7ZJ4YQMHRA;Prudhvi Rj
4680;AG3VYIAF4Y62PHDG5OAJK2KF4X3A;Amitendra Mukherjee
4681;AG3W26PYXB5PZLCXPAT3747IYCYA;Md I.
4682;AG3WWBPMVIMZILVOZGYXYAA5M6UA;Debjit Chowdhury
4683;AG3XBWOAL65DJSBHJ7LQ2K54HJKQ;Theeban Raj
4684;AG3XIMGKJUIAVY5V3MVT5EQU6W6A;michel raj
4685;AG3YBDVYC4S2ROATG6F73M2GDOJA;Arun B
4686;AG3YRWMWYEW3G2WELWCNIU2H7HQQ;Amazon Customer
4687;AG3YSO4JPZO3L6K2RWYUN5WXRDKA;Kavita mahajan
4688;AG3Z5IUUFOD24P2S22VMAWPT7TSQ;Joel Joseph
4689;AG42FZDSEYZOQV7FJMK7BTG3Z2BQ;Tom
4690;AG43C22P52ROYFXBHCND6X3QI4PA;Suvendu Ray. (Alok )
4691;AG43V5KMRNBDZHB6JZNM2RSJGEHQ;Akanksha suvarna
4692;AG43Z7WV62ULSGSI3JHOKCZZRSLQ;Monika kochhar
4693;AG44HJB2AMIVHAGQZ2WGWONERKCA;Prashant
4694;AG44OTCJB3ZNRPLXK2KTM3R4RGRQ;Anil
4695;AG44ZU44LAA7BHECDW5VB2ZMEP2A;Mahender Singh
4696;AG45O2BGKXV2KHQ7RPLX6VGRK3NA;Ashish Jain
4697;AG46FAHE6KV3OQCLJYKRDZWNNYGQ;Promod George
4698;AG46GGA3GD2ZW4IRVXY2LKHWDC3A;Vijay Kumar Saini
4699;AG46WHSZVVRGRYQ5PW3PSOIZQMRA;Kapil
4700;AG47744WDABVHDCDS7565VQQMQEQ;DW PAPADKAR
4701;AG47CSNDLDSLE7BQWBCUPL4IMBZQ;ravi
4702;AG47LLM626L4ZVY57SFZW7DRFXKA;Shallu
4703;AG4AFKT4PVRYWBKJMOJEKFUSU5MQ;rajani 2406
4704;AG4ALUK7YMBO2CIH3UPELENCTIYQ;NAZIA AHMED
4705;AG4ATWAPS6UTAKDEZLP43YRIHKVQ;RED DEVIL
4706;AG4C27NTZZ7HTG6W3ADZYHAUEZCA;DD_Zen
4707;AG4CH37VZG5JRJCAEYYGYTFH5UWQ;Sanchita Mandal
4708;AG4CULPDENY6NXR67DNAQU5VM42Q;Lingaraj Naik
4709;AG4DG477VEGVKYEYL3VZ2VIT5FWQ;Placeholder
4710;AG4E4F2EYMDWT5COA2MPYFF3DY2A;balaji
4711;AG4ELQEFRPWHH2ADRUMUJW6XP7JQ;Durvesh Sawant
4712;AG4FCICECZZK5SGKS5PG2PLFSVPA;Lalit b.
4713;AG4FDTJABUWBNHOQZ6CDMPEV5VFA;Rajiv Ratta
4714;AG4FIDFQU6LP6QMFQY53VSV5JYXA;Parmod
4715;AG4GACSXM3RJ2UR3NTYNNR4YSHYA;David Gomes
4716;AG4HJD7JUH5N2VD35E4V6VT7GLMQ;Atul kumar
4717;AG4HRCTC3U32DT5KTF5D2KYASGSQ;Deeptha Narayan
4718;AG4HRUL6S4S7W4SSANHGXJKEBNKQ;Mithu khan 9732
4719;AG4HU2P24AVEA5DIVDDZPAZJB2EA;PRAKASHA T K
4720;AG4IENR3HNMEINBTJS3PET6VQY3Q;Ankesh kumar pandit
4721;AG4K2GZXDJUJR73746BVI5ZCXXAA;HARIHARAN M
4722;AG4KCGZMX3RVD6WWOR4USWIW5P6Q;Ronak
4723;AG4KR7KOATA2RKEX5D2NQICRFZ3Q;Deb k
4724;AG4KV3ADPE2DJLL72U64WNSGHVUQ;Gurdev singh
4725;AG4KWB76KAF53ROOZQ5NG4KEAUIQ;muhammed shanid an
4726;AG4KXXU3X2W7U5GHPFTQUH7B74QQ;Gyani baba
4727;AG4KZO4DB3TYVVMBWPWMMJGD4ZYQ;shaan bishwas
4728;AG4L77PETD6JPT4LLTVG4WDS72PQ;tejaswi
4729;AG4LMDCRAAKD4U2FZ6B6N75KTHXA;Amazon Customer
4730;AG4M42TGS64SVYRRH7JRNHMB7CCA;Jaidwal
4731;AG4MIJFPUX7ACHTA37OTFR2POWAQ;Banda Srinivas
4732;AG4NQECOQ6XL3YXY2ARSILF65W6Q;Mohammad Thayub Pasha
4733;AG4OAYEMGQAZIBMSV7SJPYDXICXA;arya
4734;AG4OGOFWXJZTQ2HKYIOCOY3KXF2Q;jaspreet singh
4735;AG4P3FAK356UYE52PQV6CJD2YHMQ;surendra Kumar
4736;AG4PLTD4U6CPUFP5VA6TUWM3V5RA;RIYA
4737;AG4PTAEZKGTC4UKZX5RSZKK32JIA;Beljo kodiyan
4738;AG4Q3J2BSPCZD6YPMZ5FFE5A623A;Pushkar Gade
4739;AG4QBUONWQLCCWRCXBA6GKTIPGUQ;Pragati Mishra
4740;AG4QFJXKZLMRSSLHOSL4XYGM6G6Q;Rohit
4741;AG4QLX5GRMA774DI4ZA6VHAWPXGA;Sinu
4742;AG4RNET5VB3G2D37WFEHZV764UYQ;Thanga harisha
4743;AG4RZDXIU2IUVLGT75YVH3KJTEUQ;Dheeraj
4744;AG4RZWPPUDNODTIYYVLFSFHEKF4A;tej@
4745;AG4T75DAKCNZ6EPYPMKBGV6J54JQ;jayaprathap
4746;AG4TMVLE2E2Y6MTLHIY357BFY2MQ;A kotwal
4747;AG4TU4LCQXF2XTLMMGMFTNWL3OOA;Prathap Pathaneni
4748;AG4U3Y2VBDUGHJ6VTFKDIZIZJPWA;KUPPUSAMY DESIKAN
4749;AG4UNVU75Q7SYSAHMQ7XNPAM4Y2A;ravindra
4750;AG4UQP4EKBXW3ZFQFIEGYNY2UHWQ;PREETI RAWAT
4751;AG4V65HMYF6P3SFTT3ACUTVJ5ZWQ;Mohammad Aslam N
4752;AG4VHCBBGV55FALKIZXY7Y66G2QA;Akash sachan
4753;AG4W4DLB7L3TFL5MDB7P465HOLDA;Akshay Tibrewal
4754;AG4YW4O2PIYELIEF7RIWWELPR2IQ;Hanamant Waddar
4755;AG4ZEZKMSPQD52MAAXWEB2PVXJ2Q;Amazon Customer
4756;AG4ZT4XUVYDG34W6WLOXQPYYMX2Q;Rohan Magar
4757;AG52N6UOIS5XRAI7K6RRCGIIGGYA;Nithin
4758;AG54CPQ6JMC6VNF5AIYM2PF6TOKQ;Placeholder
4759;AG54KGAZMF7BPHMMR7QDFEV2U5UA;Ajay kumar
4760;AG54MN24SX3EMMON4AMBUNL74K3Q;Avijit Basak
4761;AG55XGEMTFKS7BXQTNFKHFTMMW5A;Rajesh
4762;AG56BWR4QA24HMU37HCG7LXA5BIQ;Kindle Customer
4763;AG56GJXG2U4TIZ42J4H5SIAOZFSQ;Gautham Panchavadi
4764;AG57G63ZBJYDUGVZ2VRDSZD6L4ZA;Kritika S.
4765;AG57LS7SGNITPOERH5OV4VQHSVJA;Saikat Bose
4766;AG57WIFEBPDQCK3G7H5T3KTXMRHQ;VIKRANT SHARMA
4767;AG5AXAJDBTPTEASP2CGYURERHSQQ;Aditya Kumar
4768;AG5B2JK25IVZJ4XBES43PYNFRI3Q;Avanish
4769;AG5B4QNGCUV5VYRNLLOPULVJ5N7Q;Saurabh Jha
4770;AG5BGJGG7C2RVJR4EFQIISIJ2YYQ;Vikas J
4771;AG5BPTCQ4ZU6JWWKH2KBGNLSLKCA;Sanjay
4772;AG5C253AVEWRSVYUA7CC5DCJAXZA;Amazon Customer
4773;AG5CBSM4UJ7KPPFIQGZPIXASGR2Q;Suresh madaka
4774;AG5CGZYQFXZAC3I63JBZ3K424DRQ;Alice dsouza
4775;AG5CLIZS2FGTT6QOMXOTFTVZDKOQ;Andy
4776;AG5CZPAP4OJQAWDOFWDX5DEQ23JQ;suhail khan
4777;AG5DWPD54QGSLWJ6QUFERLPNAX4Q;E.C.GEORGE
4778;AG5EFWMU7ZA7UZV5X2B6KZPV4AJQ;Harish Devarahatti
4779;AG5EGPN7G64EYA3BQOZNNJI3EROQ;Sanjeev
4780;AG5FGOJE6CG3FHJTE2PNPHOGUJHA;Amazon Customer
4781;AG5G6IU6RDTR24OHO3LSE24JCVEQ;Manisha
4782;AG5G7QG722YPXMDLWSEQUVDKDXXQ;Shaikh Nadeem
4783;AG5GIDKTKJL5GQO4WODHFI2ALUSA;Sheetal
4784;AG5H3U5TC6HICM23GAH5FKKIZAYQ;Prashant
4785;AG5HPY5JX3T2DV3RHEJLE26ASMOA;Premlata Sinha
4786;AG5HTSFRRE6NL3M5SGCUQBP7YSCA;JD
4787;AG5IEBFXQTBJ4OY2YRIDGM5T53WA;velu
4788;AG5KYNRJXLJG2YENX3MQR6FSYMNA;Gore Sampat
4789;AG5LI22SGAIXYZAJXUDGHUQXIKOA;Amazon Customer
4790;AG5LTALCLRJRNBK3W4P5EODKPLSA;Shinto Mon
4791;AG5LV4HJ776YMIPUAONDNCHP4VKQ;Soumya
4792;AG5M6CPA43SQPDBTR6UHVIPTRFIQ;Anshula @thebookishlawyer
4793;AG5M7MJQX6OLPQ2CFRNGKTC26IZA;Mahesh Kumar Tiwari
4794;AG5OL5WIIPJBY25HISJLM5K2UBTQ;Preeti
4795;AG5OWHWYJUE7GK5HV47FTXCLUL4Q;Zahwa Husain
4796;AG5P7BKN4M3JH7HW64UV4Y2QZGHA;Sachin Dsouza
4797;AG5PQBEQ6IWIZNMYDDK4K7NQKWSQ;Amazon Customer
4798;AG5PVVOM55OQOZLE6RR7HRGV4E3A;Samiksha dalvi
4799;AG5QFPH67UFPAGKYCFJZNX7JRO5A;Jagadish
4800;AG5QL2X7ZDWB3GK34SRUZTAXKO2Q;Arun
4801;AG5QSBZVK2PROVFXY6NCIIPZCBMQ;Omkar
4802;AG5S67BW7SOU7MZK7VGDTLCCCFWQ;satheesh
4803;AG5ST5LJL5DUIYA5AH5V4EFXO4JQ;Tanvi Chadha
4804;AG5TSY3XDBSXVSJHBP24ET5FZOEA;MOHD Ajajul
4805;AG5TXJG5DJ554EJX2GMQL67ZCP2Q;Dewang
4806;AG5TXXR5HQ3GX2KC5IHGIAEZXEPA;U can buy
4807;AG5UBF32OIHPW42GLXLBS4QOKKVA;Roshan Narendra Raut
4808;AG5V75LPUVIVS3DFZNN4UEK2FBJA;Sashi G.
4809;AG5VQTV5OVY2Q42ZQPWXTRU2PSLQ;SRF Prashant
4810;AG5VYWN77PG2COOPPEMMZIOFVR3Q;Raman
4811;AG5W4UZE7KIEFTWZQAPHOOCNBHGA;Sam Rajiev A
4812;AG5WZLHPQHKNWCKK3EZQG73THRGA;Hrishikesh
4813;AG5Y7T4IINHLVZVMTSVQVFGJEITQ;Gokul Agrawal
4814;AG5Y7UAFKC352NVZPMRVQRENEAMA;Avinash singh
4815;AG5YTR237OL7QUWL7BV45DZRDE3A;Gurvarinder Gilhotra
4816;AG5ZMUHXVOUVN5BBEDWNN56JLUVA;Sunil
4817;AG5ZVXUMPBZT7QYYE23JJU3HTLLA;devashish
4818;AG62ALOQG5SNE6G6BINPN3PFATFA;Nazimali
4819;AG62MXMQ7L2PI4B757FPQYANBH6Q;Baby
4820;AG62NLRIFTN2XEHSJ6HFEUWLNUFQ;Chetan C.
4821;AG633F2HW3BKLPJU3JCTLLLHWBHQ;Mahendra
4822;AG636YCW33ZTJ3O67MQZNNNAIJVQ;Aniruddha biswas
4823;AG63J3CFIT6RYX32RHHYWRZ2WKKA;Lalit
4824;AG64ADZBDOLMMQKFPD6JFZDTHVHA;Santhoshvaricola
4825;AG64E4GTHGCK5JAQJBFV3GPWYWOQ;hussain khan pattan
4826;AG65C34LATM4J3ZFKJJPDNISZKUQ;zain
4827;AG66ESDG6STC3VUGMYT2JM7F5EFA;Atul Chauhan
4828;AG67C3ZJMVIGQPZOJS5PISM3QF6A;Rajesh
4829;AG67CGR3C43TNGHCXQDEHUMT5QSA;Dr Sandeep Rana
4830;AG67OUXW2WVTJESMZA7F2RPZXWGQ;A truly Amazonian
4831;AG6A2WAGVLEAIUQYP2YYIVAFTYPQ;Tan
4832;AG6ARD7AF2XBUTKPW35SH7ACMJOA;Santosh
4833;AG6AS2KLLZMPPPEKF5RIJXTMA4FA;shammi
4834;AG6BE54C5GMY47O4FSBWFNFTOGLA;M L Sharma
4835;AG6BJSKUOVW6DOSEHJ6OLIDCO5MA;Bapuni
4836;AG6CCG7PM3D2IEKTJOPSSBWLWPDQ;DHARM D.
4837;AG6CCP43BJUOX7RZVWBHLG7WGNOA;Irfan khan
4838;AG6CREU25N6P2H7RCHNIU6GGJ5BA;Aakaash Ramchandani
4839;AG6CUGEEGHQL2ZZ3VHASUJTHLORA;Shivam thakur
4840;AG6DF5G6NXVTFKGB5OGNOFQ336SQ;ANANTHA RAMULU KASIBOINA
4841;AG6DLOLZYH4E5ZATU7HOAK4REHSA;ADITYA SINGH
4842;AG6EGJADJ2KCEGGKRPKY2B4MAJMA;Ak
4843;AG6EJGP5G3XX3PO7XUVN23XNF7QA;UDAY
4844;AG6FIMS4K4KZ2ZEJMESRMWXFYFXQ;MD Hasanujjaman
4845;AG6FKYZZA7HPN54KNFM5EIKJNDSQ;Muzafar
4846;AG6FMEC2OLWDZW3UTB3ISADQMNTQ;Amazon Customer
4847;AG6FYUMRVTFM4OWVDHQF4KDQXG3Q;Ayan Chakraborty
4848;AG6GKJFYOVO2OJCRV73FBUIBAJLQ;Sreekanth
4849;AG6HMWEV2ABV7VF344EGP4SNMLHQ;Anish Kadivar
4850;AG6I6TM63SHK4H2BFN4VQREFP6TA;Rajappa Thimmaiah
4851;AG6ISZK2C6E2PVIUWTIBAMHO4KQQ;devaraj
4852;AG6ITVLWPSPIQITY64C7R5ADA2LQ;Pras G
4853;AG6IV4AS3MF5FG3VYPZOG3ACGNLA;varun sharma
4854;AG6JEDS3UJIQHXUGHEQHW7XHL2KQ;Ash Sharma
4855;AG6JGI37HP3HKED7FYSE6HNY2OZA;Amazon Customer
4856;AG6JGUFT2AOXWJS7UIOZBRYVE7VA;Yamini
4857;AG6KERF2BWYB52CC56DEC3KZQYNA;Ashok kumar
4858;AG6KUA5QTEDKKUOCTE2UCBTYFTQA;srinivassan
4859;AG6L76MYOFGJ2MUPN3XH2RN6KXHA;Shiva
4860;AG6LARJ3IHDAIRVVN6WW4Q6JTPJA;Jayaprakash
4861;AG6LT2H74ZN26WM5OVCIJ6O6A3GQ;Namita Singh Panwar
4862;AG6MBOHY6DAS5HA35XTBSFMJZKPA;Asif Chaudhary
4863;AG6MJ7SV33TYEKAWZOY7HBZ2W2WA;kateriki
4864;AG6N6OO4GIHAHRVNERRTV3FJA2BQ;manian
4865;AG6NHOI4HQRYJYKR7M2DERXZNMIA;Akshaya Rao
4866;AG6OEN75DD6ADCNOYEGCMHZRI22A;Vishakha
4867;AG6OO5TADBKM6RSXLN54U2LYYPXA;Vinay Bucha
4868;AG6OZOGIQT4YSME7I3M7EHU36AMA;sukanya desai
4869;AG6QCT5IZMD5I4TMLCLTKM3LQU6A;Nishi b.
4870;AG6S5T3PING6QXZAUDDTH6FO7ICA;Ally
4871;AG6SHJNJ2HSGSXQLN3COPFEMZ7UA;vivek sharma
4872;AG6ST6L57J4B7UHNXKEV55ZP3NPQ;Bobby
4873;AG6T7YJGBNIZFYN3IETCMEP4ASJA;G1_Nk
4874;AG6TL6KXOCB6HW6QITVEZ3NFPYFA;Swapnil Patil
4875;AG6TQFT2J2BQW67NBTLB4X6XYC5A;Seyadhu Hussain
4876;AG6U2ZW7UGA562DK4W6NVANEMKDA;bragdishwaran.u
4877;AG6U536CQCCXIUB2KAMNSXV6FDRQ;Amazon Customer
4878;AG6U76PUTURMNUURSZUAARGW4JGQ;Swastik Suman Sahu
4879;AG6UPQFCRHSQODIOVIMER3P47VQA;Samuel Nesa Kumar. L
4880;AG6UUJCP3QT24QUCT5PTQIYWUI6Q;Nidheesh V
4881;AG6UWS47VN74SMHL4KL57DEJMBIA;Alden Andrews
4882;AG6VORBMIHPIVWWIAD64NXGEHWAA;Naveen Reddy
4883;AG6W5HESRSDLBX3NCYOOUGFOWERA;Arivazhagan
4884;AG6WNF3AQBACEWDTRW6UM2MALT2A;Suraj
4885;AG6WSLLXZY52HSQUY5PRCXTCYQYQ;prateeq
4886;AG6X53SP2LB733ON4RXI3T7Y354A;virender
4887;AG6XZKNID4KTQYM4ZI4EYKUIMPCQ;PRODIP KUMAR GHOSH
4888;AG6Y7W6NMR5NHG7WBAC6A4FL37PQ;V. Yuvaraj
4889;AG6YAYQRT6LJZXH5GBEJIKTHOVPA;Amazon Customer
4890;AG6YFIPWZK7TFOKVJJTYNM25TCUQ;Sankar Ganesh
4891;AG6YHIDBTRF4SWXLDWRVMRS56AMQ;Krishna
4892;AG6YU7BHITXUFJ22336KYWROTZKA;Amazon Customer
4893;AG6Z3AUD67XGSSTZOR6GZX3IC3DA;Amit Sareen
4894;AG6ZGGBWZ3W4RS3AO36OFPMEM6EQ;Avinash B
4895;AG726NQTX4GKLFNXFOAQBFA6JQGQ;Vignesh Prabu VP
4896;AG726ROK2TXYFZYOHF56OXEQEVMA;r s singh
4897;AG72D7R72T2BX46FLNTAPNAVHNJQ;Amazon Customer
4898;AG72HBSOIRQFGJN2NY3GPAEEHZTA;Naina
4899;AG72XDX4CZHFNILZCIKRN4AMP2DA;Nitin
4900;AG737LKNRE3K2ZWJNPUM3H3ST7TA;Tharun krishna
4901;AG73KSBFVJ5HI7YVT6EH5WTAY67Q;Srivastava rahul
4902;AG73LD2KHD5QVU277LLIT3VMT7ZA;Monu
4903;AG743FAA5YAG2Y2ORETMSE4FE6KA;Mani
4904;AG74HALEHHRAVFNXFHBM75RWZD6Q;ASHISHGAJBE
4905;AG75QN74MJP35SGZVQCK7S24TBPQ;Nitin Kshirsagar
4906;AG76GICZHJGA7YVN4TORX36ONVYA;Deepak
4907;AG76ORLKGH52WYE2ATIRZOSVEZXA;Dr M.
4908;AG775T6JDIUUYOZ5VGCCQLTCDVRQ;Deepak
4909;AG77EF477UX6JHDRZFZM23ZRG5HQ;Sukhwindar Singh
4910;AG77NL56ZZCL5IZXNPYYVIMOGNHA;Majid khan
4911;AG77YVKGFFYDUVVPDE2TNAYYMKOA;shah
4912;AG7B6TJPNXKVLBY3RPA6HSCFJW2Q;Rohit
4913;AG7BC5ADBMW6EMTNHSDXNEZACGSA;Karthik
4914;AG7BFEWBPUBPVFTK47EIJDAYUBNQ;kavan
4915;AG7BWK54SGYY2Z2QHMB5VD2JXDJQ;Sachin Tiwari
4916;AG7C4WOSISFMNRWDAGVEOHVNUYSQ;Nawaz Akhtar
4917;AG7C5TFPIBMWQQC2SY4UPPRF6T6A;prathmesh sawant
4918;AG7C6DAADCTRQJG2BRS3RIKDT52Q;Vivek kumar
4919;AG7CR672RR6AWBT7I62TSPGNS2NA;Vimal
4920;AG7DCRRGNMM7FSENOSNAQTVYBHPQ;Ishita Bhadana
4921;AG7DFEJVZNB4PW34WVGQPVLU7CKQ;Amazon Customer
4922;AG7DHUWNNE5O3RNSE4OXWUFCBAAA;Harry
4923;AG7DKLB2T3PNRAY6LDLIW6VJMJMQ;Amazon Customer
4924;AG7DTVYZDY2NWU6V2G4KSIB67TDA;Mathan kumar
4925;AG7EDX6NV5CSHGLF5QKGWTKGYRVA;Prateek
4926;AG7EZVSAXIVGMNDLSA55K7URQCJA;Vishwa
4927;AG7F66F724JZ2HIJQY7NOU5M5D2Q;Piyush Handa
4928;AG7FU75LA5ONPMNEVH6X47PHPHYA;G.l.sudhakar
4929;AG7HMNN4W6OF7QVRDK3MKTR6DY7Q;Vicky
4930;AG7HW2RWBBMIKW45MHWWO3MJPAMQ;Krupal Gajjar
4931;AG7IZHWLVWLGGYDRPI7FNFT5FTOA;Ashutosh
4932;AG7JD2UYSH7NDVCB4FOHEKNHW4NA;Mrinal Kukreti
4933;AG7K6562RYGYYIWLBP6GELB6DZ5A;Panchami Menon
4934;AG7KEHOTRQWYCFBB3YOYWNEEKOWA;Raju Pandey
4935;AG7KK4DGWS4RKQ2S7Z7KDSWSNT6A;TASAVUR
4936;AG7KTA6KY5FALZELPIEMQBXP6TYA;Nik
4937;AG7KWVG7HMZOHCIDXRJ7KARTAFQQ;Rizwan
4938;AG7L3FBDA2KLNZOZWS2XF7Y2GGRQ;A K Rai
4939;AG7LUOL4B7W4Y5AWCZ5MK47P3OUQ;akanksha
4940;AG7MI6MZP3GMUTO65QNUR25VP7VA;kashif
4941;AG7MREPON3XAAGY4WT4YGA7DZWCA;Mahore.lakhan
4942;AG7NKDJ76WUK3JVPQ72NHUHHKWFQ;Deepu prasad
4943;AG7NNDG43AB32RR66C6QNTQKGO6A;Satpreet Singh
4944;AG7NSYRU3ZSMSIKJT6P4YIFO6QOA;vanniavel
4945;AG7O2DWNCAQIAMWYENDUQG3P5FPA;Santosh Kumar Saini
4946;AG7OKZNOYUX3PEFWYNO3WLKVH6MA;Rajeev
4947;AG7POKBSWQUO4VOYD4HDWYKMMJ4Q;Gauri salkar
4948;AG7QMBEFFY2LJJKKEVWMJU2BMNRQ;BALASUNDHARAM B
4949;AG7QNJ2SCS5VS5VYYBNV4HDSIJ4Q;Ajay B
4950;AG7RQBIKXECMXD644R2M5EZIZ2SA;Farooq
4951;AG7SOO7BTPB4YXKS4G5UITCFX4GQ;Binsu Augustine
4952;AG7TH75OM43KHSIXXCFBZF63MNAQ;SIDDHARTHA GOEL
4953;AG7TJLDLH3HOUPRBUFW6KNUEGO4A;Sreejith ks
4954;AG7U4ELTZ4SALHGRJGQUH5TOKXFA;sanjay tiwari
4955;AG7URP5PKDSGZQUIBSSSVTQCYDBQ;Gajanan
4956;AG7VJYQTSVIZAOA3UDUAZGCTZ66A;Rachit Garg
4957;AG7VVM3KQOOLBILDBXWV7KTPIMHQ;Firoz patel
4958;AG7VZ4KBXNGIBZMW6Y7H5AU4T7LQ;Amazon Customer
4959;AG7WPF7DVFD23RMJ7UATEGMI6ASQ;Nirab
4960;AG7WUOUVMGXDRZPOUVXHK4MLB6LQ;Suraj bala
4961;AG7XDPNSDQFE7CPVN7ODSPVOAD4Q;Amazon Customer
4962;AG7XS62BBYTJDLOVUFYPSQ2DZZZA;Jasmin Azzuhoor
4963;AG7XUAMM5BZSSPCBAQJ3YGYSIPXA;Divya Nancy
4964;AG7XYZRCSKX6G2OLO7DVZWIZ3PUQ;Manoj Kumar Sahoo
4965;AG7Y3XXKXV7O63XWG4Q7FKGNR6LA;sudhananda
4966;AG7Y7ZU2S5Y2H7UJX6AFGQSRB7ZQ;Niranjan koyri
4967;AG7YGYMECZTW3ZHP6BK4BNREWP6Q;GAURAV KUMAR SHARMA
4968;AG7YXM3CTKIWDRFUWCMM5KGHAP3Q;mirza f.
4969;AG7ZAJNX4XZ5LTA4NLWBHTCX2V5A;Manoj Kumar
4970;AG7ZK27I2UYNSV56CRBCTEVB7T6A;V SRIKANTH
4971;AG7ZZIXCIBRUJ57VCGVUKDTGVIFA;7709220353
4972;AGA2PZGWMQIRA46VYOTICFE7KCBA;nilesh
4973;AGA33ZYLMIQ3HBG5ACKY5VEETEUA;PRINCE
4974;AGA3BZEL7AM75FQS67KO32HQKWHQ;Reyaansh Arora
4975;AGA3HQYJUDXUSMKY2XA7VMWANUWA;Amazon Customer
4976;AGA3QPDGKGEZFTLXEDT75FTCIVJQ;PD
4977;AGA4MZI3ZKNPYUXSJ5OHUNI7EJPA;Anjali
4978;AGA4TH7LEY2HBXJYTK6Y4RA4LWDQ;Baldev s.
4979;AGA4V2SLJ744MITK2FWWGPXOFB7A;Dhruv Sharma
4980;AGA5GE5IJRW4L4BHWDNC5BFS4UUQ;Dhananjay
4981;AGA5INGXTDEODK7X55L4WXF6DJNQ;Amazon Customer
4982;AGA5YIBRADKT7MTOS3NDW3UOM4DA;Srikanth Sivaraj
4983;AGA6B3KA3UVWW7IMQ2AAH7YC7SBA;Sa9025
4984;AGA6O6L2CPTO7XPKKLPVCJMMKMAQ;Galab
4985;AGA7WBYRWAQ3J3OQ3DWKJUZK3ICA;Vasireddy ravali
4986;AGABMXBJYA3LSM5LIRNXL3HMHTLA;Puja Das
4987;AGAC4PQRPELTJSFKK4GVXBT5Y6TA;Chirag Panchal
4988;AGACKHUULXIV2SLNKKA6GWQOP7JQ;KIRAN BABU BIREDDI
4989;AGACLGW4IBQOHLA6UJBIUNGVBRMQ;sushil kumar
4990;AGACP7SH2Y22RU24IBBJZ5ZLKSBQ;Aditya Digambar Pachghare
4991;AGACS7BZV5ZPI2NOFQUC4S6LVZGA;Vivek Prakash nakkeeran
4992;AGACZ24ZIDYMROK4UAX6ZEKNT3IQ;Samanway Koley
4993;AGAELRYPMTG5SADZPDYB343EASAA;Satheesh Kadiam
4994;AGAFYHMPFGVPR3MOS4QAZLAWPW3A;anas
4995;AGAGJNDYID4G47KUQZVTWOGT55JA;Dineshkumar
4996;AGAGQBMUTC7WREXUTXUVP6MXJ6MA;Prasant Kumar Panigrahi
4997;AGAHH7PWXC4ZX235QLJVVHU76USQ;Renjith Harilal
4998;AGAHJYQQHZEZZ7ZVR7557735PGVQ;Shaik Aleem Uddin
4999;AGAI5NULVI4W3QO5HBFOWS5S6TDQ;Nageswar
5000;AGAJXGDRTICIRCARGVACQLPWIFMA;Dr Yashaswi Dalal
5001;AGAKDNBHY2FKX7I4ACRGILU7QL7A;Himanshu Goel
5002;AGAMVFFHI7EL23RQYBA4JTXR6GLA;KAUSHAL kumar
5003;AGANY4HWSF32KZFVMOTNULK2RQBQ;Harshavardhan
5004;AGAO5NDUOORFZEJW3M27SHMV4IVA;vishnu pareek
5005;AGAOBZI6ANRCGVDMCJXTSAKF4GHQ;Farhana
5006;AGAOIEU4KTRFNKU4K55O65W3MILA;Manigandan K
5007;AGAOWLGAUJ7WGZNAEUHHSWYYORAQ;Beena kumari
5008;AGAOZJQ4WQAODOWE4K6CSPUDNG4A;A.Misra
5009;AGAPGK7QBUJDHYEHVEZIJSSU6RXQ;Dongay Rajasekhar Panda
5010;AGAPQRGQHJFMTSOOUP4ASESAQ74Q;Shashi Shekhar
5011;AGAQKYRZFYPLG7NL3P5PPBBAWIRQ;Titika
5012;AGAQWV5XLA3XNG4ZUSPCAKWDKK7A;SWATI B.
5013;AGARJN3VAP4E6PQYIF74CDF3W6GA;Safiya
5014;AGARLHYVHR5YQUAPN4UW6FDDQZDQ;ARD
5015;AGASCT5TE6VHAHRFTOBANIS3CEIA;Akshay B
5016;AGASWLGAJEYSNHPWSR74GSDXU5JQ;muhamad s.
5017;AGAT4B2SOCYYE474JV7DDVOMOGGQ;Abhay Patil
5018;AGATYIKGAWO26SQJ7K7TDN2LFUSQ;Nishant sharma
5019;AGAUULKME2K6WYOHPLL5XT5XLQGA;Ashith
5020;AGAVEOWLSMUI7WPD3OHUVNHQ233Q;Pinky
5021;AGAW2EDB3HCVCKBR6DVI33KGYI3Q;shabnam
5022;AGAWIQ7HOF4I2AFI7CD5ENI7BCDQ;Panmei
5023;AGAX7R5GL5K2RGHQSQTDMPYC72PA;Giji Philip
5024;AGAXCWBSPZUPB6GKZKHS3WDT52YA;INSTALL INTO PC
5025;AGAXJLX3K3I7WQKQA4Q4NT2IJ2WQ;VSR
5026;AGAYLHB4FT5IE4A5NXOCGX6VDWUQ;Bangre M
5027;AGAZYH7WC2DAX4C5Q2IJ3QNNTXKQ;Manav
5028;AGB2EEPBUR5MIG35HYFKQFWBDHNQ;Munish waran
5029;AGB2GEXGTW7TMVVANDCMSSXHC45Q;sid
5030;AGB2L4VZFZQISJ44XSXNEQOKSTVQ;Sankalpa Chakma
5031;AGB2NK7XN5VYFYWIZMGLT2GOSZAQ;Ramsy
5032;AGB2VOIFUR7OVK5G6TMSPV52XHFA;Akshay
5033;AGB3BMFYPRZH26CFIYKTDIA3NGVQ;Subi
5034;AGB3FQ7523INWDNY3MAHJWA5ZGIQ;MANEESH Jaggari
5035;AGB3OGP22I23IZANKYBMKYK6XQRQ;shekar
5036;AGB4BQGMMGUSJ2SMZJDCF7WTQSQQ;Amazon Customer
5037;AGB5B7QDVRRWO43PODQ7BRQBS4PQ;Placeholder
5038;AGB5RPS3YTHLDOLTXGMHP6TSMGFQ;Priyank
5039;AGB6S2IB6ENELR6KLDKCNQUGY6TA;manikandan
5040;AGB77J7O6BH5OYGIU5PPZNLCB64A;Thambusamy
5041;AGB7DCNVNZ4VY6G33RD333OROE2A;IP Trading solutions
5042;AGB7JIFSP63DCBEXSQJ7NV4QOYMQ;M M M
5043;AGB7UMNSKR6R3WD2NM5KY7S6W57A;Shalini Rani
5044;AGB7Z7NMD5362JFEZKZOJJJHD5OA;KAPIL JINDAL
5045;AGBA37OJDBIONSXA6OYI5TCIQSUQ;Sangeet
5046;AGBA6KKPYVJU2TU52GK575YXMSCA;sahadev
5047;AGBA7KYAPLBYCCWKRBEAIWCBFBLA;archie
5048;AGBAIGEU4LX4TAQQOENWMZBZCV3A;V Rajendra Kumar
5049;AGBB4DAVTI36DUQN2NLQNXJLG37Q;Pooja
5050;AGBBKPN6FHVMRRHWZVRJ7O45VG7Q;J k bricks
5051;AGBBOHCULMY33RU5XRNNOVVN2ZGQ;Asif Farooque
5052;AGBCACABUIMCCGTZLCVST6F57IPA;Nitin Swarup
5053;AGBCEE2BSSGUDXRORMHMYUZVK6LQ;Chetankumarkanthi
5054;AGBDMC7RQ25U6AEK5YA5TLP4S5HQ;Mohammed S.
5055;AGBEDXMF6BSFODJP4MWYYTSLN62Q;Sanjit Guruaribam
5056;AGBEFPVSELMIVCSK7GQYP27X3JNA;Amaazon
5057;AGBEFVJFOQIRF7C7KY5VN6XO7JEA;mal kho
5058;AGBEQ2VS3TLOX5JYXV47BERXYWSA;yashasvi
5059;AGBESE5F5QORNV2B6HE4UL4AMZ7Q;Amazon Customer
5060;AGBF4IFXPQPS3KTL2RET4NAYKSZA;Abhishek Gagan
5061;AGBFCJ255MTTPSXYPTKWN7BLY6BA;Sourabh
5062;AGBFUWHPPCGWJDR6B4OMKVTJXAMA;Rakesh
5063;AGBGH66QZWI6S4A5A65VS2EGULVA;Prasad
5064;AGBGJCAVRX6E476FNYSSOIYPGHPA;Amazon Customer
5065;AGBHIIDMDAHDT54JKNQNZ4VK2S3A;Amit V.
5066;AGBHRLFQXX6FBUH4ID7JWVVNODEA;ANIL SHARMA
5067;AGBI6JFU3QTM476FG362LU6SH3IA;Priy Ranjan
5068;AGBIS5BRLLI652XO3V53YOJMZXXA;ANIKET
5069;AGBITVO2DOMNZU6DB4QF2WXXELLA;⚡ Pushpendra Singh Patel ⚡
5070;AGBJ2ZDBNU3ZZ2AUTLSCVW525R4Q;DEBOBROTO DUTTA
5071;AGBJ6SKHL3RD37OYZ54U52DAIIPA;Abid Hossain
5072;AGBJOIF64YPNCYBN3MWABUMRS46Q;Sritee Bharti
5073;AGBJZG3XMZ3WPI7FY2DLYYXSBUNQ;hanmandla raju
5074;AGBK7JZOUSPLSNOB4YRTJWXVMKRA;Jaldeep giniya
5075;AGBKPIZT2ILBXHFLJEQKBPAJEO2Q;Joshi shrikant m
5076;AGBLLO3IZWOWUZPRCZHTVSM3ZUKA;Pradeep maroo
5077;AGBLMAZ6GSLLNNDLH7WQPPGKG6YA;Sunder s.
5078;AGBLMQ2TLWRDFQ32LGRIVVPYOQVQ;Swarnavo Dutta
5079;AGBM6XWLSNKT4IOFPFVWRDJLA5SA;Deepak dhummansure
5080;AGBNLIOKIT72A2TBLG6A35XUEIMQ;JASWANTSINGH
5081;AGBNZJLZPYRHG5ZBJ4XSL4ZIUUMQ;Tanishq
5082;AGBOBQFRZDOF5XPJRLHJYOGRFKNA;Kartik Yadav
5083;AGBOOOPREO7W2ZYNMUBO63UNF5LA;Mohamed Nihad
5084;AGBOXTHG2BN67HMZCECCRG2PEJ3Q;Ritesh kasture
5085;AGBP6M4EOJSBHZTYTH2T4BKNJ7MQ;Patel
5086;AGBPYYXPYFPYEL5GPMNEFGUBHUIA;Raveen
5087;AGBRAMADVM5J4BNY7O4WWXMTYEBA;Seenu
5088;AGBRFUHELLXUZJTMN2XOV5IHEUVA;Asra fatima
5089;AGBSAL7DSIA2DOH4OECWZNBWUWFA;Sonia
5090;AGBSGY5FA7YYUAR7KJTBGDEZ6TXA;Masluddin
5091;AGBSJ7VFUFPUQO6FH2ZJXY267A5Q;mehvish
5092;AGBSKFFDGK7DFN3J54X4VMY7MUIA;Yoginder Kumar
5093;AGBSRQCSUBTYN644BB4FVJBC6RCA;Pulkit Bhardwaj
5094;AGBSZTAHL3ZLNCNV4UMDDL7PVFVA;Shilpi
5095;AGBT373ETZCUEC7X2LVVD3FKWRAA;Tanushree Laha
5096;AGBT7W456GGMVOR73SNSIGLSK5DQ;Manohar salave
5097;AGBTCEQQM6J6NFR5SH5RLAFUGFTQ;CHHATRPAL
5098;AGBUKPO3CSYIJA4C4IO22UUEGBLQ;Anil Kumar.M
5099;AGBUNLUGN3BK6UA3QIFOWGZVTLFQ;Sachin Ghadge
5100;AGBUVENL47YJ3NJFQJS2MKZC7NKA;Mostafir Molla
5101;AGBV77FUBU636MRHY2SQULBIMXIA;Khushbu
5102;AGBV7FBP4SEITF6UKRFKTV7O32IA;Ananya saroj
5103;AGBVAEUPMWYCDQIKNAD2DXEYWXZA;Rakesh Ranga Yadav
5104;AGBVG2PAA7ORCTFXCNEII55L66CA;nikhil chaudhari
5105;AGBVV6FOZ3OTCYR6XQ7UZL5OOF5A;Soumava Chakraborty
5106;AGBW7NSPVGAG32OX4IT3BKIV55IA;Pranjal M.
5107;AGBX233C7B7D7YZEL7ZLFWMQKFDQ;Pravin Kumar
5108;AGBXHU37JYAN7SI2HJWOHRPONMUA;Chetan prakash
5109;AGBYFOYR3NI4NL3YQNDGZZF2IK4Q;KAVINESHVER S K
5110;AGBYWFEGGX6QM6XB3ZPQADKKXAHA;ABHISHEK KUMAR
5111;AGC2F645OAT43MZ3FMQT5EWJ7RBQ;prita
5112;AGC2IANVZWHPGJS6KPCVASYQ5N2A;Deergha Arora
5113;AGC2NONP26AGZYB5HR2FYRMUAJPQ;Rohan halaj
5114;AGC2PMSRLC3GK54AGSC3K4VQRNJA;Rajendra Singh
5115;AGC3K2VMDCOKRMMB2TRB3JZU4HAA;Abhishek K V
5116;AGC3Z3473ZVXYFMWYSAUE2T7V3MA;Sunil Khandagale
5117;AGC5MKCR2T6INKQSLXKV3QQW2KDA;Akashneel Saha
5118;AGC5YGA5PCE6NZE2KKTR5KY3E3PQ;Vineet
5119;AGC6NVLEXXVXAOMXP46RL2622EBA;Lokesh K V
5120;AGC774HH2OPQGNJEUGLITUQQVABQ;Amazon Customer
5121;AGC7CC6P34RRKZDPNW5BIM55VA3A;Riya Singh
5122;AGC7DQDDBKIPBSZYRDPTLKV3LKQA;Aadil khan
5123;AGC7SAVEMKWZRSJDQWYIBH2ZOMFQ;ujjwal kumar banerjee
5124;AGC7TKRMPSSFNK3OYGLFFOIHTTMQ;sahil verma
5125;AGC7U4WCJ72KSPKZJE6SA6ULCNAA;sanjay
5126;AGC7YKC4IBEXTYNOEMYR2RZMAVCQ;Sreejith
5127;AGCAHYB2PF6PZ6ADYFBM4IUMHEWA;The Best Bike
5128;AGCB4VTTLQMUON2RGBTNCDTTIRVA;Pranta
5129;AGCBAXARAYJVHBJU33KDND5FOVFA;Tummala subhakara rao
5130;AGCBDQPRT37LO3J3CP5FYVIQ3OEA;Ajithkumar M
5131;AGCBWB4YSTCDFAERTYIJ52KVW6EQ;Mr Sab.
5132;AGCCV4MEGM6TGD4ZCPMBQICK3SNA;DGS Engineering solutions
5133;AGCD3EP3GKDT4URL7GHQPM4Z7DFA;Saurabh Srivastava
5134;AGCDE6OVTHMBS6JH5ML2LK6ITAEQ;Amazon Customer
5135;AGCDPH7XJBZZ6ALNCA6XYKP3BZIA;Dipanshu Kr Biswas
5136;AGCDYE3ROZ5D6RN2F6OGXL4I72RA;Sarath Ramesh
5137;AGCEI7TBUUF5BXSSGXSRVT3HPCAQ;Vignesh S
5138;AGCEQDLYNNIX24BEH2YDCDOSQJGA;Mohd Aniz Bijal
5139;AGCF4OSJR3ZAIS426KF77KR7N52Q;Priyanka
5140;AGCFDQLGMBIDSFCUH4A32DFOAXMA;pabindersingh
5141;AGCFGQ3GOFTORIPXP5KJ7ZIB56ZA;Amazon Customer
5142;AGCFMKKXPUUHYMVVG5B6YDBV45TQ;Harjinder Kumar
5143;AGCHBCFVIMD5WH4P3TN377OC2LRQ;Sameer
5144;AGCHPEKLU5ZFHDV7K3QYXNJQP6JA;Sai kiran
5145;AGCI75IEZFCJRJTO6PEM5QECBNEA;Vibha K.
5146;AGCI7Z2ERAGGKG4BPPEUVLXHT2FQ;Ashraf
5147;AGCIDEDP2GEN4VHVU6CCSRL6RF6A;Syed sarfarazuddin
5148;AGCILAMQ3VYCN54F3LUXGIFBXTSA;Saravanan
5149;AGCJW7IHJTEFPCN67EP75IOGIF4Q;Sunil Sharma
5150;AGCKABAFBXEB4DLQSVS2YPRFULZA;PRADEEP
5151;AGCKE42DFD6N3V5WX7A7XYTQ7Z2Q;gopalbhaduri
5152;AGCKLWECKEAMHEPQZ4RSRYXBFI4Q;Soorya
5153;AGCKYTS6NKAUMR36K3LGAKBK7HLQ;Aashiq
5154;AGCLISGESOSSRSZW6ATE4IHBDFZQ;George V.
5155;AGCLLMGPNMO4IGCQ4253BICGDADQ;Vikas Keshavrao Vanave
5156;AGCMESD262GPMVIP77LD57FWCOSQ;Amazon Customer
5157;AGCMYXUQA4TOC4JPIJ2NHHMDMNNQ;Gaurav Pachauri
5158;AGCNLEMAO7Y3K2HRVTJUR46ADX4A;Partho
5159;AGCOAUC6ORUPLX2ZZZQR5HD3HGHA;Hanumathkumar
5160;AGCP2OGWNDP3H6ST5WI63QKBKISA;Rajesh
5161;AGCQVRAHII6LOJZ5HYLKVZTHACTA;sanjana
5162;AGCRBPV45GJOL34GSLRX4FPLED7A;RM
5163;AGCRCU432TIF4J2EL7GBEWOIULGQ;J vasanth
5164;AGCRWRS4RJYVGVKINV3VAR4CGDWA;Adnan
5165;AGCRWVPOVID3SCYSXUIFZNEVZ5KQ;Kishor
5166;AGCSFTTBWTI4IXP42UHMLZMI6HZA;kiran
5167;AGCSGQTOFGYS47AB64E7HYCVXPSQ;Isha Nayak
5168;AGCSVYGZ5WIFAKJVQBXPV23L7ZSQ;Gopi
5169;AGCTCXJXG6EKLF6ANAPIKPTAW75A;Pawan Sharma
5170;AGCTDYXDS2ERAZO6ACV6JTFOHIZA;Raksha
5171;AGCU4M3EJ346F7J4DKXK4C6FKXKQ;Pushpita Mitra
5172;AGCUJWCPKIL2XXCLVNXIIA7HHRRA;Yogesh Rajput
5173;AGCUQVPEVBIWQQBLSEKK2LSICLPA;Ram Gopal
5174;AGCVMGZJMOJNXWMAAEQPG4KMLGUA;dsdewat
5175;AGCW5OYJJFDRSHITPNJ2NGJO37XQ;Deepak
5176;AGCWHOWHOTWSN4J2TFAXUEZZUBXQ;V.W.
5177;AGCWLCS2OXJ73TQCTOISQS3NAS2A;Pranav
5178;AGCX23QVQFBCYCAUWQNM4YHMKMQA;Vijay Sreekantan
5179;AGCXB54PNFRXYGF7NLH66BHO6S7A;Karthik
5180;AGCXOIOXQ6SMSCU5P73D2VTEEAQQ;yedukondalu
5181;AGCZ5ATYCHHLW3424W3YANJIDVUA;Arun Sharma
5182;AGD2H2SMDLQK62MH7BFWQ2INBP2A;ABHAY SINGH
5183;AGD2RAVYCENEIWLBUNTSEHBJ73QA;Mugiwara
5184;AGD2S7EXXSXHBCJHTXUAV6FLXAZA;Manish
5185;AGD2UEWN67Y75EOCKEJE7TSOKPDA;Nikhil Kumar Singh
5186;AGD3DH2YTXYUU3D2AHBH2FOW5BDQ;Amit Mukhedkar
5187;AGD3F3J523RVZPEJGZE7WPFJXONA;Ananya S.
5188;AGD4TUF2TI74HZLJF4SEZHSJL5LQ;bhanu
5189;AGD4WOYC5CDCE72HI5NLTKJMVCFA;BLS
5190;AGD5KTBDTS26I2SB3B7LCYBR6U3A;Kapil kumar
5191;AGD63SACQVHFRKSUCH5VYUZSJEBA;Rishabh sharma
5192;AGD6B62KZDV23C7SNNGH527OSMDQ;Anindita Rout
5193;AGD6G2GDZX44OOJJCN4TLROEP7OA;Jignesh lathiya
5194;AGD6H2VQE4PJ7QKTSCXBXPBYS4NQ;Amazon Customer
5195;AGD6N3XPM2FBWJ5RWHLC5UDE55YA;Kirubanand
5196;AGD6ND3S3MD2GWZDEJJ225BLLLUA;Ravi
5197;AGD6XZR3ZUKMJYLBUAWUB4B4YLMA;manohar
5198;AGD7FEEGW5JL5H2DY4PAHXBXEOBA;Sayantan
5199;AGD7U6UETXAMSDWDHOSIMIAM3HFA;Aniruddh sinh.
5200;AGD7VGYGPRKMQY3XXC4U3XIDF5CQ;Santosh
5201;AGDA3OTCGWNENWPDHBYUKTNT6HAA;Danush Gangur
5202;AGDA7CERL2POC3BWBG3FR6XKGVVQ;Barnali bauri
5203;AGDB3UZ4G544VVY2ZDHJUI6KOLJQ;Commandant Rizvi
5204;AGDBGZ5L5LSR7BK7VXLGKV7JJ7WA;Humayun
5205;AGDC3KZSQJMQL3GNEEMOIZRKXUAQ;Suhasini Muppidi
5206;AGDD5ACY3AGTMTVBQOC3DMUR6REA;ASIF ANSARI
5207;AGDDIKK55GNJNHHGBYXRZNFAJVSQ;Anubhab
5208;AGDEK4RWKXOP4OS377LV7WQ2O72Q;Amandeep Singh
5209;AGDEVIAYABTMIJLTYWTUS5M5VBTA;Dibya
5210;AGDFLPE27MVR57QZ5JFVGQXDDKSA;vasumathy
5211;AGDGIO3PXVUTZMX2LAAHXQD454EA;Shalem M.
5212;AGDGOIKF2V3IFHQLZ7QSCAYQTRNQ;Tripadh
5213;AGDGRZRK4YI6KTKSMMU5CLNPQG5Q;Master Mohammad Farook
5214;AGDI3CM73SM6W3GZTPAXJ23GNXUA;siddhi kamat
5215;AGDIZUYGIWBTV55BOB2GOTNY6ZTQ;sreekumar
5216;AGDJLGA6BF6G4XFQ3ZWBHW7QZFHA;Rani
5217;AGDJOZACINESSIVU4TICK2Y4BV4A;SureshKumar Pudi
5218;AGDJSUUWIZJCPVADFXORM7A6KD6Q;Nithin
5219;AGDK7O4R637II4QUCKENDONJGV4Q;thrinath
5220;AGDKPXTUSV3HTZTBDED64VHC5J5A;U K
5221;AGDKUAES3AEKOQYGU2SSSDV7GGNQ;santoshpandey
5222;AGDKUP57RD2RF2PYRHJ4HC2WB6CA;9848023076
5223;AGDKW4WQN3ZJJ4CVYLNXLCK5CNIA;Tk
5224;AGDLBT3JTXVM7MQMJAMRPW7KSN6Q;Archana Sekhar
5225;AGDLLU2SF3BJPMEHUPCBCSHW7YOQ;Rajneesh  Kumar
5226;AGDLVWA7M4G3IWDMTUODZ2BQEBOQ;Sudhendu
5227;AGDM3424VYOWVYWB3TYVDVD2ZZLA;Indrajeet Ghosh
5228;AGDMSEPDHPK3IT7Q737N6Y233LVQ;I wish i was
5229;AGDMYQLJDG7WITISOEIVCEJWV3AA;Rajendra Prasad Ambala
5230;AGDONPW67V5WB44YKDWUNIOUCVOQ;Varun
5231;AGDOSBSPQWBNRA3G4IV3YWOVIOXQ;Pranav
5232;AGDOV2OBW4Q2SW6IIJIZNVB76TXA;Ajit kandiban
5233;AGDOVGWZKEQ3M6DA2GHV6WUZT5SA;Abhishek Kumar
5234;AGDPIWXL6XEBCXAGBYTER5S2JZ4Q;Sai raj
5235;AGDQOOPS6XJBBWHH34E4NJJUCN6Q;Pavan
5236;AGDR4WFX53YFXTBXAHC65MMBDERA;mohamednathar
5237;AGDRICXTUNSMXWXMHQLN6OCXUMLA;Salil P.
5238;AGDRSRFFX2RVEHUZJXQTXGRZ3NWQ;Chetan Lad
5239;AGDRZZSAOT7UAMJBMLYPZYDNCJOA;Faizan
5240;AGDSPVKPPJG2FSNEYACD45GIJ7WQ;DrChirag Rajpara
5241;AGDV2MRADKOX2DX27DLTJRCUNFLQ;santosh
5242;AGDV7VQGI42G6HVOGW2OSWKHBPWA;Paresh Narola
5243;AGDVBHF2VZWQBVPW2LSCWM523PCA;Shyam
5244;AGDVKUWO3IY3NBBLOGIPEYI7AQGA;S.Sankaranarayana Iyer
5245;AGDVP275BZYGQLMEGEB3RSVZUS2Q;Ujjawal Singh
5246;AGDWLF5AV4ORJG6IXPD65BSQ4WHQ;Ashwini Kansal
5247;AGDWMV5ZAHCSPG6IMWYOTBTOB6XQ;Amazon Customer
5248;AGDX3YMAIQMEVYPEJAQTYTEIBPDA;nilesh
5249;AGDY4LIW3A477KFMINSUKYRMSK7Q;Dilip Kumar
5250;AGDZJR57Z4DRGPARXFMEQJWRLSGQ;susmrita
5251;AGE23INNJKHQYZTU3WBTNSCAVGOA;jyoti gole
5252;AGE2X752RF7ALEWIUKXEJLXE65AQ;Kush
5253;AGE3DIZBUUHDRMIUR37KDA5WMESQ;Amazon Customer
5254;AGE43ATINMGDC2ODRZNEM4Q2SEVQ;priyanshu jha
5255;AGE4ASVQOHHGYYYKQOMF2TLIXBRA;Durga
5256;AGE4EHGVL2UE25LAURR7KYET2ZEQ;Sree ram vasanthada
5257;AGE4VV5XHVOEH4P5GC4F6QP5WRQQ;Placeholder
5258;AGE5HMZHE7YBYMEAQJ5B4CP7HG7A;MAN
5259;AGE5JVVFCOPUTGK7F2PUUST4OWOA;Giribabu
5260;AGE5XDFN2XQVXGTDAWUYFKASXVXQ;VIGNESH K
5261;AGE6GHTP6TZV6IMHAQU3X3GSEVGQ;Sonali G.
5262;AGE6KNDSGW2KYR7DTGGTFWVWTGGQ;Jay
5263;AGE6O2NLNA3NUGORPU4SDK2S23QQ;Satyanarayana
5264;AGE6XPOPKNMLZ7ZXBNTS4FQKJVWQ;Mahesh
5265;AGE7AOWKJLOVFXMMTBYYLT35OEXA;Divyansh
5266;AGE7NMAHUEHPYGY7HXDJVHUFMMCQ;Ranjitkumarmanna
5267;AGE7RHK72JYVY6MTM33BY4SVZKOQ;sukomal
5268;AGE7XVUZ2FXSRI3BK5HVLRNWAY7Q;Amazon Customer
5269;AGEBCI52WW5TLSTSVXEQKIUJXNNQ;Saju
5270;AGEBDGHKAWRQ3G2K5AKRTQTCKQSA;Anurag Anand
5271;AGEBUO6CQ3XQHSSH3PUT2M3VRIIA;L B
5272;AGECH5TXOT3LNZSNATG3E7NFATBQ;Waseemakram
5273;AGECQN4Y2J63ODHOTCU6EK3MX5ZA;Abhilasha
5274;AGECXPAM7BHAHXRREUXEBVRADSZA;Bhuvana Shanmukhi
5275;AGEDNYHQPV3GSF7ZKA3WWGDLKGGQ;Ayush
5276;AGEDP3Y6PLN7EQMVYDLKLQKZBCVA;Sai Kumar
5277;AGEE4II4FA6IYCAZ47PLZD7XRPSQ;Akash Yadav
5278;AGEE5MMSCUBGNWYJ3WY622OZ7Y6Q;Varun Jadhav
5279;AGEECPGW53BWDVGR3FIUX54YCUWQ;Amazon Customer
5280;AGEEX6AISIUVY6D46KUUUETMMY3A;sairam
5281;AGEFHKQ5LOZMS63V47JBZPDDQI5A;Pinaki
5282;AGEFL3AY7YXEFZA4ZJU3LP7K7OJQ;Saw a.
5283;AGEHBUZ4FXMTXQ5W26K2YUNJDKFA;Smd sayeed
5284;AGEINTRN6Z563RMLHIZEHMNU5UOA;Naveenpittu
5285;AGEJRNVD42CVJLY6QQULGJVX6J6Q;Aveek K. Upadhyay
5286;AGEJSKUSIVTSJWJU7VP34MUN2TAQ;Muthukumar
5287;AGELGKPUVEJXOFDB3I3OCEGLRHAA;Vigi
5288;AGELSEJKLWPVNPXQ7DGK63PEQF5A;Amazon Customer
5289;AGEM42HY6YHDGMWMGZYPLVHA27XA;PJ
5290;AGEMHG7WVU23NHOM3FGBFUDR4U2Q;Mir Manzoor
5291;AGEMLCWZLIJVZMIMPK3J4NEX5SMA;Amazon Customer
5292;AGEMPEOZMB2CNDKH3XBKWQ4NT6PA;Soumitra Deb
5293;AGEN4ASYZOLVEWYV3Q2CJR42ZOEQ;Brijesh Kamani
5294;AGEO4GF6QGKGSKFR3TPV2QB5RO6Q;M Amjad H Siddiqi
5295;AGEOQQHGNELZNEUKJAJUA7NTPBLA;Rakesh
5296;AGEPGXLHZTDPKQGXC4FIGNYM63IA;DEBOBROTA HALDAR
5297;AGEPZSRFODWZ4XUTXO2HNWLJIMJA;Avninder Singh
5298;AGEQFLTLLFRSOOMQH4DGWAPT4YWA;varsha pandey
5299;AGERE7VCY2MX4KDYA2UECKHFYG5A;SAGAR
5300;AGERLRPT3Z7WUSIERUPQ3NNUYGBQ;Dr.G.K.H.KRISH
5301;AGERLZPMLG6VNY6SAB4UTZ7WRBTA;Saravanakumar J
5302;AGERS4EZVITFCCWLQIZ7P4XAEAEQ;Ashutosh Upadhyay
5303;AGESDEISSJA7HFM6224YLOY7AOSA;Sekhar
5304;AGESGUTIYJQOZ7PU563DHLYSPRTQ;Jatin Shah
5305;AGET73SJOAW2YXZSDMPGBCTZDPAQ;JATIN
5306;AGETIFKS5QE6BZCQPL5IFZ55INOQ;Venkat Sai
5307;AGEU6T4TWEHPJGK7WYQEINX4NTGQ;Rj madie
5308;AGEUOPY2YJ6HCREEOLU73JCGLFVQ;Verified User
5309;AGEUQD256CS42A6PDKDB75VZRADA;Shivam Kumar
5310;AGEUWYJQ2D7U7S2NLLXE6UEOZRKQ;Daniel Charles
5311;AGEUXHN7U2Q26CM6TFOTW7GZXFXQ;Arun prasath
5312;AGEUYI7ZTBU6QTOBHLOUNLD2XTSQ;Vandana Bhaskar
5313;AGEUYT4DWSJF64CD5VCFHPX2VMGQ;Sudeep Jain
5314;AGEVYFS5HUW4XJWULHXIHHWYOQCA;Anshuman Panda
5315;AGEWFIJDNQ73TIDHQIEMY6PTF7SQ;Om Shankar
5316;AGEWKSFDTAPPBDWREYVDDGF54ZLA;shakeel ahmad
5317;AGEWLEEAALGWMCPDGMT4H5OVJI2A;T.Kothandaraman
5318;AGEWO7FPEHZGQ5BE5EA74C32GCPQ;Shivnandan Gautam
5319;AGEXNA5HHXTVUSHJNWFCDPCJOOYA;Rathlavath Vani
5320;AGEYI2JEUE752XDEXSTEIO7LJI5A;SivavaraprasadPV
5321;AGEYM57JOHPNX77ZYVSXPTX4FVNA;Raghvendra
5322;AGEYV75NXF3MUJH7XB456WFUK2GA;Jaswalshashi
5323;AGEYWCB2JWQR7C3RF2SEK26PTK2A;Amazon Customer
5324;AGEYZNPASS34VXF5WSWDGKXXOXJA;Anand Kumar Aketi
5325;AGEZA6R66R66NKFHY5CKESBG6S6Q;Hacker
5326;AGEZS5T62DR6CMVOT6PTWIKB5G2A;Junaid shah
5327;AGF22A6YFPOU5427WPDKHGBCDTJQ;Venkat Kumar
5328;AGF2ODSIJFBYL52VO3O77F576SGQ;tejas
5329;AGF3A3NHVCJAOUUJY4W3GLAGGVRA;Rajapandi Mani
5330;AGF4WOJV2GZTQSBHWSMDHUABDSIQ;Lathabaskaran
5331;AGF5DMXE65QXZPJX6BJANVMCGHGQ;Sidhdharth
5332;AGF6BP7K7OUOWT5WN4AKZWW3UDLA;Bhaskar Choudhuri
5333;AGF752ZU5K45Z2R6A7PZFIVGC7EA;shallu
5334;AGFAIQUG5PIPGUXTO6LP4TU2GSQA;Jitesh Patil
5335;AGFCF6HSB2SOWHPEQDVQPWF2OSOQ;YOGENDRA KUMAR
5336;AGFCNG7LPSXN2MSETPNUJX2DSGIA;Jayanth
5337;AGFDIWO3DFWN2Z4EMNSGIOVOBHEQ;Rajesh K.
5338;AGFDV2VE2PFK2W7FQZXLEPHK2BAA;Tarun Kumar Sharma
5339;AGFEBW3IPRHJNCKQUJTJQ2GBB3RQ;Joban
5340;AGFEJBFF3L7ZFO3MWAWARDIZZ4QA;Prakhar gupta
5341;AGFGBKO4HNU7RBWUIQ4SEDHPVJ4Q;Dr. Arshi Siddiqui
5342;AGFGCIGENNJTFHE6ROZW3R43AI7A;Amazon Customer
5343;AGFGMHAZIHB4LSRP3ICDFTVOEYRQ;Hussain B.
5344;AGFHRUWQ7C3KCBL6IKJ4BC3JSZKQ;Priyanka Chowdhury
5345;AGFHSRASMHH6HVE5ZRM7FL7MUBOQ;Ankit kumar
5346;AGFHWXMDW6NRVZIBPE2NAF4BS2LQ;Darsh Wala
5347;AGFHZ6AJSZS22WXJ7NGOB6KVSZKQ;Abhishek kumar
5348;AGFI73CMZKYLOYXJFEQBOGGVTTMA;Kumar.katukuri
5349;AGFI7QAP24WKYIKSVOKOI6AH5QWQ;Anwesh Gudepu
5350;AGFIPI7I4JGMPSNAVSWCA4P2WIAQ;K.praveenkumar
5351;AGFIU57KQ27B2HIIHLNRXEX4LD3A;parin patel
5352;AGFJKRNASZD6HAOGNZ6TKXIZ7POQ;Prince
5353;AGFJLPZONY6JLPA2KQ4VNSB23XAA;ashish kumar
5354;AGFJSRWCBODKCJT6UZRNZJGS7REA;Pranav Anand
5355;AGFJYU5UVYUCUTX3HOBADIW4CMRA;Kuldeep
5356;AGFKMDMUPNFM5JWT6BBY2SEVMHMQ;Pradeep
5357;AGFKW6ILYGZKEDCK55ADC6QLYEJA;Pooja parihar
5358;AGFN3SLEECW6DYL2CVGLIHJCVVHA;Harshitha
5359;AGFN4JODOM2NTFCJQOHDBQLVDJTQ;Pritom Chakraborty
5360;AGFNZ473LGYCCHTA6CZKSUAYVN7Q;Toseef Iqbal
5361;AGFOD6MTODJ2BVFMYDOCLV6XQM5Q;Aman singh
5362;AGFPDBO7Q4GQBCWMY3OPORD74ROA;Kautuk G. Tare
5363;AGFPOSNBSZEQER27XB5IHLWGJL3A;Madhav Upadhyaya
5364;AGFPWV2V26QRXMWUSTSGYQRVLW4Q;Kumaresan
5365;AGFQZRCAAKEW5ULV2UIU4RBI6IEQ;Amazon Customer
5366;AGFR664PXRCRSQRQDL24BDLOAQSA;Srijit Kundu
5367;AGFRVZRJQWOFEH6MWQJS65SIXIIQ;Abhishek
5368;AGFSOG7QWOQRQTDVWUVK4WPOPHSA;K. Vijay Kakulavarapu
5369;AGFSVYPXDMWJWF53N4TWY3SNOA2A;kamlesh S.
5370;AGFSZ3NBVGWR5NBRNYIEBHLMSZGQ;Joney aheibam
5371;AGFT22PQSW5ZDJLFLBQLNNFO6I6A;Aruna V
5372;AGFTSZE2FTF4SUTZC7ONQ4JZDRJQ;hari
5373;AGFTWXF3QWIHMPN7SMTSHB6HNJ7Q;Deepak
5374;AGFUEPQZZPYTSQIL7UBTDIJYUGWA;tuhina mamotaz
5375;AGFVDEDXE3HZWF4WGRUEPMDEGISA;pradeep kumar
5376;AGFVR7YLNWBVHZT7ZKUMA3OUNIOQ;Devendra Singh
5377;AGFVUN4637QP6LIOV5R4RLQWPRAQ;MRINAL KANTI MONDAL
5378;AGFVVKJUZWYWIXOOMYTJYRV4ZSZA;Siddhath Gowtham
5379;AGFWFWJXJOOOZJGBRVWUFFHZVMVQ;Shubham shukla
5380;AGFWKP74BJOEEMWDPDRITXUIW45A;Max
5381;AGFWXRZUB5TYEIPWSULPTK7LHSYA;Jegatheeswari
5382;AGFX4BFHOC6FXDFPD2O24RCD32NQ;Prasanth
5383;AGFXIO346VXYI35ANHRTU7FE7ZGA;Amazon Customer
5384;AGFXR3KSCZMQCGC4PF6KV4YYBI5A;MOHAMED ISMAIL
5385;AGFXSW2YQHNS2ZPAMQHQLDH5QBZQ;SHREYANSH KAPADIA
5386;AGFXT5AP3OGXVESL6CATDNFL3U2Q;AJAY
5387;AGFY3ZBTCRZXSPRR4NXXE7N2SKQQ;Karthikeyan.T
5388;AGFY572BCNP6M74AI2RXGPJTWC7A;Dimple Aggarwal
5389;AGFYVS63J2YEAO7NGQCRW3TTFB3Q;RNMISHRA
5390;AGG22XY7PCKPZDT6352IVLL2H34A;stuartb4u
5391;AGG2AULXZCI6G44ST3BNAHRWDR5Q;Akmathambil | XplCreR
5392;AGG2SNNR26KGUIFF6ZH32A3WZ2AQ;VP
5393;AGG2W3XKE7XHPKKOO653RQ2GKYSA;shreeja
5394;AGG35S7QJCAA7Y4FOAUY6IXKP75Q;LAKSHMI NARAYANA HANUMANTHU
5395;AGG3ECGCIKNPZJEVJKMFI24VBSCQ;Ganesh
5396;AGG44FGU5A2RZMRCILNFIV6SCYDA;Gaddam Srinivas
5397;AGG5AUMCUIQNY4UVAAJCUF4SBIXQ;prakash srivastava
5398;AGG5B6TRVEJCNBBDIXG2BKPS6X3Q;Unknown
5399;AGG5FYE77JHQSTXRPFUK4QP56OVQ;Sowmya Srikanth
5400;AGG5NKCVBBPSMNB72ER6WLOTBCMQ;Amazon Customer
5401;AGG6B7ZD5FGH7KFHMESWE3VMHGBQ;Placeholder
5402;AGG6QX23VMVZKIKG4SJU4UBNM4SA;Kranti
5403;AGG75KFRXNLCYVRAPA6D4ZBNTNSA;Rajneesh s vaid
5404;AGGAGBP6E3H4EOJFHMKLV6UTDAFA;Tushar garg
5405;AGGAKSKSFU6ZLBA6RL55HZDB3EVQ;Ruma Das
5406;AGGBACZMWOUQYTGTBUCNPPRSLR3Q;Amit
5407;AGGBFQHKXHD3VWPDNLO423V4TCPA;sandeep
5408;AGGBXJFPXZVOJMMB6MMQOPLCJWGA;Ajinkya
5409;AGGC7EXQIXQQET64Y4ZRMOZBK46Q;Chittaranjan Padave
5410;AGGCO3ZO6REDF65WNBXQ44BXPVEA;AMAL RAJ
5411;AGGCSIEZNAMED5ULILRMUMIZZ4QQ;Vishal Trivedi
5412;AGGCXXWA7CJVTHA22YE7PTNWQ7NQ;Malhotra A.
5413;AGGDIBNZQHVRAJZXVXAHKBV2Y4RQ;Sapan
5414;AGGDISUCB6COXRY7SCEYULDTYJSA;Anindya
5415;AGGE54AKRMX2XMQWQQTSUOPL7CHA;Hasibul seikh
5416;AGGEFVVI6ZRLVEJHVX6PO5M4CWRA;nihar mendon
5417;AGGF75HIEMB67OU7J3RDALBSUKQQ;Simranpreet Singh
5418;AGGFJ5HSIY4FHH4F75FFRBJRBBTA;Vikky
5419;AGGFXDLCFZMTLJJDR3ZFKEOXCFLQ;Samson
5420;AGGFXEMEWUIDSSL7KN6EJW42DQ2A;Amazon Customer
5421;AGGGM5HE2PLQKZV33JOD6K2TYPQQ;Manohar P
5422;AGGH7NCERRPXKHPP6E4WC7RFWO4A;DC
5423;AGGHAVSNZUQC5BOOK56TT6TQJSGA;Kiran das
5424;AGGHDE6KFZHEDUDJBD5R27AYMEWA;Rushi
5425;AGGI2H2AGOIX6IBDJRWULYUP5DPQ;Shek hussain
5426;AGGIEHGD6RJYECAZPDG32DAE32SA;Arun Sengupta
5427;AGGIJ2Y7MC4VSMU572S7NZMHGSTA;Basanti Renu Hembram
5428;AGGIQC3X6SACWMNN7EQANQMS36IA;Gaurav Choudhary
5429;AGGJ3PSUJFRST35YO4YJEXGNAYUA;Aneesh Kambhampati
5430;AGGJTBH2YKIJVXXHKKLZGI7BDCMA;PARTHIBAN LUCKY
5431;AGGJWLZDECN7FGJ45NLF4JOUE27A;Arun Kumar
5432;AGGJYZTRMD5LELUKQE5ZNVQ326BA;rajendra
5433;AGGKMIGXUM3JRNVY7HZ3JHPJ7WTQ;Santosh Ghante
5434;AGGM4C652EG6WSDEOWBQCR7UXG7Q;Shreyas
5435;AGGM6Z3RLFTGS5WMUPUYH6Q5PWDQ;Muhamed sufyan
5436;AGGMCQ2FU6ORE3JKL6VUTHPQKZZA;Rohit
5437;AGGNODUMRADB3PQQTLA3U7UKYEWA;Neha Sharma
5438;AGGNPDA4Y5XGITWNNOOODFOYXUDA;Sudhakar P
5439;AGGOQNG25MN3SQK67LCMYO2ANTNA;Samsakthi2008
5440;AGGORGEJT3XXWXUJNZJNW2L6UZAQ;DHRITIMAN ROY
5441;AGGPBIDY2R3EUF2WDFJDCB27YWUA;Vishnu S. Mishra
5442;AGGPRBEO44FFHMWGTEGYJIBTPHMQ;Sreekanth
5443;AGGQ72HVXMSQN3ZPGCFUB47QYUVQ;Apurva
5444;AGGQG3GYBNP6LFX4FYECSABC27PA;balraj khwairakpam
5445;AGGQUNYVRJSUMBI556ZU7NFVAV3A;Mansoor Ahmad
5446;AGGRC2P6M43GDEWCAHGYAILCSKTQ;Sidhu
5447;AGGRPJDBEJ3LJVAGGZBCMB2FP3AA;Rajesh Shetty
5448;AGGSPBWHNKPM222VK2PCN4PHRMWQ;Ruman
5449;AGGT6VCILAXDI3NPIFAKXBGDYVQA;Dinesh Jain
5450;AGGTMAPT4WBWP2C62I6CGW22QNCA;Arul
5451;AGGUTNEUBYL4DWFU3VO3SR64QPKQ;Udit narayan gupta
5452;AGGUXRTUUBYS4F3OJMC6ZARL2GCQ;customer
5453;AGGVIDBKVQ6APEQVNYKXEWBVKGIQ;Talo Mosuom
5454;AGGWFEEYQILYSQ7RS7GPJSTUWU7A;Amazon Customer
5455;AGGWFNVDN6N7RMXJH3DXEDO63ANQ;subhabrata paul
5456;AGGWS4PPWKSNOVP2LLYNQK2Q7NIA;Bikkee Bakchi
5457;AGGWXZI3DYEKKDM4B36R7ZJJKAUA;Nanu prinu
5458;AGGXWYRLPMULBPR7OXPEV6SNOMIQ;Shaik John Saida
5459;AGGY6AIN2TRYYC62GJQ5B2Z6ZNCA;Krishna D.
5460;AGGYPM6XG63MKRNTABSKYFJZNJLQ;Ayush T.
5461;AGGZJWNAT4VKG3N7PB5HVNY2GTHA;Khushbu
5462;AGGZZQ5IGA5QAIGYO5NZ6PVT3D7Q;balu prathap
5463;AGH2D3JCXGY6SY5ZWKOIDELCLUQA;Anirban Mukherjee
5464;AGH36QL5SGTNWTOYS6O2342SONMA;MAYANK KOHLI
5465;AGH3POHLPXABF3I4ASSGTRXAUPPA;nisar
5466;AGH5CKVCE4AOOYYHZUNXI5Z6RINA;Gigendran
5467;AGH6HBX2KQ7SPFSKTLA3TXXEODHQ;Biby
5468;AGH6Q37L7DIEWBSU3EIR5G2M2IYQ;B HYNDAVI
5469;AGH73AG4ROQHA5BYSSFPWXK5NXVA;Paromita
5470;AGH7NWRR5Q37GMEIR26FKOLJADBA;Md Tanwir Hassan
5471;AGH7ZYNYWARUASLXNJWFVBMBQ27Q;S.md riyas
5472;AGHAK7I2KJFR63KWOX7UMMEZTBNA;Sridhar Rao
5473;AGHBKUHIWVOPUQYFRA6PXIIC6R5Q;BATTU SURESHKUMAR
5474;AGHBP6BZR4HZMOMFJ7O2A22EAEWA;Radhika V.
5475;AGHCWVVH53TQGWLKJOGWOYCLLU6A;P Nagar
5476;AGHD2OMQH2SJZ7PQONIDBG63ZBKQ;kaaju
5477;AGHD4B4QRRL44PJCZEPMGONDVTJQ;om
5478;AGHDAMFVW6VIKXBXTJQO532AMIDQ;The Mango Couple
5479;AGHDPSPN25DVVA7HJ2AH25FTKQFA;stephen
5480;AGHDZUKPZDC4HH2GVGDOBXWU4D3Q;UMAKANTA SASMAL
5481;AGHE2Y6SEZXUO5QR44FVYOZ52B5A;Jeevan Kumar
5482;AGHEDHPCRHKYDPXWSKRKEP7HLNDA;Srinivas
5483;AGHESQ2NH7JIKXLAQ473QVFQDV3Q;Mohan
5484;AGHEWBWCR2RQ6TTCX6RYM2Q4TZAQ;Negi
5485;AGHFLMM7R26ILT3NQZCK66RG6LSQ;Reeta Ray
5486;AGHFSIBYVYXUGSNYUDAHBGOIZ3KQ;Prasanth R
5487;AGHG6WZFWKAYCOJU6QMZHYDRE54A;Manoj S.
5488;AGHGAMWSDB7XXN3GEC4YFDG47CJQ;Amol B
5489;AGHGGSIQM4RM22XLL7RSBII7HZIA;Aravind
5490;AGHGLXUVEHN4NFA3CCYIUFWBIC4A;Mufti Abul Hasan
5491;AGHH3UBBLW7P7IZPJDMQ7PRDX7SA;Deepak Singh
5492;AGHHIDEH53KUJLOZPDE4LR2HJQFQ;Mohammad Anas Qadri
5493;AGHHTIPESD2S56DORYF5DK7VWAVA;Naveen Kumar
5494;AGHHUYG4PCLACIML5VUOGDIFX2HA;Ishan narang
5495;AGHIZULBQOJPXZ2EUBOVSCRTBI4A;Prateek Jain
5496;AGHJ3BRARYIXJRGPKDIOLJYK4U2A;Salman Ahmad
5497;AGHKFSJFKP7E3JJOXV3C6UPGZKQA;Pritam Roy
5498;AGHKOJMPPR3ZWSYI7BCOFHNIDP4A;Rohan Gupta
5499;AGHLLRQQL3VKZBE426YJLNV5UBDQ;Azra
5500;AGHLM2F6LPX3PYPF4W6YUX52R5OQ;Gagan Mahajan
5501;AGHNC3MCDVNFBHJE57OTC7AOT6YQ;Sanjay Tikoo
5502;AGHNCNSJPWIRLZVEL62ATH5PNLKA;Samuel Abhishek
5503;AGHNDMYRUJOLLYU3ZCO7FZJOFJUA;Manikandan
5504;AGHNMCD4YF3P2TJZ4OARR35PZT5Q;Prince of world
5505;AGHNTOZPHJSNZXAV6VXZ55QQS2VA;shopping User
5506;AGHNUCRUYQXMP4652XV7ZVK5DPMQ;Dhruvil
5507;AGHNV56OVDCREEB45JCJLBST7XDA;Chittaranjan Gantayat
5508;AGHPAJL4PEZZNE6X6JAKEBI2UG5Q;Jeni
5509;AGHPERSZ5ZUKU6VDRTYPQ3IOGQUQ;8360101472
5510;AGHPFBXJ7QGWVIHXEUBS5Z7F52WQ;Amazon Customer
5511;AGHPOFCHZ73Q2Q2IFTCJLUSEL2NQ;Amazon Customer
5512;AGHPR6EQTULPZKUROAS4OPAIUOCA;Priyanka Shaw
5513;AGHQ2VHXMPWZV5SV25S5N3OENXSQ;Arun k.
5514;AGHQDGVBDMDTD5LOMLY3AHSYQGIA;Ajinkya Hingne
5515;AGHQDSDG5ATRKOSV5HZPFFQBJ5KQ;Ayangla Kichu
5516;AGHRDOQP7F74DK6KEXSY2NLLKZVQ;Jeevan Prasad
5517;AGHRHCHAT6IPHIIAOXM2GKHOUCCA;Anshu
5518;AGHRWZJQVN3R7S4TP5J2USU5E4VA;Aleeza
5519;AGHS26EBVZK3HDJBO26J7C5HYCSQ;Maximus Davis
5520;AGHSNUIUGMFHBLKEXG7CRIF5DC3A;Patan
5521;AGHSVMFIK3RXOK2SWFPWN5TZCJKQ;Pramod
5522;AGHT3K4KSG5MAQUSXRDT5VNB73GA;Manidipa Sengupta
5523;AGHTZ6M45GWLTAEPAMM6IEH2BXOA;(sic)
5524;AGHU5JLUIGVJY4VSZ43QHW2Q64VQ;Neeraj pal
5525;AGHUKJEONXLCESOPBOBUE7GKTDGA;Shekhar Mourya
5526;AGHUNVKMP4YTSSYUDMEX3JJJ5I3Q;NB SHOP
5527;AGHUOIOWEX6YXURWDJ2GKP4N3EGA;SANJEEV
5528;AGHVNRHBJBY3T6MVECCGKYF2E7LQ;Shubham Padwal
5529;AGHVT7WT5L4HJE2K7U2JG2YCED2Q;Debanshu Saha
5530;AGHW3JDEF6JIRC4HB43UDMKOFXZQ;Shaikh Faisal
5531;AGHWV3HO2KMHJ57FQWMB44DPA3CQ;Vijay kumar sahu
5532;AGHWZ6VIDNDWZOTO6YROX62J5CGA;SHANMUGANANDA RAMAN
5533;AGHXXH2FWY3YF4MB2EKX6RFLFBUQ;VINU R.
5534;AGHY5MD6U2E57UWJTNGFKKQ5KROA;Merugamala Suresh
5535;AGHYCMV7RJ5D76UEZDZJPPEUGU5Q;Rishabh
5536;AGHYPI3NVH2LTDBF4N7QXV5CQEVA;Akash maurya
5537;AGHZS375UQZ6XK6BYQCZ2YJ4TX6A;Subhadip
5538;AGHZSEUC44TVE5MU6KPGKEPS6ORA;Pooja Bhargava
5539;AGI226GQCKRT4Z3EB3IW3VTJRT6A;Arun siddharth jr
5540;AGI22WQ2X6RMINFMZWLRXXUNW6JQ;Amazon Customer
5541;AGI2Y5SCA6G6LPHLNAJOLCNAMEJQ;Siddharth
5542;AGI3IQPHZ7GWIDMB52JK2PXNFFTQ;Hemant Kumar
5543;AGI3LMXQXP4MEFM4NDQTJTXXQBVQ;Shanu SwamiKohar
5544;AGI4BM5ZRGDD4KB3QH72FI37ZKRA;Pankaj Tiwari
5545;AGI4CCISF6KU62HQAT2VM4GNNNJA;vinu
5546;AGI4QJTBBCTTOJUOUV5X6ROZH4OQ;Sunil S.
5547;AGI5GQ6NFKL5BOZABRAH3KIS5C7A;Neeraj joshi
5548;AGI5JYP2PTBS5BOW72RQ5IOS5WDA;Madhav
5549;AGI6274XD65IINWKDRM324KZ3ZSQ;Vidya Bhandary
5550;AGI6BX5V7Y2QSCVLAAHXBHEHQ7VQ;Amarjit Sarma
5551;AGI7FLR5BUYXHCEJCWGQPYKFSWXQ;Mahesh singh
5552;AGIAEJN4RPI6Z5ABV733VJMBUZLA;vivek rajpooot
5553;AGIBHP2JIWGT67DQJYQTYMAXKTQA;Chettan
5554;AGIBRWVH463CHA7ITXB5DLE2V7MA;Aishwarya.M
5555;AGIBUP4ENAQTEYCKPWASWCUJ7YXA;Yogesh Badekar
5556;AGIBUV2VEAGMLKIACL7LEE2P2RQQ;PREM SINGH
5557;AGIC5NIRGP4DCEB4RYQEK5S3IGRA;Yash Shah
5558;AGIC6PASSVB4T3KTZHK6ADD23GCA;viswanath Raju
5559;AGICMMOTS42OFSDTZOVJ4C5P3LEA;Amitabha
5560;AGIE63Y7UCQUKSDR3PK6IUPRTX3A;AISHWARYA
5561;AGIFAPAG7ZOUZL7QOBEUSHIYQHPQ;Amazon customer
5562;AGIFWMCJ3D3MLPZ4N6OIIXK4EP7A;Raman deep
5563;AGIGNDQO5K5X7LAIW7FW6U4Z2ENA;Tahseer
5564;AGIGNUSWYO2OQDTSK25NQWQYTKKA;Samson Sirla
5565;AGIGWMNDM3SRININDV7BH7YG3C6Q;You tube & insta- The_voyager_ad
5566;AGIHBFWNPMXWTJOAUVEHA23XKOBQ;Udit Jain
5567;AGIHOZJO4PWX5Z37R4I4RQXIZWRA;Dr. PVS Rao
5568;AGIHTJB62LSES5P47SG25CPSV4IQ;vaibhav anand
5569;AGIILTCR7DSBPR6GQC54KSRZ6P7A;Meena
5570;AGIIYMV2W7KQZQA7G4IAJ2KT5U3A;Amazon Customer
5571;AGIJABWDG4M75P6SIANOPH6CGIVQ;Ankur J
5572;AGIJM2HE6GKI3I75OJ7PODHPP67Q;Ganesh, Tamilnadu
5573;AGIJWXZQV3F5BX3NCSWDZVKK4RCQ;P S Agarwal
5574;AGIJXNFC5UX7UAPUWQCEFE2IN43A;Shruti
5575;AGIKKX3BWXFOK7ELFIHSH2UH6NYQ;Industrial Infra Tech
5576;AGIL2JPFUVXPBA4PNMMVAIPXAKWQ;Amazon customer
5577;AGIL2YVZAM2EISWCWKZ62NRHRQTQ;Sanjay
5578;AGIL573OE75S3SZJIUZHFWJBI35Q;Saad
5579;AGILEHPBZZUJACQFI527X6HPPS2Q;Mamta
5580;AGIMKFLKIBXWJC4A2PEJ6MUUXPGA;HEENA Shekhawat
5581;AGIMQYYJFZUX57YLHEQKRD4MEZMQ;Aiysha
5582;AGIMUNQKIQNNE3SPFKQ7LZIWGWPA;Priyesh
5583;AGIMXHQLEPJG6FIWJMBJLC7MVK3Q;Umashankar
5584;AGIN3WL3VR42ECXY6SFGEVYAX5BQ;Amazon Customer
5585;AGINNSDVZYV5ZKNNIJO7GL2ODKJA;Kiran Kumar
5586;AGINWV2CSFV3NMNC7GOBQGNEYT2A;Amazon Customer
5587;AGIOL4B6EPMZ63RZQFWZWI33O2EA;Chandrashekar SK
5588;AGIP2P2RM5LF2Z6NRCGYE6IZA27Q;Rajendra
5589;AGIPLO4AJSNUVZ3ASVSHC2BZXFFQ;Karan
5590;AGIQ5Y7Q4MKZ542KKVFZLAIZV6GQ;Paranthaman
5591;AGIQYUS55MG4UWXTEF4PRMPZWPQA;& I Am IronMan
5592;AGIRPVIAHKBO5TNOXFX6RU5NFBUA;amar
5593;AGIRX4TLOCUGC4XPUAFPCQ5TLLKA;Suraj Rajpoot
5594;AGIT26W6BSDLN6OOXKXIYASNSPXA;prasanth
5595;AGIUJI423LLZ56YOUAQ5NEYLFVEA;Agam Saran
5596;AGIVSHBG4BBKKXBGKVEXQB6VKDPA;Bhanu
5597;AGIVUEKXGQYNDWJ2UDEE6T24G6LA;golla ramesh
5598;AGIVW6YDF6G7356WR2KBPADPKE7A;Vivek Koushik
5599;AGIWNT5SLEHW7HVLBDY6H32XJ45Q;ARUN
5600;AGIWQJDJXJNGJDO5DNIML4ATNVEQ;Dipu Choudhury
5601;AGIWVZOMLAEWR65TNHRDLWKLL4OA;Dulam Harish goud
5602;AGIX5B6SWYXE6XZKEJEK65LV7ZMQ;Santhosh
5603;AGIXLV5PXZOAER6EAYOT5A4CTKYQ;Soniya Pandey
5604;AGIXZFCBWQFPGYRBGOMZN4HDJ22Q;Manisha soni
5605;AGIY5PYNCW3CB5HUFM7ITHNZPFIA;Rajit
5606;AGIZ3WNZX67YKD4PT46PBZS2V3QQ;Varun George
5607;AGIZGHZQQHZLE5L3CHVG7RHBP32Q;Sayan Dutta
5608;AGJ23TWSY6YFMAVSEAOAUEWO4QLQ;Chintada Bhaskar Rao
5609;AGJ2FLVYPLUMJGSB434XS3BTEU7A;Ritesh
5610;AGJ2FUFEZ6Y65C3CZA6XJ4J74NFA;Certified customer
5611;AGJ2H3TVS44UM24XPHEXER4AGBLQ;Captain Retail
5612;AGJ2JB67X6WE4WZMZH4NWXHEGP4A;Kotteeswaran K
5613;AGJ2XZ2PPFHMYQ54KPSUGDLHTOIA;Pratik Patel
5614;AGJ3OQ4X262D3MAQZ3CLCRVR5R3Q;Akku
5615;AGJ3RV3MOS7D4IMNR7PHFGTDGKPA;Chidambar Kakathkar
5616;AGJ3VD6VNEKCMGYVVAS3ZFSISKMA;Nishant Kumar
5617;AGJ42BXEHWTZHDEWDT6WH6PRY62A;ESAMPALLI ANUDEEP
5618;AGJ4SX7KMBI7JTCLN2M2NDKHLBYQ;Adwait
5619;AGJ52I42NLYWGYET5BK5SJWMP6HQ;BOSSAmazon Customer
5620;AGJ64A22CHS6NGAE6LD7G7PHCYKQ;Raymol
5621;AGJ7FX6Z4B7QEM6DG2BT26XG6XWA;Amima khatun
5622;AGJ7O6CXXXUN72WOV5JID7X7ZBMQ;Gurujeetsingh Pardeshi
5623;AGJ7SMZ3VQE3KH5WMLS6XPVDDZVQ;Shubham Sanjay Gaikwad
5624;AGJA524SLTMC75HT355BYHZ4SYZQ;Ranjan S.
5625;AGJBCJZIXDHRCB2E2W6LKVZRPKTQ;Trendzer India
5626;AGJBEJ5UYM34YEAF3O66X6ZXMJ3Q;Indu bala
5627;AGJBM3XS26DC7YAEKR4MCLGOYVBA;A RAMU
5628;AGJBNYIE4GPKFMI52C33ZNTMSVAA;Amazon Customer
5629;AGJBZ5PXDKBX5LAIWE4RFKQRZOPA;Rudra patra
5630;AGJC5O5H5BBXWUV7WRIEIOOR3TVQ;Abdul Gafur
5631;AGJCHC5GBZXUFZIJC3YHRLDBF3OA;s.neelakandan
5632;AGJCU3HCKI6FYPKYS6FBZGJOQJ6A;rinku singh
5633;AGJD4634EZVTJUCYQETIMPBL5LVQ;Ammu
5634;AGJDDBKFP2QLF76TQ4G2LWTVVXLQ;Aniket
5635;AGJE2YGFQDWL6E6O3XOBPQ3YJIHQ;akshay
5636;AGJETGMWID7POEU5LDGFS4RPXSAQ;Abhishek Bairagi
5637;AGJFQ2QSW3V2Y6TMPLTGTACLIH7A;SUMEDH RANVIR
5638;AGJGE65PDHD3YRNJZX7AJC2OYYFQ;Yogesh K.
5639;AGJGG57T4EJP24EKCE3C2CK4NW7A;Shefali jain
5640;AGJGSPUQPTXAWMNQM7DVBDMOLF2Q;SHAILAJA
5641;AGJH265WIJJRU5CH6R2T3KPDUHUA;Amit
5642;AGJHYTYSBPEBX6DRHFDVKOPUG3RQ;Kabeer
5643;AGJK54UTZLRAIC27TJYRC2FITPNQ;Akshat Sharma
5644;AGJKOP63VWH3PLV46FL33T3AAMZA;Neeraj
5645;AGJL2UK2F3UGV6J6SLRUCOI4CJVA;RAJ KUMAR GUPTA
5646;AGJL5WHO3VVJALGYBKA7UUMANF4A;Manoj S.
5647;AGJLSJO25FNAPTAMQITAMV2DTV7A;Prateek H
5648;AGJMTWXAMFKENVFP4AJXVINU37CA;mayank singhal
5649;AGJOGZAGBMX7PBCUAILD2YIM5MAA;Bhupendra Verma
5650;AGJOLQCEFNEKB33FOCJ2YIEVT5DA;Abha Rani
5651;AGJPGWOXW4667QJXNDCLUWWVZTBA;Prasad Kulasekar
5652;AGJRCXYSPMLOJNP22GLBKWRCYDYQ;Yogesh Kumar Jalote
5653;AGJRLOKQPBND2JW7QDUL5U5MY5OQ;vivek
5654;AGJRVBQJIVB445HIWTFCZOI37IQA;Patel Kiran
5655;AGJRVDXBXRIIRR3G7HCF5CR6XDSA;Amazon Customer
5656;AGJS36PNW27URDEUJGCT2OLR3Z6A;shekha p
5657;AGJTDMCUUNZJRJKAQGZNFBSZUAMQ;Kunjasha.v.kadu
5658;AGJTPXSZDYEWZM76UMJXCHUUPJSQ;Harshit
5659;AGJU6F3B6JF6P3W5KKTWBRLGQFRA;Zarafatima
5660;AGJUSTWREQRCTY3KJHDL6I2MZDTA;Chandrabose C
5661;AGJVNXCQNOHPS72LI4265DJ6TQQA;abhishek paderiya
5662;AGJVSVELOXYVHW65UU77WNDG45XQ;Kavin Kellan Kelveen
5663;AGJW32XBQ6KVXXEPOF2F7TXSI56A;Mahaaveer Refrigeration services pvt. Ltd.
5664;AGJW572HJZWB6REZMBNPGF2PEYPQ;sindhu
5665;AGJWCWD4TCORDXCAWBAEDB5U7RAQ;Hari Prasad Reddy
5666;AGJX72ZLJFKML3LS6N7WXRA4RF3Q;KRISHNAA
5667;AGJYG6ZWCWD74WNE6Y37XZ2VUSMA;Prabhat Raj Pathak
5668;AGJYNSMQM45LCFROC6BSBGM2NXWQ;Kunal
5669;AGJYX7VFOCTB6NM5OIX76FSPWYGQ;Amit
5670;AGJZ4GRH4YOMZSQ7JWZDVPBSW7RA;Ajay p.
5671;AGJZM5HHO4DOX3Z3I5S4KIM2LT2A;Vinit
5672;AGJZRLTPG3LJML3KI4RAVEQ2RQDQ;Tashi
5673;AGJZTKPLF46HDRMNKDGJWKPX4UYA;Goutam
5674;AGJZZHGM6QJ3Q2IZZAMN3QRM2YAQ;abhijeet kumar
5675;AGK2AGWUMBCU5TCFIZSFDJORZH5A;Minoy C Mathews
5676;AGK2S2TC3YVWNUA6ME6NPXSEFHEQ;Akhtar Anwar
5677;AGK2XZ26O6Z4X2UHLCOQIMBTU5XA;Tushar A Bhojwani
5678;AGK3NNXG44TLWHYTJ2OAY4JMD3VA;Souradip
5679;AGK46AGUBC3MLDF3UJFYKYVXX7JA;Kshitij Gupta
5680;AGK4RKTLQUZ5OQYSGOAI72QBN6PA;Rishikesh Ghosh
5681;AGK5OL7ZCDPBSM3GFB57JEDTMVGA;Siddamsetty Srinitha
5682;AGK67PKY5YNSHMUNIPVHWPQKPBLA;zaineb
5683;AGK76H5VGHDWFQD7JTHVKZNQ5BHA;Parul S.
5684;AGK7PREKINHWXGPFNGY22DD3HBKA;Deepak B.
5685;AGK7QXGM6LN3H4ULO2S3OFXH7LBQ;Nitish Sharma
5686;AGK7S5LXXV5UHXXEY2BKNLZ52XUA;Parimala
5687;AGK7SKRMUPZU3HWIBRGRQPBO6ATQ;Vijay
5688;AGKAHQZZVWL46MMG723MEZ2B5JXQ;bhanu
5689;AGKAIBTFKDPPNNZ22TC34TRNBNMQ;Shankar tonne
5690;AGKBVK7XMXHCSEHT2ENTPCTVRBIA;ONam
5691;AGKBXNKA52CUF4OZMIFDDTKVI6LA;Amazon Customer
5692;AGKBZLURQIRK76CSDFFRHIZSUXOA;Vipul Mori
5693;AGKCX7P476LO5R2Q3HYVXO2BCSFQ;Sunil Rawat
5694;AGKCXGDP6B3EETRONNRLMW2FEZBA;Kevin Kunjumon
5695;AGKCZKL5F5SWMXTE7EOOX2TVAP6A;sayan pal
5696;AGKD2FZGZLQPA3VITZMPXL2OQMHA;SS
5697;AGKD3IUKEWT5HRQB56DORJJVJEWA;Raviteja bachu
5698;AGKDHFPFLUGXAO5GYFZZ5KCCTFMQ;vijay
5699;AGKEIYGWTR5DFWUXTQK2GJCADGAA;Mayank
5700;AGKET6EBMS4XL3NJXMR2JOPTFO5A;Ankita
5701;AGKF4F2CY6D6E6FT2SK2ERSQJBIQ;Ankit
5702;AGKF7OIXWGSJTEV3DW2MLSSCFK6Q;Naveen Lamba
5703;AGKFFX6PBTWUNBMN53YLUH45U6VQ;Ahmadullah
5704;AGKFITVCPLXDAGC5SLHFRLXPQYYA;Placeholder
5705;AGKFJL7J7K55WKEOE2PSU5WEXEAA;Manas Pawar
5706;AGKFR5XM34RLI4CEM5ZA3C2Z3OMA;SANDIP BHAI
5707;AGKG3U55NSBTQ4QBDCGLUGSEEICA;Amazon Customer
5708;AGKGXJAEWW2YJUFZPBBJMTXB5JCA;Sarma P
5709;AGKHAKG23FI4IMCXBUTKLGBDLAXQ;Mamatha Reddy
5710;AGKHBAELL7AOON2QVRG6EQ6YV6RQ;Nieraj Kumar
5711;AGKHS73PPCIKJQ7QX235SKK7YMHQ;Krishna chaithanya
5712;AGKIML44ZYBW3KKQQ6NNGHOF63EQ;Dr Ajay Bindra
5713;AGKIV4JCOJQGPNWBBKPXVME7T7NA;Amazon Customer
5714;AGKJJHQERUQMMSYWWDLXSY5VNH7A;Rahul
5715;AGKJZO3JZK7WKO5FICXBLGIOOGRQ;Ramesh Boratkar
5716;AGKKNM6BD3A6GKIOIIX4JJBDLDYQ;videv
5717;AGKL2QQZYTI6LCC4CDJEGIV3EDUQ;Soumendra Pattanayak
5718;AGKLZ4SUHAU47KJXDVHBBEWJODUA;Ana
5719;AGKMK57A4J54JG5OUHPMVGGPVUKQ;Gopinadh.P
5720;AGKNFVSMZCSEFHPASWFBOIYKRZJA;Pratik
5721;AGKNIH5C6WURF7GXXLBVS4HCEWHA;Naveenchandra Dawarkaprasad Agrawal
5722;AGKNJPIVMVEHKL6ZFBAQ3CTFZ2KQ;apparao saripilli
5723;AGKOT3DLM55KCHF3AQAOROIFZ3EA;SURESH
5724;AGKP6HWXW4AV5DK5A4GJ7EJ4TFUA;Prudhvi Raju
5725;AGKPRGZCV5XK7ZNVLQWUGRB6CVVQ;Chinmayee Ninawe
5726;AGKPXBE2NL6FYBQESVEHL3RA6X5A;Misika
5727;AGKQDWDU5LWC5OCTKCXLET7EJENQ;Aniket
5728;AGKQIHXOMAM6DN7XIUVFFHL554LQ;Lathip
5729;AGKQKPUOEC3LQR7GHBQYAHPTU4SA;Abhishek Thapar
5730;AGKQOL5HGTYAK4XZZA45NTA2UZQA;P Gourav Kumar Patro
5731;AGKQOLRC23XPWPMGZZI4PT44WAIA;Naresh kumar
5732;AGKQQC7ST26N5VFAHMURX3R2RAJA;Harsh Bhatia
5733;AGKQW7XWMS7MUWWL5OHMRKRJCIBQ;Siva kumar
5734;AGKSB547ASUKUVCC4SCHFKIH7XWQ;Sunitha
5735;AGKSHSI672DMOJKNVYC33PPKNISQ;Narendran D
5736;AGKSU4ZSIR6TKLSZKM3IHFEH3FZQ;Amazon Customer
5737;AGKSW3FNH3REYN3OKPKJN4KWXLMQ;Arv
5738;AGKT6MY3UZFPKSYVU5V7IOKJKMMA;Kanta Khaksa
5739;AGKTH6UCTEE5C23YTWWUHXU2RUGQ;Krishnaveer singh
5740;AGKTT2MYU4G25XFWMD5S6DETTTGA;sukant
5741;AGKTUWZXN4S5YSUFCOS2HZWGEVRQ;Amazon Customer
5742;AGKUMIAJEBVE47SWGKSTRQIXQXCQ;Dinesh K.
5743;AGKURQGQGENCRFFBWSO32XS4ZGZQ;Sajin Thomas
5744;AGKVBPWUJ5SHPUHQCCYNHWBISW5A;Himanshu
5745;AGKWDNWN4W7YDLRGGLQ2W43GW5AQ;karthickraj
5746;AGKXFGRXVN4CMGMCT5SGOPB6BBIQ;umakanth
5747;AGKXGJ5QRZFNVZ3MKY7PHAOMT5LA;Amazon Customer
5748;AGKY5D26F5Z4S4EY7Q2FG7M4QRMQ;Likhitha
5749;AGKYLNZN5SOR4LZAYWRHAAJY6JQQ;Amazon Customer
5750;AGKYWFUBZOSOAMI4I6YA72S6I5QA;Shubham kumar
5751;AGKYYB6ZSV2OI4BSXLKISFSFLGUA;MANISH KUMAR
5752;AGKZ3KXXYD3OEYXWWSVFJRGLFCEQ;Shaik Ashif
5753;AGKZ6TKG3664GMINDWMYRVKX6JYQ;Avan
5754;AGKZK3N7KYOTCRFGWGDF2EJIQISA;Himasrivastava
5755;AGKZVBLHK472MSGAAUABFRZL7SYQ;Mangesh Borkar
5756;AGL2B432J2VDHOSUWTQ6KOAS6AMQ;Divyansh
5757;AGL2WQUXIVJ7MJZO2FQA5YEEKYGA;neetu singh
5758;AGL3JTQ3ZE2OROHL44I2WVDP2Y2A;Sony Soniyal
5759;AGL3XBRQVHEAAZH4M5E3ATNQV6AQ;Azhaan Khan
5760;AGL3YL2HVMSNJ6JQ5FQ6HGAZEJPQ;Brundaban Das
5761;AGL54U42PQROPV23ORMEIR6HZNQQ;Ram E Singh
5762;AGL5JWV3DFJIR6T23UKXMUS7BQTA;Defence aspirant
5763;AGL5Z4GVIBTUZX3GXZFXEFSQC7EA;Selvaraj Duraisamy
5764;AGL6KF3GSYVGK2WIV73Z5GTUN2MA;Dev tripathi
5765;AGL76XCJ2EWY36ABPD25DHZRMQMA;Amazon Customer
5766;AGL7ZQV5GFVZMHW7CKCENRGWN72Q;Prashant Nair
5767;AGLAQV6LP4AXJCMGURQX3OUNTYJQ;Arun sharma
5768;AGLAZIZLDXX7FKDCSJ6ZLKSHW47A;Satish
5769;AGLB4RAINP47QIOGR6K3BVGB6PVQ;Kindle Customer
5770;AGLC3O6OCQK6CXGYLFWPEWDEZXKQ;Rohan chavan
5771;AGLCQ6Z2KEIXM7DC7JFZEN623CHQ;Mukesh
5772;AGLD2LXDWUQZSZDFC3U7H6N3VFAQ;Chandrasekhar K.
5773;AGLDR4PNZ6ZWNGFV5EEV7BL6LAAA;Iswar prasad kar
5774;AGLDRTUTXKGPR2GM3QZ53LGRKPIA;Nitin Jena
5775;AGLEATI6IBYVUFPSA2LAFAVI4ERA;Chandrajit poria
5776;AGLEJTZLEMONKAC3DV6ZVJKNFQQA;Amazon Customer
5777;AGLEYJPDKFHDQUKR44ANTMCVH7YQ;Mohana Lonkar
5778;AGLFKVLO32UB72C43CQNOPGQVKGA;Dorje
5779;AGLG6I5ESBM5JREGA7MXG77ODXHA;sanjay
5780;AGLH5KPYCT4MGPQ34MNWKLR6NXEA;D Ravi
5781;AGLIJTPBLLORZ2E35K2DFO3V3FXQ;Deepak kumar
5782;AGLJPQA3EFCU25WU7YUBUQR7EVAA;Naveen manikandan
5783;AGLKEDKY645GZ33OFGXHPWWFLXOA;Divyang Jhala
5784;AGLKKKJCKHZ32S7MCK46JWDZ2A3A;Deepti Rawat
5785;AGLKQIVDJLMLUZ5MP3HOO7CDT6DA;tpcgupta
5786;AGLKS2YBV32Q5F36ESVSZKN7YZVA;Manwinder Singh
5787;AGLL2HRMUMQ5JRZ7Q7DPQLM2MIEQ;Deepak Gopal
5788;AGLL6YL7RHHSDDGKWQO7ZIG3TXDQ;Harsh
5789;AGLLHPCKRL6U2U6U5XXMJ4V6ANHQ;Abhishek Maji
5790;AGLLVLIYA7LEFYOBOQ3CR566Y34Q;Bhaumik
5791;AGLLWVAI4Z22HEY37TBOWCHYNVMQ;Rahul R.
5792;AGLMDXIDTQ6JHLKTJF7S2CD3PFJA;Anupam
5793;AGLMQEABF4OCKPYA6Y4H6ITQQMXA;Gyan Bhooshan Dubey
5794;AGLMS3QIE4S7KPWOXGHTANI7764A;Amazon Customer
5795;AGLMUN4K5NVDCVNPMNI5OF2IH5LA;Balasubramaniam R
5796;AGLMV6TJSJRZ4MUKZMZ5OAXIII3A;Ajit
5797;AGLMYJKO4AKOSRJGJSMVBCDD2X5A;Vijay
5798;AGLNHKFYTWDPKIAIQTE4UPB5I7ZQ;Prathmesh Acharekar
5799;AGLOERHFT2VT7MSRJVX7AR4YJKEQ;Hemkant Rajput
5800;AGLOZNSKAGH5XUZEAZ3FZTQ22CHQ;Surajit Patra
5801;AGLP2ACOBJSBZ276KMDD733NQQFA;trishal patel
5802;AGLPUYATOE2KVD36DZ2VD4QAOZCQ;Ram Sai
5803;AGLQ56XIEU243BB6V45WIIMI7UWQ;Hari
5804;AGLQDF4STKEC43X7AGQ4HR6SFKFQ;Kumaresan V
5805;AGLQFTKRKRRYQ6JHVY6DZNSNKF7Q;chandrasekhar
5806;AGLQGHCAPA45C7LFUS257GLOBJIQ;rashid pathan
5807;AGLQVPXIXE7WNSV7S5QV5UCNQUZQ;lokesh vijrai
5808;AGLR7ABVBBQZGXQHSD3M3NW43F5A;Rajesh Jadhav
5809;AGLRLAEJWBUG45Z34UBULC6YPBLA;Nikhil  Lad
5810;AGLRTBQ52OBASLMH3FAS7DJDB5TQ;Tanmoy
5811;AGLSWF3XMK3CCO2WJE65T25GIGMA;Imran
5812;AGLTJEIA65FMSJC555OYU5ZMNOLA;karthikg
5813;AGLUCMLVY27OWWYXIGYS2ANHQCTA;Rakesh Prasad Sah
5814;AGLUHXCJJDHZGCCQWBKUF7NAKL3A;vijay patel
5815;AGLUPY33OM375F64CHDCQW3KF64Q;Aashishnautiyal
5816;AGLVW6SUWTW35HT5AYQR4CKA5IOA;Aamir
5817;AGLW6Q6I2EB54QMWQJTIQIV5WPHA;pratik rathore
5818;AGLWAY4KNHP67SQG4DXGZ5PPEY5Q;contactarvi
5819;AGLWKVJOI7HQ24WJBODYR5E556SQ;DEEPENDRA SONY
5820;AGLWM3KQXUEEG5QUPOMKI72IIOZQ;Vijayabhaskar
5821;AGLWXRPJ6PGDPIN7URZP2525SAHQ;Amazon Customer
5822;AGLXXAIFPOSW675BKK5KDZL63KVQ;Ravi Tiwari
5823;AGLYAYWTFPPMLELDG7MBUTWQZTKA;vimal rastogi
5824;AGLYEVGC2CQ4B6K7ZLFC6HKRXHXQ;ABHISEK THAKUR
5825;AGLYU2PCAJAWMX2SQ7Z44TQCOB5A;Vikas
5826;AGLYWTUJ7XAWSKGMRXZEMUHNN3QA;Gs7
5827;AGLZDJ2IQJQNA35JJLQ2VOEJAR3A;Srilaxmi challa
5828;AGLZGGJLEO2WGEMX4KZCFNEJX64A;Riyas R.
5829;AGLZNLY63W3AQ3LE22NHKILAS2UQ;MEGALAMANIPG
5830;AGLZSXEKXHXVIG5UQTP4ZSZ7GLTA;Aman M Nath
5831;AGLZUIR2UEQJFHZ6KGUGFYPYINNQ;Ranjeet Singh
5832;AGM2GCYQPQRIRJYCQBKBUOCD6VJA;swaraj
5833;AGM2UWKCJESUA2YZADPFXZ6PANVQ;Dhaval
5834;AGM2WOYSDILMC2GKYLGXCRGBJ6HA;Raja
5835;AGM3M7VSW4O2MBOMCFV7EQAY5ZLA;Nathan Avram
5836;AGM4CQWT4HY2YVGKXBPKH3FFSL7A;Amazon Customer
5837;AGM4GRCJABX6KMUTF7LJMPUL5BKA;Aryan Gupta
5838;AGM4RYZ46NPKH7I2SDZXAUHSB52A;Aashuthosh
5839;AGM52TVEKBJENHQAN4Q22ODCL5AA;Amazon Customer
5840;AGM6EGKUOFBXPCJTFFF2NIGJO3UQ;channappa Balehosur
5841;AGM6G35OHG5KQMIRRXHX72G3LK2A;Soham Papinwar
5842;AGM6RW6V2RSFD5F6ILCN44YX4Y7Q;Junaid shaikh
5843;AGM6U42GP43XU2OGYR3CS2J7DHRQ;Tarique Hossain
5844;AGM6VKOVQWLVZW5NXUZ2SW6UHGJA;Amjath sp
5845;AGM7ETOYBL3UFKCLZW36JM6POQ6A;Nikunj .R. kukadiya
5846;AGM7YFUBLKUQPYVYZQDDPI3RXSZA;Aaryan Jagtap
5847;AGMA33G2B4VFZS7GEQGKDFA7YM7Q;Shubh kumar
5848;AGMACNXEDN7CAJXDCMPUZW3MO5GQ;SHEIK UMAR FAROOK.G
5849;AGMB47WHJPH52A57TVE43RY5DIZA;Amazon Customer
5850;AGMBBBIHMGMWKJI5OSFGKWAKJVVA;Rohit
5851;AGMBJC7TRKMW6NZEZ3MPTBCTYQAA;Swapnil s.
5852;AGMBVEO4J5JYGUM6X5INZMD4FRRQ;Abhishek kumar
5853;AGMBYTP5MS3JCQZ2NHRA3L2FTC6A;GVR
5854;AGMCZ2KDUK34T3TUMG3JCFV7FOTA;Partha Sen
5855;AGMD2UVAWOKO3W37KGZWAPI3ZB6A;Siddhesh s.
5856;AGMDO4P3J3J6EV3C7KL5LNIZ3OMA;shamsher alam
5857;AGMFAVIBZTCLSNBIEME5SBNPIQ4A;Harsh Mistry
5858;AGMFUQGKKH2I3HTOGMMFWPKY4UIA;Pratik
5859;AGMG3K7YUIDFHK5L2KD6Q2XWTIQA;partha sarthi
5860;AGMG74N6WQGI376W7GEJJ4XD3ARQ;Ankur Awasthi
5861;AGMGMQ6LB27Y52XFBO7LZIGDTRQQ;Bhanu
5862;AGMGQLON63U5BK3Y4TWRMLBA55RA;Zeeshan Ansari
5863;AGMHHTX7GPWHZAUTEYQOFEEDFMDQ;123MovieTime
5864;AGMHQJ2A77R33DA4XP3ZHYOMOTHQ;Well person
5865;AGMHSLSOBPJRH6RCZBNKNZ2YQY6Q;Shalini KJ
5866;AGMI265U3VU5FUCE4AIUVKPIECJA;Rahul R
5867;AGMIGAXQAVXGZR4S2UHUNBUGQ76A;pritam
5868;AGMIJDZBYEDBG3KSC4CROY6AU4NA;Shamsher shaikh
5869;AGMINKRG5YTFK5A223RNNBJ3ID2Q;Pritam
5870;AGMJ6TDLOVZIR5ZU65TLJFSLG2BQ;SQL
5871;AGMJH3UJPOVZAA7KCWUGWNBPOPDA;SUJOY DAS
5872;AGMK2IKWHYVHPTNZZ27BMR4XRPZA;Omm....
5873;AGMK6A2BENOKD2ODSRVUFWWC5G6Q;Sagar
5874;AGMKONPE5QC455TBAZN4QNR73KXQ;neeti khandelwal
5875;AGMLCKCSUIFBF3A67WZ7OLGFYRYA;Prabu doss
5876;AGMLLOV22EXPBNLF6VLGFTSABHHA;Harish Rao
5877;AGMMRB4KCBUH7UG6WDXTJH4TTVBA;Rohit Kumar Rawat
5878;AGMMXIU64ISPDGM3NMKNJYCTUKPQ;ashok g.
5879;AGMN7AH7PCCN7UGWGCPJQLH2SWWA;Bani panda
5880;AGMNUA3JQNKB6LFY5U6IVEOUL24A;vivek
5881;AGMO4AMM5IA4MMUHGAXVMUHY37LQ;Mukta
5882;AGMOIJFKHOE7RTSMQPHKM5AO7EPQ;Swetha vijay
5883;AGMOIWMV5LM33PKZWDSGNS5EZ6ZA;ankit agarwal
5884;AGMOSQZYENCGDYQFYZG76EYEMCGA;Prashant
5885;AGMQBENGBYFDIFBCX7TTRXZJ42UQ;Yuvraj Mane
5886;AGMQDZGGSEBXX4KBJOBAGIFI36OA;Selva Vellingiri A
5887;AGMR6IFE74NZ6I2AKCYNT3OA4WJA;Muthuraj Kaleeshwaren
5888;AGMR74PGVNG5IU7X25GJGDAT63TA;HIREN PARMAR
5889;AGMSYOF7SPTTR7ZTP3VWPKWTZFVQ;Pooja sony
5890;AGMU7VJAAQCGVXR2I45DBZ4UOXGQ;Badrun nisa
5891;AGMUJCTMBNQBOGHL6UPSSF4KSNUA;Ravi shankar
5892;AGMUT37GOKFEAYGAMGAFXJYA2M5A;Abhishek Nigam
5893;AGMV2R3JWUMMQLCUPBCLXPWI6PPQ;Daipayan Mondal
5894;AGMVFFHVHR6DRCMJOOLWQCN5ZXIQ;Amazon Customer
5895;AGMVK4LJDAES7HGNXYGUMBETQYEA;BG
5896;AGMWSX5A6BMRWUFEIC4KPWXAJ4YQ;Mattathil
5897;AGMXRWYEJX5URWOJFL6BVNS33A4Q;Anoop
5898;AGMXX5UGO3VXFAN2HOVYOWQYTRYA;Vishal Mehra
5899;AGMXXCHBISHJY74CBGESRTYDPFXQ;Daud husain
5900;AGMYHDB65TQJ72JNLCDSU7RTYDFQ;Jameel Ansari
5901;AGMYS67M6E6V2W3UP2EVWZBP4WHQ;Awesomecritic
5902;AGMYSLV6NNOAYES25JDTJPCZY47A;Vikas kabra
5903;AGMYVYGTIGHQQDKROQZHYI67AW2Q;Akhil Raj Kunwar
5904;AGMZXK5XYLQSAZSVUHHFFIZZ6SGQ;Ebin
5905;AGN2H42UCVV76T4BIVMIETTUUDHQ;verified genuine buyer
5906;AGN2VH6RTYG5CM3YVH34VGYJFO4A;chintan
5907;AGN44TXNKAN6TOS4VEW5N347GCNA;Madhu
5908;AGN47LODJXDWX6WWSS5JJLKP2HWQ;Apurba
5909;AGN4KBBUYAKJFPC3QCNLXJ24Z4YA;Nidhi mishra
5910;AGN4RT66HR52VG2S2I5B4LUDEZNQ;SHAHABAAZ SHEIKH
5911;AGN5DA5YJ2ZNRT47PCFQTDEDEHNQ;kanta
5912;AGN6VHI3RRN2EETVG2K6AU54UJ2Q;Deepak Karki
5913;AGN7DFBGDAM7NRQN6WGIZDOATS3A;Surjith k v
5914;AGNBNAIVJCEB3TBMEUWKDG6F3OAA;ABHISHEK U.
5915;AGNBRGWKNVYUJI43BQVDG7UPV6PQ;Uday Kumar
5916;AGND33SYSSFRKYSNBGB5CQOODQCA;Prospero
5917;AGND3HQB3XFX544IUGTCX3IKAEPA;Ashish
5918;AGNDEWYGSKM75CIOKTG7OQ2JLMBA;Surendrasinh
5919;AGNE5T4E7SEMJUDM4COI6JBNJQBQ;Ehsan Ul Haq
5920;AGNFSGP5VLI35V7BNL2K3XXHGG4A;shashikant kumar singh
5921;AGNGCIEWFRNNNYEDUUFQRBBWAVFA;TOBIN KERALA
5922;AGNGKPDG2KXIZC5EXKPKSBJTSBNQ;Peeyoosh Kumar
5923;AGNGZAPY5HMB7OOQAXQ3MH5OLVSA;LmcX
5924;AGNHDWQOX4UYZVQ4IZVKARWE2Y7A;Kindle Customer
5925;AGNHQQDJF2WSXFFIAY5RS22DBECA;Amazon Customer
5926;AGNHWTOCLPVNZ56CWEF3QQI25ROA;Prasan Krishnan Karthikeyan
5927;AGNI5MF4JAOPSC4YENVQ66JSXMOQ;Nishtha mahajan
5928;AGNIQYBJFY2NWMGIXJQQRKWAENEQ;Pranav M.
5929;AGNIU4W6TXLMBMH7JQ4I5ICZ347A;Salman inamdar
5930;AGNJ2LVUBOBR37BVTTXCTGYBP4RQ;Suresh Babu
5931;AGNJT6MCU54JSU2MDPAUHNVVMPAA;Lakshay
5932;AGNJW4JB3SQZZEVJCOR6EXOTNMOQ;Bristidev Burman
5933;AGNK4GKNE65RYXUXCDFO6B22NXCQ;Surjit pharmacist
5934;AGNKWLEKAA53Y27KTA5XKMEB6YVQ;Sagar Ranpise
5935;AGNLKKB5BQFDZ2VIJJFRUROTMQMA;Tech & IoT savvy
5936;AGNLOWKPE2OQVARLP6ZDG5ZHQQUQ;AMIT PORWAL
5937;AGNLXH7GFRBUEG3GEYNDW6B6Z55Q;Saurabh nath Jha
5938;AGNMIY7234MP6VA5DN2HRBGQZ73A;Amazon Customer
5939;AGNMKLX5ADDTNPRKL77V54XNL5NQ;Revs
5940;AGNNU6V5L7VGIRYQ5XIJ7H4VONBQ;REVANAPPA S K
5941;AGNNWLEF6V57TKIFJM7SWHNFAIQQ;Dr G S Santosh
5942;AGNNZL2OXJSOP4LC4PWWYSTCZAAA;Kranthi
5943;AGNOLV6ZQ6SYXOYLHBC4ORHEDL4A;amaz vivid buyer
5944;AGNONTMQDE5KLLDEEB57Z3C5WAEA;SD1908
5945;AGNPEDP5PPB3WS77KHG6YFLDZRUA;Subrahmanya Sastry Bhetanabhotla
5946;AGNPYOMLPA6EEFLNFQ6ZZCP3RGXA;Ankit
5947;AGNQNBLTVVNAB6NKW25OR3CFEBZQ;Sk rahil
5948;AGNQO2QCWQX2CZT5KHHSNQVDD4OQ;Lakhan Singh Kushwaha
5949;AGNQUDW2ISLRVQVYA7AJNMFTZYAA;Rakesh Reddy
5950;AGNR2DWHR4DRJVRRUOZTUU4EY5RA;Mr. G
5951;AGNRGEU74CPJRWEMJZHU67GWHETQ;Ocean
5952;AGNRJFR7GTAKNDLEQNVGQMRVURVQ;Rathod Lakhan
5953;AGNRMULABMTY7VTZAGRBYTQ2EMCQ;Suraj M.
5954;AGNRPHZY2FNQOGUMEZG4RZJK5OZQ;RAHUL KUMAR
5955;AGNSJO5LAO5FKSHPW3UDKZQLPONQ;Rishi
5956;AGNSXRFJBDVGM7FS7YYPNCEO7XFQ;S.I.KUMAR
5957;AGNTLUBEFGL4AL5SN3XMQ3RRDTNA;Kr Vijay Vir Singh
5958;AGNUIVLVQZXACC7UBK6KUYONSKFQ;Popi Das
5959;AGNUSNVD4OAUBKA6B42FMU63Y2UA;Viswa  Kiran Kathi
5960;AGNUZ45QI5DHUL6EFTEDFWHH5TSA;Prosanta Das
5961;AGNWBYEVAIII4MPQNKN3LFVOHYZQ;Prashant
5962;AGNWSHTGWUQFVMEEWNPCPYUDI2WQ;Pramod
5963;AGNX3V74DONZBBVE2CYREKRCKAQA;Asfal A.
5964;AGNXO5MSN4KKBGSQR3YT26CYYBQA;KAMAL KUMAR
5965;AGNXWXFWLOYZAYJ5PRIM2NB57E4A;T Karthikeyan
5966;AGNY7JE5TCQDY3MEVOEVAAA4C3XQ;Ashok Alkari
5967;AGNYTWD4ORSSUWNGICU3TRNRMRIA;Anil kumar sharma (Lucky)
5968;AGNZRKED7ZOR5CWLAVUPIYAYAOGA;Irfaan
5969;AGO2GZLUYPY2PUV7F5YM244ODJ7A;Placeholder
5970;AGO2YRYQBY33JCVUJS66EZ2KL3MA;R.vijay kumar
5971;AGO4OKG6KVBAAE52Q62JBKHRDFFQ;Harmit
5972;AGO4VY6QUDHZV2JIJXHT5V22GUUQ;himanshu madhani
5973;AGO5KIAIKOB2PPLPFLDLLDMGBQAA;Laxman Ray
5974;AGO5SRT3ESLNL5WTRQFD5BSIYPQA;Naga Sai Gadagottu
5975;AGO6LBIRJDSVR7FW4BD5JS4OGLZA;Krishna
5976;AGO6PVXYI6OL74JB6XZNCTPLUDNQ;SAROJ KUMAR
5977;AGO7DPNCGHKXTC2ABQIMLYLWLRDA;Diparna
5978;AGO7FWIRBIVDDEAYX2UI6DP4G6GA;Noble P Mathew
5979;AGOAPHGD2KXRK3K6SX7ZP3BFF2DA;Cma
5980;AGOARJLTS744KQC3BTKT5KQVOJUA;Placeholder
5981;AGOARXYHOENO6YEI7N64HK5CDQCQ;Khamarunneesa
5982;AGOC7CABWR57JA3HH427FHBRJIJQ;Subramanyam
5983;AGOCKZ76H6K5XE67QWLOFO5SZMJQ;Balaji
5984;AGOCMOZJWGI5VHFT2RZLTQFZLKPQ;Amazon_Shopper
5985;AGOCOZTNAN37QJEUVITGZMDAJV6Q;Shareef ali
5986;AGOD5XRGRJSYCFNFE2Y2IVAVS7AQ;Kapil
5987;AGODCNPZG4Y2TY2CB4SBCJN5YXFQ;Addy Banik
5988;AGOEGXCUQTAT4C57KQHXQJ4X25PQ;Saleha
5989;AGOEYA7EZQOCWCZNMHZIS4SESREA;Shab
5990;AGOEYCHBYOAN53ZBHUMCS5GUSVTQ;Amazon Customer
5991;AGOFMGGVERIDKNPHMFBODPTPJ5YQ;Kishore Bandi
5992;AGOFVAWAS7B25ZHWYBLYIXX6FXBA;Pragnesh Patel
5993;AGOFYY27SNJHGWFH2VFUC76JA7HA;Pradeep
5994;AGOGMKLERURWSCD4RIH53WPEVTWA;Thota Srinivas
5995;AGOHEKMCFFEVVEYK75KRR6JUN5LA;Gautam B.
5996;AGOI7ZK5ZIOWDYNLON5YENWZNQDA;Gagan
5997;AGOIFSKTNQK2PNBLRMNUWFSKXNEQ;RAJDEEP R.
5998;AGOIORQP7QHLAXDRGTUPAA5TCJEQ;Mohit Gouda
5999;AGOJ5KXS5VV6NQS3XHAGRDZ7S2BA;Scuba_3d
6000;AGOJAM5G7KHARFVDHTRDFHZGR2IA;RKPal
6001;AGOJBMYF6L6P3HQ4W5N46QQIAPUQ;Surender Kumar
6002;AGOKX4THWIRFYRMYQ5KFQHJZFBLQ;vaneesha
6003;AGOKXS4TP2M6LTNG5HAEMLCKI2IA;vijay
6004;AGOLIHXYWOUK27IL5A3NHNA4U6FQ;Srivatsan Jyotsum
6005;AGOMT3O5U4TB4TZVFQFNDKP5GT7Q;Neeta Pawar
6006;AGOMXFNBIQBEWLN4JDC65FDPTBDQ;Mihul pandey
6007;AGON45QTQGUA7BQ4YMU47OFR7A4Q;A.VISWANATHAREDDY
6008;AGONHBXIF7DGPMNZ2LUIBBW3FHZQ;amruta rokade
6009;AGONNWZMRQZR2JDLNKFLAK4V62LA;Mukesh
6010;AGOOI3OO3V3Q6GB74PMJ7HCTB2FA;Prashanth Gangula
6011;AGOPG26AJCZ7HH3S6SHL5EYLB2NQ;Ethan
6012;AGOPT5ISDG5GJG2LCY6HYOV6KUDA;Alainoreo
6013;AGOPYV5RQIH4BBSVXQVFBZLDVHVQ;Harika Mudhiraj
6014;AGOQL3YF6UXVBS7ED52R33WT2V4A;Pallav Pathak
6015;AGOQZTWW4TWCEF63HEFYT4AEIFPA;NARENDRA A.
6016;AGORBC2ADNWTLGRWKCZRO7GOG7RQ;Sandip Roy
6017;AGOTH5WF7GFVYSVFB74QR6DFFJGQ;Vimal thapa
6018;AGOU3P3LXMXSZTQLWKGNGS3Y5TYQ;KONDOJU HEMANTHA CHARY
6019;AGOUFAD56YMVQOAFUWLW3XFVWX4Q;Bala chalapathi
6020;AGOUMGTCVOVNACJWHOI6QXEOFWFQ;Durga Prasadu
6021;AGOUVBBZUOXEFGG7R5QBLIF34OYA;Pradunya gohain
6022;AGOUYRRLNFOWW2P323TXTZI42STQ;Sweet KP
6023;AGOWAPE7FNYHKW7NMZRABFLAPBLA;Nikhil
6024;AGOWF5LLDDKUJTPYF4WOO5RKT4JA;Vishnu VP
6025;AGOWRLSBPAVLJONO6CNUFO3QABZQ;Jay d.
6026;AGOXDFXDUHGRNK5JD2YNYIZ72AEQ;Thomas
6027;AGOXIKCKLMADHJXOXLKL2XKPA3BA;Souravv Garnaik
6028;AGOY7AILHEVOJA6SPYYUQYIFVVKA;Nikhil Kulkarni
6029;AGOYD5LNR3QBIXOGT3AXVEQJKQIA;Kaushik Kothari
6030;AGOYJRXFFVVGZDJTZV474WDLAPUA;Arul Prakash
6031;AGOYO7V7CGV5RA6ZABQLCA25AA6Q;Ravi M.
6032;AGOYOKNFM75VNEGK3DSACVQ6CFUQ;dwaipayan sarkar
6033;AGOYRCQ3PNL2AIXWYLPSXVQYGJEA;sameer shaikh
6034;AGOYRUEHDI3SH7N4KBLQS4KE6G2A;Rajat Semwal
6035;AGOYWHMRBO7PSZ7ZPV3UH243H6AA;Amazon Customer
6036;AGOZSNP7TTSEJFOMPLXDVTRHKJ2A;Parag Parashar
6037;AGP2G2TDF5Q5HZECH6MKPXWAFWDA;Harsh Tiwari
6038;AGP2HWARZOUPA3CD452G55XDOVCA;Anurag
6039;AGP33PWKFF63FWCVM7D7LPQHFGLQ;Vinay
6040;AGP365OHRJ23BJZKPU3GJ7NVQHVA;Subash Panda
6041;AGP5YURZQ6W2GKYILORIGKB3NDUQ;Dinesh
6042;AGP6HZ22S4GEDJXBDIPCABFZKPZQ;Srini D
6043;AGP75AQH4URU3HHHPEIOT6NUT53A;Bhaskar
6044;AGP7FT53TVZYTLYSU63C77AMNKRA;Lipsy Mohapatra
6045;AGPAF3K6YHEM7446WLCBQJZWORAQ;Nikhil M.
6046;AGPAIQ4RMGU26NAKXGQCEB2OOS2Q;BHARAMAPPA
6047;AGPAK6ELVZPVKQ7GEZ7IUHNK2C3Q;Olivia
6048;AGPB4U5YAXMJXJV6SGR5TAXFXMBQ;Manjunath
6049;AGPBFYSINH6IVWQS4CG5WP3DYCMQ;Tanzila
6050;AGPBIM77CMHJZPR4GROXSNK3GOFA;Pritam Mondal
6051;AGPBPLV5X666GMBRNJCVLJNNH64A;rakesh a.
6052;AGPBZBEFPFL64PWRZX32JSZUHDMA;Prasad Pavithran
6053;AGPCRJBUW6U66EYH5WARIXLIWLVQ;Vinod kumar
6054;AGPE4RKV5YRZPGLXQ46D7DMCFDLA;ruma pal
6055;AGPESHJAGFFNOORA77CESB7XBDDQ;Dheeraj Krishnan
6056;AGPESJMSSBWG5JO3AUJN4IZKD7TA;millon das
6057;AGPGDCCXPI3EACMNJKBCNT57DVFA;Vinod Jadhao
6058;AGPGSHGMGBF6GBOQ7ZXUBQ3IFZJA;Aditya Chatterjee
6059;AGPI7NG4ZSTCPPICRFVFF3BZZKJA;SASWATA CHAKRABORTY
6060;AGPIHCRS2LVMVTFCHLPYZMS6PL6Q;M.Bharadwaj Phani Datta
6061;AGPIXFD7PBE4NDKHEUNQ4FBFT4LQ;Aadi
6062;AGPJ54XLGYPWACFVEJ2KWYJYREZQ;Kuldeep Sadhu
6063;AGPK4QIB6E5RFJAYZCNS7XRT5OVQ;Azharuddin
6064;AGPK7LBOP4LXMHGVL246WLA53D4A;Amazon Customer
6065;AGPK7U5SHXBYBXEWBTRCIAZSB6LQ;ARUN KUMAR
6066;AGPKKHWDHRBTTI6H2PMDX32QHSSA;Sakethram
6067;AGPLH6XWDVSULDCZOFJRM6XNTNXQ;Prashant
6068;AGPLW74W3HJTC3ICBNN3R6MIHFMA;Niraj K
6069;AGPM77A4UXCNYQ6QY527N3FQGXCA;sandy
6070;AGPMBJGS7TX4RMXZRT2FILK7ZWLA;usha
6071;AGPMMNZ6KT752BNQNASY52CKSHHA;Prasenjit Jana
6072;AGPNJEK2EUJ6YFFPND6OSSAVG5WA;Pujeshwar Sharma
6073;AGPNK4G7IXT4KWGPM4P5GZVHJWRA;CVN
6074;AGPNW3GNPQBPFFAZ5BREYIKQNFOQ;Kannan itz_sk
6075;AGPO4HV54G5JLGEZYJJ7NC63V6BQ;indhu
6076;AGPO6ZBQ2HPAKJULWTNQSP7FOBZQ;Dhamotharan
6077;AGPOF37T2T45CVYABSTSCPILMNZA;Sm
6078;AGPOYBESW4JLTMELJLGMLV4JKJEA;Gaurab Chakraborty
6079;AGPQAC65TOG2HWQ42LE4JB46OUJA;Balaram Sharma
6080;AGPQASU7OTDRO76TQFWP7NVDKD6A;Kashish
6081;AGPQF6FIRVMT534CMDQOPD43MABQ;S Vijayan
6082;AGPQHMB6XWAURLOJA57DPCU4HQ7A;DC TIWARI
6083;AGPRDVIBLQ763CQ2BOC4WHZQ4KHA;Kalpna Kumari
6084;AGPRYLCS5QJKBCHQKRYVU5U5JUGQ;9650386949
6085;AGPSBG5VYA7MJYXUPP4KWCOGVUKA;Ganesh
6086;AGPSJBF6CTEE4MJG3X5Z3DMJEJZA;Vipul Vora
6087;AGPSLGGTW5EHCUCCFEPSMH76H3NQ;Shaji Kuruvilla
6088;AGPTBPJMGFIJOZ7TDQYIDTKYELCQ;Sitaram
6089;AGPTBR4QWMDZZ3XAF4EV2UMFQQEQ;Yeshwant singh
6090;AGPUPI62IFNLHIAOE66RZ5FVZTIQ;Saideepak
6091;AGPVN62QTZNEHCVDPA4237YQ5VMQ;Suhail Kazmi
6092;AGPW26I3CWUUUI4HNHIH6FWIVJOQ;Amazon Customer
6093;AGPWASWUND4PQYWAP6ICZEPQCWZA;Rupesh Singh
6094;AGPWCDNDTSD6WCMHDWECMEE7WQTQ;shoaib mohd khan
6095;AGPWKPQODYM5WTOVQEG5JKCWFFEA;Kavithaprakash
6096;AGPWQPY5N7CBNPKJ3RLDSLUWKOOQ;Asanka Wijesinghe
6097;AGPWV7WDFN56ZITTHJJTONXPBBGA;Daljeet Dahiya
6098;AGPYAZNUEWYCAGM4A4WWQNUXD25Q;Ozair Ahmad GLS
6099;AGPYC54L575ZDPY7FEGITMLYI2UA;Dheeraj Sharma
6100;AGPYJRR7TI32QGUNYSFCA6T4OPMA;Suraj Botre
6101;AGPYTMWCOQQUTOWXLIEPZVT3YR6A;Roshan k jose
6102;AGPZLMY6JJVJNVHA3JEM6XM5CSYQ;blackandwhite
6103;AGQ22ZIP7IR5TZHO4JVX3BP6XPXA;Amazon Customer
6104;AGQ2BGDKE2PWZ4Q27KVXUQQA67XA;Kaavya Rekanar
6105;AGQ2KOOSNRJVNY3PYFXFZPRKDIDA;O N Misra
6106;AGQ2RWOECSEFEQMIGE7VTXP65OKQ;janarthanan
6107;AGQ33PJLVCO67H7X7FFQPI3WIXWQ;Jamesbond
6108;AGQ33QFV6YITBYDD7Q5UZB3KPVYQ;Sushil k
6109;AGQ36NZXZMWU5W2JFXIK5GCM4MUA;Chetan
6110;AGQ3O74IZOTXX6NCRGUU5SSCAHVQ;Anand
6111;AGQ3YJHNFI6CFAOTHMHNA3BEH4AQ;Udayakumar R.
6112;AGQ4UHMMPGWZR5BVBVJPAKTKBEGQ;Harish
6113;AGQ4XHSMAMTMH3AKNOVGTURDJLDQ;SarangC
6114;AGQ55X6WU4XM455UMFRGQZ7RYEYA;Ashish Panjwani
6115;AGQ6C3N3XSQHBM6BPN3L4GPDHMYA;Avi Rawal
6116;AGQ6FH5HUONZXKRXVRE7YX7ZUPLA;atul deshmukh
6117;AGQ6XAIJVAAWQFJO6OA3UYVHJF2Q;Rohit Verma
6118;AGQ77RQV2RP2RV3V3ILVPKJZO4PA;Anshul Gupta
6119;AGQ7ATXOIGSUWEFDGJLYRLPICJRA;Ashalt sethu
6120;AGQ7DDSSAIHW4EQERMBBWQWQMVTA;Rajan kumar
6121;AGQ7HOUDA7K64AQCEWQCKTRE2X2Q;amazon user
6122;AGQA6CD2EAQHTFTTONWV6IBD4PLQ;Anubhav S.
6123;AGQAYI2H5TL53UE55XVUIDAMSGLA;AKSHAY KHOWAL
6124;AGQAZKHJRJ44EBAFG5NLJWB6VORA;Amazon Customer
6125;AGQB7NBV5YVA7UFL3TOP7HJ4YOWQ;Axis Web Art Private Limited
6126;AGQBKNH24HGPL3INPZWJQ4GFRDJA;Rajiv
6127;AGQBRQKHB6V2GKNP5NQCBG3TZFPQ;Hamsavarthini
6128;AGQC6MGGRXLF2V7XAYSUI2D26GVQ;Priyankasingh
6129;AGQCHAIK5FZZOA67FTG7HET7VVJQ;A.Ramu
6130;AGQCLZES57R2QEDXM4F4NYKS4BRA;Devendra
6131;AGQCT5HPQJXUN2FVZNCBSEQIYDPQ;Customer
6132;AGQDAPNRFPKXPBX7IO6D5PZ5U6WA;Ritesh Srivastava
6133;AGQDGNLHK6VLEZF33POQLAQ6NNSA;Siddharth Gupta
6134;AGQE66MG2AEU3OO5WWLBODZ3DRCQ;SJ
6135;AGQECQXYEAY4SYHRW5NDNF36VDSA;Pankaj
6136;AGQEYE3ZA7VXHMGDQLZM3VL7DNZQ;vikram gaikwad
6137;AGQFBYYNUJXJSAWYO5LHEQDFEHKQ;Amarnath.S
6138;AGQFO7HUNP4TATRLGLKZWTGSRZ5A;Sivaranjani
6139;AGQFZAOQEKMAPWYU6U2R2SHO6S4A;vignesh
6140;AGQG4SLFJRW4LAU2XMKXEXUWNT2Q;Seema R.
6141;AGQGCM2UQZEIKDZL6CHD5CMSWKRQ;Amazon Customer
6142;AGQHA7FMMURNYMQ2SM2LJV372TTQ;Siva Subramaniam
6143;AGQIXFPHABUZ2WPETGRYDB7VSMXA;VK
6144;AGQJUVEAZQS64J4PFY7EENAHF2QA;Sundar
6145;AGQK3ZY7A4QZOCBKS7VLUEYNRZLQ;R.sreenu
6146;AGQKNP62ZU4IIJVBGVQ4S2BHBEMQ;Shankar kumar
6147;AGQKQGF2M565PCZ2RPUYM7HIWH3Q;MANOHAR MALTHANE
6148;AGQKV65KDMYKBD6ZQTXSQ74VID4A;Amazon Customer
6149;AGQL4UZV6XLH5QKBJPXX5F2SVRDQ;AS
6150;AGQMHEOMID4JPWI362AEVAFIAM3A;Krrish kumar
6151;AGQMPE5Y62H4ALYMCMPV5J25BOGA;uday vir
6152;AGQMPOU46LE2C4Q5COR7RRACQZ7A;venkatesh.R
6153;AGQMTHUQSTGTZAMDFWDNAUTLQN4Q;Ravinder
6154;AGQNPJPVAIIWZMD7X5LKPA7WMQDQ;Sharon Murmoo
6155;AGQNVTJBYS6YFCNDPYBR3HDTR3AA;Dr akank
6156;AGQNWKU6Y4KUJ5VINPKC7UGSMCFQ;Aaradhya Shandilya
6157;AGQOIAAECVPLYNBEMZOCS6GKZWDA;Reetu Solanki
6158;AGQOVXQC5VY3JBAEXPKC3JWPFPQA;Naveen Srichand
6159;AGQPAKYDQNK56M5SRVNDN4XOEDKQ;Vikash Kumar
6160;AGQQ5W4LCISBHXT54SYYCIS75C2Q;Lovely
6161;AGQQ5YMVO337YAMQZFRARULONQ5Q;Maneesh Mathew
6162;AGQQKGDKYF7X7I4LCCCA52XMHQ7A;Yaqoob Raza
6163;AGQRMUQ4NGNWNHTYIPKAKIDKCFMQ;Shivi
6164;AGQS2PKNNCEBXCPSYKOO4I2DGZNQ;Amazon Customer
6165;AGQS7A3QE6JORKCGQ3K2J3Q7NOMQ;c d johnson rajakumar
6166;AGQT36ICAXRXAG4IXZUULJZIH4XQ;Rashmi Joshi
6167;AGQT4P6WELGHERB6AFDUWH22AZJQ;sekh
6168;AGQTOEYC5PUD7R5RGXHRNFQ3BFMQ;Baldev Dudani
6169;AGQTTQWEOQLPO3PV6XEDCWZHVFNQ;Dr. R.
6170;AGQUCM3GAU6HWOILIQRBR73AAR6A;Ashutosh Bhagwat
6171;AGQUDHVCMBW7DYS2HT5HA3QCZIEA;Danny
6172;AGQUWP2W5FVCMMXE3TITGSKHVW7Q;Vikas malakar
6173;AGQVEI5FN545VZMNGYRR752JCSUA;Manoj Nagabhairu
6174;AGQVKQZEHDMHVKFJPOKCEL2AXYAQ;Bhagwan Khobragade
6175;AGQWMX7SUHHGX32GDU3UFQOZJ7RQ;Abdul mateen
6176;AGQWUC553PFV7YGNWOJPLCHRBIVA;Aniruddha Mahamuni
6177;AGQWWZTXBNKQCTJHEYL7R7U54SHQ;Harry Thakur
6178;AGQXGHRFNHL3Q7C3YGA7SESRJBRQ;Sornnaluxmi
6179;AGQXKHGGT3Y6QOCEULP2LJ44Y3PA;Mehar Bano
6180;AGQXUBN7LJR2F4IMZYO6PGOAG3DQ;Srini
6181;AGQYGAK76B74HUWOOUOFTXH2LAZA;Sagar Yadav
6182;AGQYTSKE2UBYARZYRBADQMX6BJPQ;Vinod Gahlot
6183;AGQYUHMAVORZ45B7TLMP7IN6ZXOA;Revansidha k.
6184;AGQYWUEUFKLJUS25GTEV25GOXZUQ;Amazon Customer
6185;AGQYXIT75Q6ETXCF6C254IQEWDJQ;Dinesh
6186;AGQYYL7HPZZCZQXA3ZV66J6RXZTA;Tharun Sharma
6187;AGQYYNEUBQWWEQBNYIUC53RFACNA;Vipul Hulekal
6188;AGQYZLWPXBTZCFFSJ7N4E5MU6FQA;Amazon Customer
6189;AGQZ46RQ5YJFVCSGI4BJGNXB7DZA;vipul agnihotri
6190;AGQZQ2BXDDXY6D5K7HZF4CFSSZ6A;Sameer
6191;AGR2F7Q2IMX7SXVQ3FE6EKNYPPJA;Aswin Thomas
6192;AGR33RA3JZDOYDL7SJBWTHYKLZHA;Balamurugan
6193;AGR543LEUIM5C7Q3GENHOCAPGEEA;Anupam
6194;AGR5UFKJIRRJ65QH7LAQ3OVUM56A;Kunal b.
6195;AGR6MSMT6NDHTYUYWIF25PIVEEQQ;Balasanjay
6196;AGR6UE4GCJKWO64UOIRUNFUGTL7A;Amazon Customer
6197;AGR7UFLFQ3KUH7644ARDPSSYAZ2Q;Nipurn Ruhela
6198;AGR7ZWKS6IANTUZJ26FNMG74IUOA;Maneesh
6199;AGRA45O5QGXARH6WCZBOIHOCESJA;Somu
6200;AGRAAUFFZVW3L5L4MV65HRI63NPA;Liliput99
6201;AGRACQ6KUYCYWALI5HNKD5QLJ25A;Amazon Customer
6202;AGRAJW47BFWMQE426JX6TR2BCELQ;Bala Mahesh Yadav Thotakura
6203;AGRAVGG6YRUYTGZDEFZUUNUQO2MA;Saurabh das
6204;AGRB3PSBBGROCDVUZ4T5NQCFGULA;Shubham Tiwari
6205;AGRBDMHDBF2KXPBPF4S5PAVY3NYQ;pratyush
6206;AGRDQEDZJUKOFPT4HQ6JNPP7PXYQ;Bhawna
6207;AGRDTPMUHWAPVCLIT32C7WW2V6JA;SUBODH RAJ M S
6208;AGREMFD5IKQE5NK2YCOQ4XNUTUDQ;Vikas Kushwaha
6209;AGRESPYD37LHSEATHKCG4ED3A6SQ;Anand Nishad
6210;AGREWD4V5XIIO7ZZSLOOF5PPW4RA;Tinu Ravi Abraham
6211;AGRF7QVYGI7QVV6BKP6POB3OLT3Q;Rakesh Gupta
6212;AGRFG6LVUVOX5TDHEZULKHHKYK3Q;Amazon Customer
6213;AGRFU2E5332IPYIHMDTNR5CLRAFQ;Chitti Trinadha Rao
6214;AGRGAYQYSNND6OH2E5YMILNQLBBQ;Ajit Roy
6215;AGRGIE4WRRX3CUQLN2RJDIJE3HSQ;f1rstmehul
6216;AGRGJTMI3RMO44FRRNDFQCML32BQ;Avik Bandyopadhyay
6217;AGRGKOV4SZL6UI3OMEMDQKJUOMWA;Amazon Customer
6218;AGRGLAA6BU4VXMEYJWIDRM5WLNMQ;Ranjeet S.
6219;AGRH5LRSEB7REHEO2KY6RSZYERTA;Jithin
6220;AGRHECE4JDSOZKHEAH5YNWV6YNKQ;Ravi
6221;AGRI64OJMOPQH24IHN2A5IB6LQAQ;Vinay Sharma
6222;AGRIBJTFIAXNL5IDSUIDXLUE6I5Q;HARI.M
6223;AGRIGBJGBMM4HDFVZRSR6KNFCZQA;Nigen das
6224;AGRJV53VRADLDOF7VTZ75QXG7Q6Q;Rishu
6225;AGRJZJKWKIE573KM5FWPOH4F7YCA;Amazon Customer
6226;AGRKUDIXVSUQBXB2VMMCZZZ7QPPA;MaGe
6227;AGRLDCPA7VJZZTV4GUIODVQ3DTHA;Rahul Pandita
6228;AGRLRL4UJ4K36QPX6NY4X5ZETZEA;Shakil A.
6229;AGRLV5DOERPIHD7M2T4BROBCH5BA;Niranjana
6230;AGRLWIEF6OTIY3HBUUQOGQN26K6Q;Nikhil Roshan
6231;AGRMA5YXQJV53ZJHIRAIZTBPJ6DQ;Vinoth
6232;AGRNDHBTVELBY3ITNVNRK5J5Z6HQ;Renji
6233;AGROCLIEK7CWB7EN6KEGYI3OV6AQ;Sandeep Sharma
6234;AGRQAZ4YPQE4JGYOYPWSYCYOLQPA;Neeraj Ram rakhyani
6235;AGRQVHEZZHU5EBW2ZF254W4VTNYA;Saksham Gaba
6236;AGRR24ZLDUPIJY24ZNQ6KIOYPY4A;Anas CA
6237;AGRR4GPFNWDS7BAR4XXDSLRWHS7Q;Keshav Rana
6238;AGRR6GRZAAPRWPGGLWWM6CDWN7RA;Ayush M.
6239;AGRREQL2U4HCQ6K7METWAYVM355Q;Asif Awaara
6240;AGRRZMYNQM2QIJEBJO3W773FCOLA;Ashish Singh
6241;AGRSBPMGH7TCQPCZ7XD7GLEJ7NBQ;Bond 007
6242;AGRSF3JCWR3L4M2GULFI4A4KCZKA;Nilanko Halder
6243;AGRSOPDTA7U5B4WO5BHUCRZI5KRQ;Viswa Teja
6244;AGRT55DXEGF2EOL63HOKKKBB2KFA;RADHA krishanan
6245;AGRTR5T37N7NSBIH253DULSBE3VA;Amaan
6246;AGRTZW7IHUHHMDKJXOAW5EMVUGTQ;Martin Alex Soares
6247;AGRV2QBB6JEZZOFFU2SXQ6MD4FKQ;Bhathresh
6248;AGRVCQ36H2PTAYD7UXHK4NEGENYQ;Pramesh969
6249;AGRVINWECNY7323CWFXZYYIZOFTQ;Rajesh k.
6250;AGRWOS52HI6TPUBXFRJUH3M4Q6DQ;Vaibhav Sharma
6251;AGRWWPE6U7HMEWIKZ6GAN2FY2SBA;Lomish Kumar
6252;AGRXFT44MBP4EAAKW4AUMJ43HASA;vedantika
6253;AGRZAB2LJP4QQYHXKK3B7UW6YF2Q;Nishan singha Roy
6254;AGRZD6CHLCUNOLMMIMIHUCG7PIFA;Anindya Pramanik
6255;AGRZFB35TUXB4ZWLVYPPBUN5YNUQ;Birendra Kr. Saha
6256;AGRZTDPR7I75A5V36SYCPXIXHI5Q;Placeholder
6257;AGRZWZVM4SAPRBTOALQBUR6N6WQA;Ankit raj
6258;AGS22KKIZJIISSOCL3BTJ75RG4HA;Nathan
6259;AGS23EI6FG7FXH3XR4HGYLJF5UAA;Rupesh
6260;AGS2SGI5ZQ3VU6CQCOHCNJ33XQRQ;Ramanjaneyulu
6261;AGS2YBMKNMGOX72U5CWAN4H4IKEA;janardhanan.s
6262;AGS35GMYV4YBWSINMHG7KX6VCX5A;prakash
6263;AGS3GOEZIOT6QABCS7GSKSRF6ZOA;Arup Datta
6264;AGS3WLGMF7WWDCLGJSVULWUNPLFQ;hariharan
6265;AGS3YC22FW2PCSH3I7ODDXETZ6BA;Devendu Sawant
6266;AGS4LZEEXWBXM5YCLRHDMZFDHVXQ;paras jamkar
6267;AGS4ODHNPY3TQGAIJFDY4I33URHA;Tengop
6268;AGS4PLUFYAXTS4Y7Y4Q6ZT37BYHA;Samarjeet kaur
6269;AGS63O4GCQFZH37FU25M656C7BJQ;sharmila cynthus
6270;AGS6JTKZGW3L2TCNL3ERIOHLMCGQ;Jay Mishra
6271;AGS6NNHGXGDDXIK4A2KFIXOO3A4Q;Md Ramiz Raja
6272;AGS74K5IWCYY7PLGQZR7KGVOPCYA;Nidhi
6273;AGS7F3T2TCPZLLH6EIC7FAFKKCPQ;Blush Bunny Organics
6274;AGSA2QU7S2ACENHUDHPQBHRZTIHQ;Raghvi
6275;AGSA37ZLXWHMSL74K3NMUHKGHWXA;Abishek kb
6276;AGSAHTWECW2CLZXM5NWAEUDBU6OQ;Shivi
6277;AGSB7TRZSONDCRCQI6SC3NVWFQPA;Monesh patidar
6278;AGSBLSMYBGR27VKHLCERTQ4SXJQQ;Bickram B.
6279;AGSBNTGWSEIU7PSDD3BDPKZ2K3CQ;Amazon Customer
6280;AGSBS2YJLL456NQVC5B5QZPUJTJQ;sudhir ranjan
6281;AGSBUA7UPDYWRK4QEA22TGZKGKWA;Shashikant
6282;AGSBWPW6GDRHH4Q5IAVAJPG3IRQA;Denzil
6283;AGSD4DN7SI3JW6IO3LB7IR5CL4NA;Sandeep Kumar Yadav
6284;AGSDBEOHKXCL3WBEIN5VEZK4JY4A;Indrajit Sarkar
6285;AGSDGCCAX3E4CZSREKNHJSIKKYWA;Varun
6286;AGSDISZT2Q56EHH3RWMSELFMI2AA;A. Kumar.
6287;AGSEKYY3BOZSIPCZ3LHAML2SOC4A;Thambaa
6288;AGSEMC5UI32EZO6GAW4KKT5OVMOQ;Ravindra Sistu
6289;AGSEYUOK3UHZTWI44ZDFKIDSWZYQ;Reshma Chandwani
6290;AGSFXC44XWRFJ4D5NXQWDP6EC2PQ;Amazon Customer
6291;AGSFY2HVKGNNWGDB3JVE3ILC6CCA;vasantha Lakshmi
6292;AGSG3TQTQT32FRNXOONXQ4YWXM3A;Sunil
6293;AGSGSRTEZBQY64WO2HKQTV7TWFSA;Birendra ku Dash
6294;AGSGVTPC7VEW2IQVST3XMCNBZCDQ;GrK
6295;AGSHCIHX3V7HS6F6W2XTBOYFX5WQ;mohit goyal
6296;AGSJ3NH4VK35QJ2R3SIOG6PPP4LA;DEEP KUMAR V S
6297;AGSJ57EXX26AKQIQRG2I54BSZPPA;Abhijith Nair
6298;AGSJ64KS4SFGZOJTR4TWAMQHNTIQ;Sunil Singh
6299;AGSJBU7AZR5BNW5HGXFDNH76SNWQ;Rahul
6300;AGSJLPK6HU2FB4HII64NQ3OYFFFA;Amazon Customer
6301;AGSJPBY7DN7SSADF42CAXHTGNKWA;suhel basha
6302;AGSJW5TCLJEKW4HAJAA4XRRNDAWQ;Mathew Jibin
6303;AGSKNL5Y5BXTBFEM26LRS26MC32A;Dhruvish
6304;AGSMAA22LXXQD6VGCO3X5MMAT4RA;Ramgopal sharma
6305;AGSMGWHNRQAZOOIPF7UOSNBQDNIQ;umamaheswaran
6306;AGSMOEVIV64A236CLW3B5JHPYQIA;MANIK SK
6307;AGSMSIDW4O7QLQGWYZQQMDHWGR4Q;Priyanka Mukherjee
6308;AGSMYUPKP2KNRQPZ2URY75DV7OYQ;antony93
6309;AGSNTULCKL7K3VTGVWZZ2LFC5MWQ;vahida
6310;AGSODW32ZSTEY4AMCL24COIXUV5A;Yash Patodi
6311;AGSOOGPVVNTJXHSJK7FBA7ZJHIHQ;Sumit G.
6312;AGSOQRGXBG47F35QN7GIZU6WKZ6A;9640185788
6313;AGSOXL3BMIL55ANW7OYCFRBWUGEQ;Amazon Customer
6314;AGSP27IDVRXVVRJOLLTCIXFFIOTQ;padmaprasaad
6315;AGSPAJCL6J6YDXIAPE76RI7HR5AA;varshini Mani
6316;AGSQMFOIENJJKSUCLBBILKW2Y3SQ;Sivanath
6317;AGSRZEXRM6LPZRFZNPWPTJR52PWQ;Gopika
6318;AGSSGQZGH7RKLPAP2JFZ44PHAWDA;Vijay sharma
6319;AGSV37DJ5QTUYOXFJNPD4W7GXVFA;Saurabh Aggarwal
6320;AGSVOGYYWRHJDZKU3MCFFYIPEVWQ;AVINEESH
6321;AGSVPPCUSENUIYUPBIHKEYIG2NCQ;Monesh
6322;AGSWWTQ32THQ7XJUQ5QWNW6JXGDQ;Ramkumar
6323;AGSXMG2VUWYJ37O2V2GTTXLBETQA;PESI MEHTA
6324;AGSY42AHUKI5KGZBZU3SAGJBWHQQ;LAKSHMIREDDY P
6325;AGSYEEI6BBNNWJDYAHK22EYCPKQQ;Abhishek Kumar Singh
6326;AGSYXGAGS3QPCXMCULCHPZHVZY3A;Rajesh singha
6327;AGSZBM525VC5PTNWEZC6I5CTH66Q;Edwin axel
6328;AGSZKOHJZVCRZGZDDCDPNSHZLOOQ;Deepak T.
6329;AGSZW5C5GBRQXPA2MZ5XNZ7LCRQA;Ravi
6330;AGT25A2JUMFSTJ6FK7AJZIFRHRIA;Spidey Rage
6331;AGT2DMEHAZSUBARHBTHUFBCJYBPA;GAURAV SINGH
6332;AGT2HSAHUC2KL5P2RL657BNZW3EQ;Azarudeen
6333;AGT2K7XLOKTPWOWG32DBORMMK4AQ;Kiran HG
6334;AGT2U62GEVEA2CAXYALEPKOKBLAQ;Willgo Green
6335;AGT4OV5ZEJELU6LGJ3SVHQBHUBYQ;Subham
6336;AGT4T2NBHXL5XVSRRCKSIGW7LDJA;HaPa
6337;AGT4TIXFKY7JZIUJPXHX2L7PDXJA;Amazon Customer
6338;AGT55L7XB6PFMNTDTRVHZTD6W4EQ;Lenkalapally raju
6339;AGT572FSHJL725535LQUNZXHTO2A;Hayat Ansari
6340;AGT57G75IGN5AEBU77WPGOUYZMVA;Shraddha
6341;AGT5DX567X2NQXMMIEMN3DPDQNSA;Umesh Bagul
6342;AGT6US6YWB52FSW73Z6GUN4YKLMA;Vaibhav G.
6343;AGT75OEHIEIVEH3WH3ARDJGVUM2Q;JYOTHI. N
6344;AGT7YYJVUC6ZHRKQHVUQZMDNLXEA;Sujitkumar Thorat
6345;AGTA4ISMM3QZ6LTUP63C4WIKPWMQ;Bhartendu Singh
6346;AGTAB4DQVASRJVC7NHMWVEIT3SMA;Sudheer
6347;AGTABZK5E6233ZGRJ6FKGLWNI53A;Bajeli
6348;AGTATACN5LUOY6XTHGLDJV2TV7JQ;Vicky kashyap
6349;AGTB6FEDSOBJNAVZSDSY73YUVTXQ;KIRAN KUMAR GUDLA
6350;AGTBGMKWQPUZJ2GA2XPICHD2VTKQ;Amazon Customer
6351;AGTBHBUUNNRIVUQ6YS2OGL37CTGA;Abhishek Shukla
6352;AGTBHLMFZBZYGUWZPZRHRJVZKZ3A;Ramjan khan
6353;AGTBOVMYG7TUOXA2KTDKPHKVOUIQ;Vinay Singh Kharayat
6354;AGTBYZOGBXCBMYG2AN7LT4WYRZRQ;Jagroop Singh
6355;AGTC2E3OIYPYGNKPF2XISDGZWZEA;shyam
6356;AGTC43ZF53CWD5YIEPDMGMDP22TQ;Mandar Barve
6357;AGTCJJ32K5W5TMGLW3ZYSCOMHWVA;KARAN
6358;AGTCKJGZ3Z6MWRYDZBR3BBJSFYZQ;Kirthivasan
6359;AGTDD34Y77OB36JNYQWQDN7MHECQ;श्रीPKजी
6360;AGTDS5KNVHNHIPGTYNC4NBE7HJSA;Chandu
6361;AGTDSNT2FKVYEPDPXAA673AIS44A;Divya
6362;AGTEW64WBNTZFGCWJFDWLOYQQXWA;Priyanka Kasare
6363;AGTGOOPKKZKNNZTJPIXAFO7MGBUQ;Lalit Patil
6364;AGTGQWRENDRGXQODOLIQNYKKMO5Q;Neetiraj
6365;AGTHWPE64RQMU36FU325T74CWXHA;Hassan Siddique
6366;AGTIGA6CWGOALBOCA5TMGUUDSPPQ;rajendra
6367;AGTIINLWR6VP2OSW5R25BYBG5HLQ;S.mohan
6368;AGTIJUTFLQK2XPPQ6CYRFIRIFB7A;Deepak chauhan
6369;AGTISTATRBDCRY35BAIENJ3YZLXQ;Pierre Francis
6370;AGTJ44UNO6K5X567YLQPYGN3TV4Q;Dharemesh K.
6371;AGTJ7HNPS6WJFXFLM7ZFLLVPUUZQ;Victoria
6372;AGTJB677H6GCY62RBG77CECPEAXQ;Sunil Tanwar
6373;AGTJV66YYDYUYNBXEY2LCR7M5O5A;Raju Gupta
6374;AGTM5FVKPGPRP7YEKY4F46BYLKAQ;jagdeep
6375;AGTM5VJF6YXWQ6RW4Q4OUT2OCX3Q;Santosh
6376;AGTN6JPEMBFO4TWE6KBORDHUBFLQ;Kalyan Matamarugu
6377;AGTO2SOXJTD3K6T7WPUHCT6SUMKA;Ramanasai Rupanagudi Venkata
6378;AGTOHOQW6ZML3FQTOVOB3G5VOIJQ;Amazon Customer
6379;AGTOUKATNU32FIJPOWKQKZKPPJ7Q;K Koshy.
6380;AGTOVX2YRYSUMZANWQSH2GLC4J5A;PG
6381;AGTPGCOUIYSGBEI4FNB5DBNZ3YSQ;SATISH RANJAN
6382;AGTPLNZTYUEFVBGKKKMV5O66LJIQ;deepa
6383;AGTPV3RAU44JP5BCX4LCQJD4WVLQ;RAJA PANDIAN
6384;AGTQADVKZIITNOSSU2VHYAEEZ7WQ;Amazon Customer
6385;AGTQRL452KSW2S3HBDH75PIC4F2Q;nithin
6386;AGTRZOFOV7NAURFMATSD2LXQ3ULQ;Harika
6387;AGTTKLYUVR5XG4LXI6QWACQJJKRA;Ranjan
6388;AGTTU64JMX722LYCN3SOWLFPKPAQ;Anu
6389;AGTVC53G6H2H6XPYPMPKWPVMEYNQ;E R
6390;AGTVGGF42U3KPHT3BTNHNX73XSVQ;Ankit maurya
6391;AGTW4HJCRU3PV3RWFQZ3OY7A6FLQ;panchal
6392;AGTWAL33XMDTWFE7KCCBAPV4HHEA;Mohd Kaif
6393;AGTWEFLTCAACRA263SPI5GJ3RTAQ;Amazon Customer
6394;AGTWEVGMY74N5L7YFLZQTHAA3IOQ;Jaseel
6395;AGTXMLVIUZKUII7RXIDLLIN4TLZA;Godfrey Mathais
6396;AGTYFIQ3EIVLCEU4GJXBMWRBWDTQ;Rajat Biswas
6397;AGTYNRS4BMV64TFKAWN5BGOC3RLQ;Anonymous
6398;AGU35SVLLAC34EAVBSRUVTK67DFA;Anurag s.
6399;AGU3BBQ2V2DDAMOAKGFAWDDQ6QHA;Kunal
6400;AGU3XNDQ5OIFEYL6W7FGAB4QNOPA;Saurabh
6401;AGU43SQ6PXZIL5F5RIBYVGP2JK2A;Cijo George
6402;AGU4IMQTKDZTL6IFTDNG3D5CQO6A;Amazon Customer
6403;AGU4OVT7IYKSJIBKTMGCTB6DYUOA;Gerry B
6404;AGU4QDN3LU25GWIUH3PQUSSGODPQ;Srikrishna
6405;AGU4YJLPDKSSANW5PJMTKRAB4TYQ;Hemant Ghengat
6406;AGU6A55DL2E56WX7673GFMC6HEYQ;Aarif
6407;AGU6KMDRGVR2PUUQ63BWULHEYKJQ;Chandra sekhar sahoo
6408;AGU6LHFOEHAFE34ACLWETZLYPI6Q;Nageswar
6409;AGU6ZC6U27UDCAPG7KM7MPQF4OYQ;Rahul meja
6410;AGU76WKSU62DUNTPCMTC4FCUNRTQ;Actual user
6411;AGUAYQHARAKR2VZTRP276KAGETKQ;Priya
6412;AGUBBQWRKM3QWTTVHVOYM4IYMDFQ;aasim khan
6413;AGUCBTQJ5SB74KLB7QHID3VMEQHQ;Manav bhanderi
6414;AGUCURUVW2ZY4B5WL44GZABDZVJQ;Chandrika
6415;AGUDFIEXE7SNZX63QNMDTVSNXB3A;VIKRAM RAJAI
6416;AGUEJAHXS2LL652SUQTCM52FOZHQ;Patel kaushikbhai. S
6417;AGUESXLWNVQ34VUQZALEPPUM3FBA;Babu govindan
6418;AGUFGA3PLAEHPSQFXRBSE6LUTOIQ;San Note
6419;AGUFJYDE6UKS5WLQYUXYVT5OTWCQ;Shyam
6420;AGUFRJ5TPSUUBZBNRWHDRJV4VMQA;Amazon Customer
6421;AGUGVM4ITHDG6NIND6XEJSQA5O2Q;Debanjan
6422;AGUHDV5GZZQ53BGLNLV654IPDASQ;swanand pandit
6423;AGUHIAX34GIKOODYIJPF3WLC7D4Q;priyanka Gowda
6424;AGUHK5ZM4TY34VNG5TPPNM4XKBLQ;Srihare
6425;AGUHOLJYG2HCK2BYPUP7F5VH23GQ;Pranabesh Ganguli
6426;AGUHS3IE6FV6AU5UAXASB5FFMDZA;Amazon Customer
6427;AGUI6FOOCJNZ5DBLVZIZPGVHXQNQ;n.sundar
6428;AGUI6MJD5ETNXKOOO5NRK6I6PBDQ;Amazon Customer
6429;AGUIWK76DI7WDRB4G4MI43257QFQ;DEVENDER
6430;AGUJD7ONEYENBWZTZDMV2R5WUS5Q;Manish kumar
6431;AGUJDBWMYYACFUWP3CZ4GCHDS3EQ;Tushar Agarwal
6432;AGUJFMAHKPIMDPBVFWG3LBGVLF4Q;pushkraj_4_ever
6433;AGUJKURU5LKSDMIBLC2AYZHJZCHA;Amazon Customer
6434;AGUKIFBPQ5LFT3NFKXAMUVEYNSQQ;Aman
6435;AGUKWQ7OYGHXWZQYRBDSP2V77KDQ;kanishk
6436;AGUL3ZHFKXB2FHBKW6EMPCOZBV6A;KBK
6437;AGULFHMPCHCL32WCIP4GEGWFVZEQ;Mukund Nagvenkar
6438;AGULGNC3BZBAM5CYV3RDAIQXN6LQ;Khan Saab!
6439;AGULTXKCMQONHUHM6HIEJNVBTEOQ;Leela Parvathi Paluri
6440;AGUM6DLWGQ2LOM4MCKXEXKBXHXCQ;Amazon Customer
6441;AGUM74GIOX3I342NCGUFQLXBDFJQ;Greta Tigras
6442;AGUN5Y5M3I3FV5N22KYZUKPU46GA;manish kataria
6443;AGUNZGNJXOCN7LM2OWJY7ZH4EFHQ;madhab
6444;AGUO5ELH4U5ORQ4F4NYJQNZNTX3A;Chahat Goyal
6445;AGUO5HJBINPLO6XJKQ2PEMYWNJPA;gtnishanth
6446;AGUOJUMISWCWPU7XMVMFQJKZ6OKA;Amazon Customer
6447;AGUOSXCR3PDNC2K4X7O7QNRGPAWQ;Manoj Kumar
6448;AGUP3L3UQTAMC3O7ML4OKIQMZJGA;Nitendra Rohit
6449;AGUPGGFPP73O6INTDQ4RCOGZA2HQ;Anmol Saxena
6450;AGUPZJ4VI66F5L3GN2VT6QDZEAJQ;Uttam
6451;AGUQ2BDLQXF2QF3UR2CN6576AKIQ;Dominic X.
6452;AGUQ57PHU2MEG2BIYVXDH5WDDDZA;Ignatius Nayan D'Rozario
6453;AGUQMLMGMMN4NW2GDOV5LOH2LRLA;Vijaya
6454;AGUQMWXN662DIDUVJPAO45CEY22A;Amazon Customer
6455;AGUQYXAUPX5VOWYZTIWXMUIGVGCQ;Amazon Customer
6456;AGUR3CFYVZUMDJQIESKOIQOGV7AA;S.Suresh
6457;AGURD6PDFJNKIME6ZWOELPMKRYPA;Mahima & Company
6458;AGURDYN3ZRF6E6XBIP3E67PNKHKQ;Sathish
6459;AGURQUXEVAYTPSF26X64GZTYMTVA;aamtech2
6460;AGURV6CHVKSHPRM6VV4FSRY5NYKQ;BUNGA DINESH
6461;AGUSIMQLSTJXNHNX4OT5KEJZO2NQ;Akash
6462;AGUT3AOM4QV4CVXBGHHRMGYHB2IQ;surjeet
6463;AGUT6T75HH2Z5NKTDDIO2KKBG3QQ;Kamalakannan
6464;AGUTBT3QDFUJECX3SI4FAX647CZA;Dhruba Jyoti Das
6465;AGUTG6MZYET7MPUMPQXFLSNBEVUQ;Rajesh sharma
6466;AGUUHLF34AIEIOE5KULXXVWKBCMA;A Vase
6467;AGUUSD7JHIPMDKKGSONBKFQ4CQ4A;Amazon Customer
6468;AGUUT3CETO52AO4E5ZCNGSFGLEFQ;Ameya
6469;AGUV3QWPJUZF72A7TRV5XZLSRP2Q;Harsh Kumar
6470;AGUV5JDS7DN6OSZ2CENPDKWATUQQ;Jp
6471;AGUVJ34ZNNM5AYHUUPSW4LCMUQMQ;Jalaj Khajotia
6472;AGUVNZPD7JF3AK422LRYK6R5GOJA;Yashwantrao chavan
6473;AGUWLDNMRBUVBQTRLDFJOU7B67WQ;ashutosh malik
6474;AGUXZXNTCLWNP7Y5QA2KYEJLBMKA;Dhananjay Sevalkar
6475;AGUYRXOKNFIRS6UWEO2LW3R3SMPQ;Amit Kumar
6476;AGUZ3J4FHC3D4PBXVYJSJLCYLR6A;Amazo...n
6477;AGUZMT2E4HNC5VF25OWLAUF6KBGA;SunDeeP ChebrolU
6478;AGUZOTZKNVCVN57MFLCTCNCTDLCA;parth vishnubhai parmar
6479;AGUZQN2LWKQXLXBJO2NRTXGV7EUA;chetan kamerkar
6480;AGV22RRF7Z7DKGS3NVGKRNEVDPFA;SARATHRAJ
6481;AGV2QERVROHQ3E44IHQIUKCEEO3Q;Aadhityaa
6482;AGV3GKKLPFN2ILW3XZDNPUMFHNNQ;Mohsin shaikh
6483;AGV3IEFANZCKECFGUM42MRH5FNOA;Azhar JuMan
6484;AGV3XFWGIUXJHLG2TGMUOMPRHAFA;Dr. Gandharav Mehta
6485;AGV3YW3GZJTWUP4FC7UBOYRWEFUQ;ajay
6486;AGV4R2OFUZRBY6VWLPLJ42EQMBNQ;SANDESH P TYAGI
6487;AGV63VPYLUSZSWULWUIOXW446K3Q;rajaram kahar
6488;AGV66D5F6ULOSDAODDACCVNQ3V4Q;Vilas A.
6489;AGV6QTOYJLPJ64XHY7VR6NKFKHVA;S K THAKUR
6490;AGV7SFITZ2DQMTXD57LWEKIXHE6Q;manju
6491;AGVBFFFQVNSBYFKF5OKWVY4EPALA;Aakash
6492;AGVBLW36Z5EAOHMLSSU23UQMTUDQ;Rogin Cherian
6493;AGVCA4HKBU7PAZKLJRLLCKK3ZXBQ;Mohammad Kamran Ansari
6494;AGVCLAOUVKP6ZCUZFCPDPBYFYJKA;Abhishek
6495;AGVCOM3JOAPMV52YKVWPCTKFVWUQ;Revanth
6496;AGVCTA243VHAYH4RQKB4TVYSPC7Q;Ekambaram
6497;AGVD7QW2HRVYJ2J7LX4RXHRQKYWA;SANDEEP JOGLEKAR
6498;AGVEAOLFUM3KCYMH2CDHGD2NKGVA;Priyanshu deval
6499;AGVFCAHYGUUYGNODPT4TQQXTUGHQ;Swapnil
6500;AGVG3B4ICKXGMOKDYKEOWIAO7LSA;Amazon Customer
6501;AGVGHUTVQQMXT76XTN2CYSHDUJNA;Sailendra yadav
6502;AGVHA7GWJH65MLMZ6UEFQFPFEABA;Tester
6503;AGVHESKGY3VL6CHECT2G2NPFWYWQ;Aniket Ghole
6504;AGVIAQK2HQ47P7UVXHW2NBAEU7YQ;Anto RK
6505;AGVIQIEZRWOFT45FVFJS532GJDEA;Richard
6506;AGVIYVV3N3TOZTZRNB5W5LOM7P4A;Amazon Customer
6507;AGVIZXWQFUOANBYPMIQ6GY5XG2SA;Amazon Customer
6508;AGVJ4GQPFR3DJ4ZV4ZT6EXE3ZNUA;cherukusureshreddy
6509;AGVJBZTCRZYK3FIQ6QYZXUNPQ6AA;Aneesh Raizada
6510;AGVJCBYEOVBLWDFZ42IPRVYU25RQ;deepank Sonwal
6511;AGVJFS4QXURZUT34VBLXILIVA64A;Amazon Customer
6512;AGVJMKJLZZGBV7VOYJGQ2HZKELXQ;jesna j.
6513;AGVKCM3HYXDY24CDSPW7OCLKBY5Q;Ashish Pyasi
6514;AGVKIL6EHMVCD6XP4SLWUBJRWGAQ;saikat
6515;AGVKMZBRHV3SFV4YC5BYJPTXY6CQ;Nibin BN
6516;AGVKQNHNS7PQK63FIB6EVC5GUAMQ;Rabindra Kumar Das
6517;AGVL5OEMHGK4CGEHMHI4VGNF3LVA;Robert
6518;AGVLBEJH5PAT5HSTWGHSFXU5D5ZA;Supratim Banerjee
6519;AGVLQO56YOIYSE6RU3B634QL325Q;Jason
6520;AGVLSI7FTT3EPIOTOVO67VBQGQYQ;Subash
6521;AGVMPCT4JBSS73OFHXFO7ETF5DOQ;Amazon Customer
6522;AGVN2YMSW5XV3H7H2MLRNDINPITA;Sreenath
6523;AGVN4E6XEWZFGGBQRKLBDQDRJW4A;Amazon Customer
6524;AGVN72RV5N6W42CET3JY7ZP7JFXQ;Suseendran
6525;AGVNDZ4Y2VJXWYSIDOP4GXJYF5DQ;Chakraborty A.-7001953481
6526;AGVNPLKC3QPYKKS6K6WXYP4LCCAQ;Meena Murarka
6527;AGVNR5BV6PXJKH2OXB6HYQN5VJCQ;Sunil
6528;AGVNTYOKOFM4NNLYUW4PYVCGLBWQ;Athappan
6529;AGVOEUHI37YTWKDUKVJVBC3EEREQ;Ashish  kumar
6530;AGVONMMX6YJEEGSYPHCV2JQBJYSQ;Anshika Verma
6531;AGVOPDVJX5H5BXDGMWPRSWAJSJAQ;Vetri
6532;AGVOU7UYLUAX4S7LCOYNNEXUCD3Q;Sriram Ramanathan
6533;AGVPDZ73B6LF5BBIZ3YGX2WRGJ2Q;Vaishnavi Sonker
6534;AGVPR6MD63A3AKMWVSTGLXNYTXQQ;Rajesh
6535;AGVPWCMAHYQWJOQKMUJN4DW3KM5Q;Nehal Desai
6536;AGVR6CP2GL562CMMN3TJJDIBQKOA;Kundan
6537;AGVRXUM3GMUGSUDI2BCELQ5G3MRQ;Mitesh Thakur
6538;AGVSDTELCGKF3H54PJHYWO22MGFA;Goutam
6539;AGVSEPNAZEEDAMS3QS6KVA7XYXXA;Saurabh
6540;AGVT6QWGLKSYHR3YKRBKMUUSIXAA;utkarsh tripathi
6541;AGVTOMJQZYE44OZJMCZQTAQSHWHQ;Inspyra Technologies
6542;AGVTW4CSK4PNN4WGW6E2UYMIBA2Q;Harshit
6543;AGVUDFWDMNQD6KRLLMCRY5TPG27A;Hariom Agarwal
6544;AGVUE2NFN2MQEOQ4PR525B2ZI5PQ;Yashpreet Singh
6545;AGVUL37HNVQISEF42ENXXXXMDPRA;Placeholder
6546;AGVVBU3GUEICPISM53O6W5H4DZPQ;Rajesh K G
6547;AGVVJUVII5T3HT6O5F7YHQNOXCPA;Certified buyer
6548;AGVVZWV4QHKHNWI7FT3ENKKKBCHA;suyesh v.
6549;AGVWB5YTQZC7GAIV4PCCOFF2U27A;Aryan
6550;AGVWKWY3A3XF527UOPOYXAI7HD5A;Pramod Pandey
6551;AGVXOHPJT64ZRYKHIDKVJSJGK6CQ;Gnana Prasad Gopathi
6552;AGVZ57S4TZDMQTXR67SMTWQOOKRA;Anil More
6553;AGW2ESCSKYPOEDCQW2H3CYYA3QBQ;kishor kumar
6554;AGW2NIO4JHGF3E4YYX74PSRCAKOQ;PTS
6555;AGW3GPXDCYJJB5FMX6SOXTO7PKPQ;pritamsharma
6556;AGW3NGXVSGUB34Q5V6ACANURQMGQ;Placeholder
6557;AGW3S7WWJPRUQR3E5NM4WDXE2QNA;KULWINDER KUMAR
6558;AGW4JUROHW7KRFM5ZCC2JNH4PAXA;Dharmesh Soneta
6559;AGW6CYJRLVAP5TGYYDZ5CD4CTYXQ;Dhiraj Kumar Gupta
6560;AGW6QL436PWO4PTS75F4GYFM6TPQ;Amazon Customer
6561;AGW7EVQ7EY3BS4JCCXZ622IVSSSA;Lokesh
6562;AGWAYDRCPJOSWY4HN36O4426WURQ;Praburaj
6563;AGWB4RQND75EY257QYGB2MPW655Q;Subrata
6564;AGWBDFED7HKRTXHFQFNGFDN32GFA;Sheen Figeredo
6565;AGWC4Q23F4DQ6TOMY2OBPZUB3W3A;venkatesh
6566;AGWCBYRA3OJTMA3TUUUH2RKJPPTQ;VIJAY K.
6567;AGWCIDBY573QQIANSOTHVUOUHBMA;Tahir Ali
6568;AGWDATRMJQ4TWXQ5PRWFGTMMFWQA;Placeholder
6569;AGWE57ZFO2W7KE4W6DUUKGFDFS2A;SHIV MANGAL
6570;AGWEQHJSUA4YCG44RKCCKPFNHNYQ;Paras Jain
6571;AGWEZX7ZMZNEDPVTPFZIOKD3RUJQ;Sonika sharma
6572;AGWF4RTHPA35XFXCZZGOORF3KOTQ;Suman
6573;AGWFKE7RNP6EVC4JFLFSL76EEVVQ;Gowtham
6574;AGWG3P5XN6X6JHXKXXOK67JWZRXA;Aniruddha Shriwant
6575;AGWG6TUMPUSGJEUNI37AZRZETKPA;Raj prajapati
6576;AGWG7C2G2ZJXNJ5LWLAHESFT3JAQ;Indian Consumer
6577;AGWGB5WLNQZEBFOISXW562TNCKNQ;Anas
6578;AGWIGDEMFIIUAOXYY2QATNBSUGHA;amar singh chouhan
6579;AGWINPX6IU25IAPSX2FK5NO44NBA;Shikha
6580;AGWIRVRBLNDID5X4KTAFBTZU2U2A;Vivek
6581;AGWJ2WGTJWSGOVXK4FZTGLJO6LLA;Mr. Kamalakanta Nayak
6582;AGWJM4UXHNXL35HZ2RI6VJSH5KLQ;Amazon Customer
6583;AGWJU3WUQBDQYPSYAJSR3AKBLCOA;champalal
6584;AGWJWL3N6X3HBXK4SKRP6FWDSBGA;Dr  Abdul Hei
6585;AGWLDQYVEJM4TCX2OZILNDABY7UA;Ranvir Singh
6586;AGWO43ZNNSWNOSQOL4QQI2LZ3PIQ;Nikhil
6587;AGWO67H5CHGZF5AAAUAD5QQCZODQ;Meherunnesha Sarkar
6588;AGWOADYNA3ENWC5E2ZTCG44PPUVQ;Suprith
6589;AGWOH7CFDMUVW52NMZWQBKBNNQOA;Amazon Customer
6590;AGWQCZIF4W7MPCFGEWBBYGVWS22Q;SYED SHABEENA
6591;AGWQVVOQMKQDKPGOT66L7MEXJXIQ;Maninder S.
6592;AGWQXJIDWICZWNZWNO7SKP3YFEYQ;Vikas sharma
6593;AGWRDM5YZKAAJ46Y2NUJSMCFD2RQ;PK
6594;AGWRIXDLH7IBOX4O6L3MW66IJJPQ;Mudit Sobti
6595;AGWS7IVUSEUAAU7PS2FBIPJEDX3A;Satish Pasupuleti
6596;AGWS7K3SXNU4RJUBPYYEVO76HULQ;Pradeep
6597;AGWSJPW7AT2OTWNRZGKCMRT4TPYA;Ankit salunke AS
6598;AGWT3N6VGOTZTXX4EK53LSAV4JDQ;Aman Rizvi
6599;AGWTBZZLBB4NGTUCNSTQON62W2AQ;Manpreet Singh
6600;AGWTCY3ED5Q52QJACMXUFJ32UUGA;RM
6601;AGWTF5MKOLD3VVQUFRQEPN2F7TCQ;Amazon Customer
6602;AGWU3MU6IYK77TJSYT5UIOD2IC3A;Rajesh Kumar
6603;AGWU5ZFZCOMADUNNZLTRCGXDUXSQ;Reema Borborah
6604;AGWVF275SEYSCYQXQFO7KEL5AAQA;Hkpatel
6605;AGWVUW6YRWVQ3III5WXH7X4RE4DA;anoop tiwari
6606;AGWW4VSBX2UUCMM5VFMMRKV6I34A;kapil kumar sharma
6607;AGWW6QNDSOJD7QJMPIUX6ARHJNYQ;Usha
6608;AGWWAYI5PN6JJ6UDW7QGDYYH5LHQ;Govind Khatri
6609;AGWXCIC2IWWGNN5I4QTFMPSLSTHQ;V
6610;AGWXF7WOR6H5UC3A5PLXE3FXJQEA;rahul raghav
6611;AGWXGUALH6VESAYTZGWBZBUDTWFA;Amazon Customer
6612;AGWXKPC2SCHOJT4MMPDYBEP4WVCA;rathnakar
6613;AGWXSRHKVWHYZILFA5BDCT5XBCGA;Srinu😎
6614;AGWXUDJLYBQYBI5O7UHDK6QW7FYA;madhu AR
6615;AGWY7U4YUFFWBPLEIZ4YZWS3R6WA;Amazon Customer
6616;AGWYCIPKHZXJUZXRJ7EB4TAH6OVQ;Dr.Nirmal Singh
6617;AGWYUX5PXASNTNHQVVFV6P5QRFRQ;NADIA FATIMA
6618;AGX2PGENWLBTPLJJRL6EC4QZ6UBA;Anu
6619;AGX3GCRGFU4IHAJZRUP655EEGSQA;Sonic
6620;AGX3HZ6L74SP6BEBB3QT7GD2V6XQ;Parag Bhanushali
6621;AGX46OTZ7C4VDXH4UA7ZAZIZUMYQ;Sanjay P.
6622;AGX4D4PROUQBRLWAC6L2I7UQSC4A;Mayu
6623;AGX4KI4YQ2MBM4CMZEFHPLQBGPTA;MD Azhar
6624;AGX5ELLH3KJJ4CY2DJJOXDSOEI6Q;Deeps
6625;AGX5JLHABEDQENBZXYQGHW3ICZYA;Sandeep N.
6626;AGX65SCI23EJZDXFUWB2TMZSWM5Q;akash Gupta
6627;AGX67OWD4YQDA7GEIGCMB5DYUJZQ;Amazon Customer
6628;AGX6OXEPVDQPCMFUTJWCGPAWKMFQ;ASEESJOT kaur bhullar
6629;AGX75LWRUNOTPPS7R6LLOIMAWS6Q;Sahitya Bera
6630;AGX7Q447BYAOPUPJVHUBUYDFSEGA;SELVA velayutham
6631;AGXAFZHSGPYKI3IF3CUMM3FKCT3A;Rajeev K.
6632;AGXAO67Z7IZENINTB4FWJ53Y3V3Q;SuperSandy
6633;AGXBRUP77BK42TS3EE7MPBX2OBXQ;Kulveer Singh
6634;AGXCGSQGSXQLI2VYDZ4H77C6QCIA;Kumar
6635;AGXCRSJZ5RYOGMFVSLNRCILGSATQ;shreyas
6636;AGXCSQZYYIGXCSMQD7HKL67TZBRQ;Chhaya Singh
6637;AGXCVMSWE3C7GSLFIZZQAIPXK23A;Nupur Sharma
6638;AGXDNBVCES7HTOHR2K4UBUFUAI3A;vishwajeet kharade
6639;AGXE2OEXIRBIE4WCKGQYVF4ZY5OQ;Sthith
6640;AGXE6V4HYRRDGH33H3NE7PGF4D4Q;soma sekhar
6641;AGXGNV2SG2KY4LW4NEOUHYHRYMBA;Pankaj
6642;AGXGWVE46AD3MXJRAA75U5VYV4VA;Bhosale Techno Solution Pvt Ltd
6643;AGXGYUPGIFDGD6LPTVB2XVE7JWNA;Amit Shrivastava
6644;AGXITCDLYCTWJZOTV5ZF7ZR7O3MQ;Viren Dhamaskar
6645;AGXJ5BSSV5THYPGNS7GJJVFNOKKA;Piyush P Satpathy
6646;AGXJAYXZKJ6NCPSLX57MXJLQ3F6Q;nikhil
6647;AGXJHFAXB4ZBSYHCSJUOU6TBXBCA;mukesh j.
6648;AGXJMJ3ZVCCFNNCTGL4JX2FYEKWA;Naveen Kumar
6649;AGXKMOT2VJHSKVF2RGDS3WHGFBCA;Shiva
6650;AGXKXAGLG7HR6EMQAEEQBJNKAHBA;Mayank
6651;AGXLDDFUAUJIXQ5SZK2CKHJGCO4A;Sayandeep Sarkar
6652;AGXLM7AXU7V4W4OQ3VSKDHE5D3JQ;bharath
6653;AGXMURTR4IJKATZQ4COPQMXAWCVA;Bharathidasan N
6654;AGXNLZFFY7QM6ZYXUJ7VLPXH6DXQ;Aniket Kumar Ray
6655;AGXQ7FB3Q276VMKWFLEWL3T23SLQ;Mayank K.
6656;AGXQDXGZIHZGK6VZJAMINA4COD5Q;ARYAN RAWAT
6657;AGXRGH7DLS3RVFS5KWU4PGR3H3GQ;Gursewak Singh
6658;AGXRHQVYZUCT2IESEBL3JYAJ7ZNA;Richa
6659;AGXRKO2ZS34CPIT4HVKL4ZVP7UMA;PARTHA
6660;AGXSFZZKVHNWYTRTFYE3O766ZHVQ;Mohana
6661;AGXSNJ34NKC5WUWNLAPAUMTDOI2A;Kaushallya Devi
6662;AGXTHFOTWKYIA6ES5PVGEF2IHWFA;Amazon Customer
6663;AGXTMB2XHZBEWZ2UIX7ODZ4XTU6Q;V V GIRI KUMAR
6664;AGXUEOA6W6AVCPVYOUKJ7BDKV5BQ;Azraa
6665;AGXUG6UVU2G7J3OXP4REN3VZCE6Q;Faizur rehman
6666;AGXV2Y3T7XYMFK2FO267NVT45SAA;Prakash
6667;AGXV3SLRVNDIMF34OAZ3FYMCV7DQ;hufriya kavarana
6668;AGXW34DAO3AACVXOXNHT66PCBGQQ;Kishan Patel
6669;AGXW55NHIVVAHXW3IGM6BG6HA6OA;anbu
6670;AGXWSSAGJWT437I6SEHW2DBHPAUQ;Vani Prabha
6671;AGXXROFSXQ7UYFJ4SM2KRSY5GNUQ;Samir Shukla
6672;AGXY2N4QLW5M2KWTEAYKQSRBLOIQ;Abhilasha
6673;AGXYC7N7S7AW24G2FEFDFQ6YP7XQ;Anand Srivastava
6674;AGXYMK52TU4YHFTS64FNCTDPJENQ;Naman kumar
6675;AGXZDH5CDJHVZVCYA6555BIZIWTQ;manoj
6676;AGY3ZSD5TYCTKJVVU2CUU2QS7XXQ;Bhagaban badatiya
6677;AGY42TVO76MSDK66XDORRO3X3OMA;Arvind Chaturvedi
6678;AGY4ILCL5CCENO25T2FOKOESHJTQ;Sheetal
6679;AGY4IRMJHF35GY44YCTUVQAEIJ2Q;KANNAN P
6680;AGY53IR3MDK7TCQ5DULDJEGUB56A;Ravi Teja
6681;AGY545OCMI3P63JWXM4QMK7QXCIA;Naresh Kumar
6682;AGY5EGSNGK2VAYOXWLKHP5GX44YA;SUNIL KUMAR BHIKHA BHAI RATHOD
6683;AGY5MU7BF5S7NZ7H6FDZC7BM7PAA;Vamsi Mohan
6684;AGY5QPHPBISAP2NWFXQM6IUE2FSA;hariraj
6685;AGY65CCPYYWCF2YOPK5S66JDT7MQ;shikha abrao
6686;AGY65IJP7XREWO3GUDT46474CYKA;Amazon Customer
6687;AGY6MPTJJNB3OV4PE3HOOYXG6IXQ;NEEL SARSIJ
6688;AGY6OOO6NIXEY5CJIHB4LUUUQJLQ;Nithya
6689;AGY6ULRZMVHPJJPB2HEISF6GHD4Q;Sandeep Yadav
6690;AGY755OL4WDTREH2UHZOLN2MTP3Q;Rajesh verma
6691;AGY7KGVDNN7DDK5MP4CKRINLVGIA;Ankit Yadav
6692;AGY7TVIILTBSFMWBPYTIWLTOEZ2Q;AaaaBokkaLe
6693;AGY7ZX7WDDSGAZJBPPS3MCIL7U7A;Sunny Panchal
6694;AGYA2I3AYUSIYU7GXXETOJPVD4PQ;Chintan Shah
6695;AGYALNUKBTA6RNY7Z2SC3VH2JT2Q;shiv pratap singh
6696;AGYAPOCHJTBVSKV3GSONJ7VXL3PA;Shweta Bairagi
6697;AGYB2YEGULFOWJP6KAAK37LUEPBQ;Faris Tkd
6698;AGYBSDZV56GWQP7LHLWIBBYLJF4Q;Sankar Prasad Dutta
6699;AGYBSVPUK7GIFYY6JLCESDYEM4FA;Aarshay
6700;AGYBZE2DXTNOFDZSSKEMY5J3IWIA;sunil
6701;AGYE2FH2QXPNLL3DEMCGVQ3HCLDA;Meiyarasan
6702;AGYEIMSVEDOLA2OV3DIOGX2IMCBA;Karthik
6703;AGYEJRMI35FOWDV7JK76YPMMQDDQ;Gautam
6704;AGYELK56Z7JKZAKVNPGUEI4TGRUQ;yaeo verma
6705;AGYF2BCD5W756VOY2V5HJQCX4H4A;Kareti Naveen
6706;AGYFG44KAEEQOVYBQRJHPVD32R2A;Ajay Tripathi
6707;AGYFSXQSHFHYAB4GM2SRCFCQBFQA;gaurav chikhale
6708;AGYG6IP3252GADX6BGGRZFNJGN2Q;sumit kumar
6709;AGYGJLVA3D5IZCPCTZ2TRLD7FMPQ;Priyanka
6710;AGYGPHX5U4GJVA3MHCWSGZIHBMFQ;Sahil Gupta
6711;AGYH5QJAFM2JTPYPHRVG23I23RZQ;Amazon Customer
6712;AGYH7DGFYWVOZIPJG4JTAWZPZ7RQ;krish
6713;AGYHHIERNXKA6P5T7CZLXKVPT7IQ;S.Sayeed Ahmed
6714;AGYHKR66NKJAPKDC55IEHLPVQBHQ;Khaja Jabbar Ahmed
6715;AGYI2ZNVO366FOQR4EPOZRQFKZHA;Bhavesh
6716;AGYJ6QNPZV2B6GT2AC4MVSENRPQQ;dgp raju
6717;AGYJCHWOAP3BOVRZTI4X2BDJVMVA;Chandni
6718;AGYJWE5KU7LQVHHG3UBK4DGPWP5A;Srikkanth
6719;AGYKT5FSJDBCXWNU74MA2M4OGXKA;Santosh Bharathan
6720;AGYKZQYHVADBHYAL7U5P7F4KSRBQ;Aadesh
6721;AGYLMTMZXZPP2XBWQQFJRGJBCAMA;santosh
6722;AGYLPG3HSE4P53V3EB3MKLQ7KLTQ;Amol G.
6723;AGYLPKPZHVYKKZHOTHCTYVEDAJ4A;Tanya
6724;AGYLQ6KMOYG2N4U5GNYARX2MBB4Q;Dharmender Sharma
6725;AGYLUDT2Y6QD57KAHL42FFNYRVXQ;AmazonCustomer
6726;AGYM2FPHHKUVNPT2XIIYYCELGB7A;Andrew Watson
6727;AGYNRF4LKWIYRL2EOCVDINQ62RAQ;Manoj Yadav
6728;AGYNRGEH26Z7PFCEBRVWTJ6RZ4PA;manisha
6729;AGYOCAXRDRTOABD7L7HRINORYK6A;Manoj
6730;AGYOEKFFNLWV5GJKLZ2OLGTI5P4A;Arnab Kar
6731;AGYOOAFQSB2ESYS42MNEKUCHNQGA;Joga sampath Kumar
6732;AGYPIE5BICV44WEEEPJVEFQOCJSQ;Kaneez noori
6733;AGYPPUPGC6R6YHQ34BXG47EF27SQ;Amol Sangolkar
6734;AGYPRRDBRPAJTRKZM23GNNMLG4DA;Amazon Customer
6735;AGYPVBWZGS5N6B4LBSHETPVHMKUQ;Sweta B.
6736;AGYRHFW4K32QEH7TATXEH565CBZA;Roy b s
6737;AGYRJKVCDHOZSCEBLMMF6TJOABGQ;Amazon Customer
6738;AGYRWNDZCQ4RHAQ6YZIBCQDFMH7Q;Dr. Gilbert Ignat
6739;AGYRZSILDP3KYP7AYCCKCJPHTHMA;M M Singh
6740;AGYS2OMZE7DCEFQOBUJ7OSMPG3DQ;Kanwar Singh
6741;AGYSMAC6V6RFJJOHG2FIRPOZ6CSQ;VISHAL H BADSHE
6742;AGYSVNZMQT5LOVKHSCYDE7OAPKVA;Amazon Customer
6743;AGYT72RKZLBSL7IRSVJXQNKHJOKQ;chandran
6744;AGYTCTSUZJJZTK2XVADTQI5MYUFQ;Bipin
6745;AGYTFOW77SU6CYA7L2ID3IYBWMLA;Hem
6746;AGYTNS7EN2WZ2WQGLKN74NA75PNA;shivam
6747;AGYTSAUTXMOPROERNJPXNEB2XWNQ;Vihari
6748;AGYUFQB6WUOMBYRLWNULRLC4GQ3A;ajaydreamer
6749;AGYUFUC4EKXTZHF4CFVTKB3T7OUA;subbarao
6750;AGYUHTEK4JFB4XX5QUITAD2DWWXA;anil lokal
6751;AGYUMZDNBIOODZYCN4GHMJ3F44VA;Gopinath
6752;AGYURQ3476BNT4D2O46THXEUY3SA;Khushboo
6753;AGYVTXWWOOWXGPOCDER3AH6ZTTSA;Yogesh kumar verma
6754;AGYVZCXMAA6OB3UGJXCUBQCQCYRQ;Vipin
6755;AGYWGDEV2VA2GXFIOTTX545DCUMQ;Sajan
6756;AGYWHZWIYFALU2AID2QZTYWDVXHQ;Amazon Customer
6757;AGYWLAKGGNH4OP5G5WPNQUJWLVPQ;seema
6758;AGYWNEMMI425KXXTZCVB7FOQBWNA;Shravan patel
6759;AGYWUI23AWDZSGA66PMAUJ4LJWTA;Abhishek Kumar
6760;AGYWWYHWWVCHRHGGPXCY2L5IDBRA;Vishal sharma
6761;AGYX7IY6ZHCU2J6DXRW5SN6LGEVA;Anku kumar
6762;AGYXHQWJMEIVGPFSNUOON3CFXN4A;Amar  Thapa
6763;AGYYGL7JDT7YHKFH7HKAQH5DPBFQ;Izhar Aazmi
6764;AGYYINJ6VW75W5MDDPE6PJR2QPUA;Maulik
6765;AGYYQY3SON5Q4UBPM5NWXQSSLCIA;sanjib behera
6766;AGYYUWOUJKKTMI5CXTJHL6S5YKXQ;Varun Dubey
6767;AGYYVPDD7YG7FYNBXNGXZJT525AQ;Nirbhay kumar
6768;AGYZOVT6JVQNGFJ2WL62EMZ2Q6XQ;Parvathi M.K
6769;AGZ2G6SOXDGP7M5FUNMQZHSBJVHQ;Hidam rosan singh
6770;AGZ2OFZQWKMUV5RUP367QIUEDFWQ;Melvyn lobo
6771;AGZ325HAAV233447G6SUIVBMMMAA;Amazon Customer
6772;AGZ3OTE7V74KVKLKR3PS2YSCM5QQ;Pradeep Pal Singh
6773;AGZ4IHSUMB233GB7DKCBY2RVARRA;SHUKDEB P.
6774;AGZ54F47MOFAEMWXXR76OUBC75SQ;Suriya
6775;AGZ55KFBZ6HLW5UIQBEPIBBND6GQ;Kalpesh Rampariya
6776;AGZ626GSSJDOAEJZAPBMENWXFR4Q;Dhanesh
6777;AGZ65RFJNJ2KCHAFLG7G6O5NTBCQ;Vineetg
6778;AGZ6A52CLFHFAYPVVQ2S2UDBKVYQ;Rao
6779;AGZ76IWC3MJLV3HOEA5SWYXOO4CQ;SUNDEEP KUMAR SHARMA
6780;AGZA77NZOFDILVEQM2OA4JCW6YAQ;siddharth
6781;AGZAT3N2CULLOY47CAPOZIZ4IWEQ;BANDARU SAIDULU
6782;AGZBGKOW4VXFSEF7XEZVSQ64QYPA;Osama Ahmad
6783;AGZCT4OEKDRBQMYDVQBVFUMHKU2Q;Sachin Aggarwal
6784;AGZCXPBXKXIEQTY4AH7KM6OPQW3Q;Amazonnig
6785;AGZD3RPRHHX2DKW6TEB65JLH5S5A;Jeeshan
6786;AGZDR3Y6MNTBZRSP754LCZGHCLPQ;Deepak Sharma
6787;AGZE52HWESBYEHQE7ZWVG6MIUTBA;Amazon Customer
6788;AGZEBZMUHSRT37TWDJQAIFK7R7NQ;Simranjeet Singh
6789;AGZFM5HJWJ6EYQ5AKAXM22NAPRLQ;Jitendra padhi
6790;AGZFPOD265HIFGO55KLY54L2IWQA;Rajesh
6791;AGZG456A7LZTCMX4PFFQJDOOAHTA;Vaishnavi
6792;AGZGGK6OUCCSLXO34PHT72EFVDQA;anil-kumar
6793;AGZGIO6G2BKPLG4SN6O4ZRQOA54Q;Anonymous
6794;AGZIS7T3EPMSPXWTCFAMAOA5Z6UQ;Venkataramana Chalamalasetty
6795;AGZJ7DR6QX66HBTFZ4IRO5RGM6VA;Shefaz
6796;AGZJITIDEQNYDGVCPZDNXLBYDYYA;Anjeela
6797;AGZK3EYB72FFZWRS77DCYORIIZZQ;krishna
6798;AGZLCVRZYQW3ADFS7GYJVKYQFE5Q;Amazon Customer
6799;AGZLLIPSQAYH3KIKTP6FY5OERQDQ;Placeholder
6800;AGZMM56YS4MIVU5GTMUXWREFS7PA;Ajayaraman
6801;AGZN422FGG7JO3T5YY6IVUELOODA;Mimsy
6802;AGZNOQWZ5NBBOPJYUSKJSY3QDHWA;PRIYESH
6803;AGZNR56VGSBVUSPZ7ACSMX3FFFPA;Dr. Ngemu
6804;AGZNXVDF65JCLJDZWWFVCR6TRSZA;Sangita
6805;AGZOJCTR6UIB4LRZ4Y7HTXOXSKVA;Sarathi
6806;AGZOQA4S3KYQ5XWA2NNCVAPL5NAQ;Jitendra Prajapati
6807;AGZPAEOZFLFBCYQLIKZGSERRSPIA;Deepak
6808;AGZPAK4OR644KR7HVTAGM2SKWXOA;Amazon Consumer
6809;AGZPN7K6DUABDZNR6UPOWFJ2ISYQ;Priyabrata Praharaj
6810;AGZPS6UBMMPBTMNAETWPQEHSXKYA;Prabha S.
6811;AGZQ2GV6RFFSGSEEGZCEA55XSYKQ;Kushagra Jain
6812;AGZQCU7SW5KKYPSR376PM6UUQDAQ;O' Hansda
6813;AGZRENIZWCVXGLGXBQR4KWQZK6AA;Raja
6814;AGZRJIMJCQUUHZG34JSIL5PSXGTA;KNReddy
6815;AGZRM2RWS4THP5KLEQGH6NRPQTDA;Lokesh Shukla
6816;AGZSGTXSS3U5JRRIRFWBTC7N37VQ;Sanjiv Suhas gogate
6817;AGZT23MB5BA7JK74E4NOOJEWQVAQ;yogesh kumar
6818;AGZT5FACORYIGQP6G2H2CS6HEMTQ;karthikeyan
6819;AGZT5PONY6EVMJE2FLZV6WDQJ4FA;Kat
6820;AGZTCSTDWS2RORRSXFGJ4BP6UXXQ;Cyril George
6821;AGZTEQUP744MNZ7EOTLOHQSA6CWA;Sreenadh Raveendran
6822;AGZTN3YNM6RFDCZY5JPZYULSKWNQ;Shubham Kumar
6823;AGZU6C2XL3X2B4NEWLQJDSJ75QGA;Prashant Pradhan
6824;AGZUR76DGC2434JZIPVNBWTDRIKQ;Habs
6825;AGZUZBCBSRL4HEUJ2ESEQI6UQAKA;Himanshu Yogi
6826;AGZV3QEQWGL37PYNL6FF2FV25Z7A;Radhika Arumugam
6827;AGZWO6D4BGO7B4PZ57VBFVKYARIQ;Prerana Wagle
6828;AGZXI6YFQBL7Y6ZH4JOLRETHVDYQ;Mahender singh
6829;AGZYDFV5X762ARBCKH3CXTG4QUTA;Sweta
6830;AGZYICOVCDNGVWXHJCDF63UTU7FA;Rajesh
6831;AH227Z3F4JYYTDOQOAYSZKNVWUKA;Suraj Kumar
6832;AH22BJULNDXPJPJ5NZEBHQRAUS7A;Nisha
6833;AH22UNUP6EJE65PJ6DWGBZL2A3OQ;Animesh Das
6834;AH2347WTE3DZ3TIZUB5LCLZPAYEQ;Boopathi
6835;AH23AKG5YNJYJ4Y6OYI5H6UBQMLQ;vinayak
6836;AH24GHGDZ5S7GOOVQK24MQS5IR4Q;Rahul
6837;AH25HG24NISHLQPFOZA77WS5CUFQ;Tribhuvan more
6838;AH25R3GOS3TJRM57EUOXPJ6YJDFA;Geetanshu Dev
6839;AH25XUAOUMID775S3CGKTD4RMSRA;Jeet
6840;AH26TJQO7WSE7QTSY7DWLILS4QSQ;Samisha Malik
6841;AH2A7GWJRYJ67HRIGNYIKLIU3ORA;kiransinh khant
6842;AH2AV6EDMROMZAYJHVBRKP3R3MZQ;meen rajan.
6843;AH2AVOZLB7HONYWXE36LNSSH3W5Q;Dhanish
6844;AH2AVPUOI6A3TMI5OK6YM4II7HXA;Trusted User
6845;AH2BZV6MIJYW2HIP3CVTQ44NOXDQ;Siddhi shukla
6846;AH2CHLPBROIU447VRDW6K6DE5TWA;Kunwar Indranshu Singh
6847;AH2DFUHFTG4CKQFVGZSB4JHXSAWA;Govind Gujarathi
6848;AH2DKPO2N3KYSDBPUHBDHARSSX2A;Amazon Customer
6849;AH2E7TXMON44B7YYHRAHWJ6HYFPQ;Debabrata Das
6850;AH2EAMUTPTX7PVUNPFYL4RO6DQEQ;Anoopranta
6851;AH2EUYDH6AHKHEJJLXBYOEWMVDUQ;SANJAY M.
6852;AH2F6TKL4URXVF2VLVALIU3LA37A;Chaitanya
6853;AH2G773PSDMH6YDWZTQV46JBDUQA;Sandeep J
6854;AH2GTLVFFJBTLSGZ2CBTOK7C4NAQ;AAKASH RAI
6855;AH2GUDN2UZFH3DVNV6SNVUTX5A2A;Vaneet D.
6856;AH2HEAF5KSG36DBJZATRGPWMQFFQ;Arun S.
6857;AH2I7KKNEMSGES3IVG6KQUBRENCQ;Sriram
6858;AH2IMO7T23MIAIHRLZGUSPHEXSZQ;Ashwini Vetekar
6859;AH2J64YFD3HW5OV56YJNQLBQ7XIA;Krishnendu halder
6860;AH2JJHAQBJCR3JS2MWWMMOJ4JNPQ;Ayush Kumar
6861;AH2JOLKV3633COTRT3L6472Q7MIA;s_ray77
6862;AH2KFGXW374DTI6UT4U7V3NFJRQA;Anand RB
6863;AH2KQR23MJYSJCXDH3J6AUCON5FA;Amazon Customer
6864;AH2MCCISNTRUSC5FU5VOYCGL575A;Amazon Customer
6865;AH2MFWXOR2Q2JBMEVYN5DI2VIOJA;Tilak Upadhyaya
6866;AH2MIHS2WTWM7R5DFWRUZVTYK7TQ;Sk Sahanur Ali
6867;AH2MRKVSHAWAMAXALBY6VSDCFMSA;ll
6868;AH2MVSVVA6YZM7U4DBKDG2XBZM5Q;Amazon Customer
6869;AH2NDKEF6SAXWMINDMG7S6YD7IMQ;Vinayak
6870;AH2NF4GWIFI5TVCUTHW3Q3X7EUXQ;Vidhate Jitendra Gangadhar
6871;AH2NLR3ZG7SADP6RTRU5PDZUBKYQ;Tapan Dutta
6872;AH2NX4DPPSUUQYJJYAECCBRBJK6Q;Rajendra
6873;AH2OARRWRYKQNYKCWGQKO3NOINQQ;Rahul Singh Rauthan
6874;AH2OGGTXFZ6MSSCZB7IRRZPFOJLA;Avnish Kshirsagar
6875;AH2OKG3SYK3EHZWPVLNDVBVJCTSQ;Manish P.
6876;AH2OLX25TOPFVMWSSXCIDK2ING3Q;Amazon Customer
6877;AH2OOR5NWZ5OB4GTDQ24D6CS6DNQ;Parthasarathy.R
6878;AH2PQ7GHEBOEWANWP7BA4U6OIJGA;Adil
6879;AH2PTACPV7AKZGU4RWG4M6WHCECQ;Uma K
6880;AH2PWK54MG3S6EOHGLGP3LTQJOAQ;jaydeep barad
6881;AH2QFGBZYKJDYPAKHEEXUKLZDYTQ;RAHUL GOUD
6882;AH2QS2327TLYTXS5YHXNAS7X7URQ;robin mohanty
6883;AH2R6HPCGKBGV62HAZ3BH3HFMIPQ;Amazon Customer
6884;AH2RQ6KCQ4TKLI7FQWZPHSIOM7PA;kavithava
6885;AH2S5LLQQULHAD7BHBZ7XSEOEA6Q;Rajesh Macwan
6886;AH2S7L7OVGU76T5ASFGR72DKZI4A;Priyesh
6887;AH2SDDRNAZIYHVJYBDDCBH4KRQNQ;Jyoti kapoor
6888;AH2SHWYEWDAK6A5Y2ZBEMZ2KIG3A;Amazon Customer
6889;AH2TJNSBMF5HQIGCT7GTQEQDVXTQ;MUTHUMPERUMAL THIRUMAL PILLAI
6890;AH2UIFL2ZLH7AZP6L2I6JNJNDR7Q;Purna
6891;AH2UMMYPAYXHX6PU4LADMKJEC6JA;Divya Singh
6892;AH2UU7LYVU4G6TLQCQZTE23V72DQ;Karthikeyan N
6893;AH2UVQCFNAROZ46WLW3GCZQBZ6TQ;Amazon Customer
6894;AH2WGV2PEBUTICRPBEEVKF24G5LA;Chitra
6895;AH2XARVUUCZGIBNTL4MQQWNRYABA;satyawan
6896;AH2XKE5NKEOBKOJRDJIPNYQRLCTQ;S K Hazra
6897;AH2YUV5UZMGORXEBW3SJV4N3V2FQ;Avinash singh
6898;AH2YX7BOKWSCK4CRS3U5IOHLPPQQ;Ram Surat
6899;AH2Z4CKZS7LRJGKNN7CBOZMQ5SNA;Jamshed
6900;AH2Z5DXERV53SFHROV27HKERTZPA;Mustaque Ahmad
6901;AH2ZL3XW4QRBYIRYW5ILLXDH6A5Q;Amazon Customer
6902;AH2ZUPRKPAFHMLFBVWD26PDVJK4Q;Sikandar kunar
6903;AH32CT6EKUDWLGELKZDK4TEUWZRQ;Cheekoti Rameshwara murthy
6904;AH32DGGWA7EAENDTHYGGGHBVNQPQ;DADA
6905;AH32IF3JR7M24NTRWQY3HTUUZCQA;Shreni goyal
6906;AH32WM3IUL4YMUFBKPY5O5QJZZHQ;Amazon Customer
6907;AH32ZSUDD2AINXSY42RIVL5RBCIQ;Mahesh Chandra K M
6908;AH33GQ3GIETSNVJGQPQOFZIQBR5Q;Rahul Gupta
6909;AH33YNJUF6TNUB2CJTLGAJX4G6DQ;Mrs Ali
6910;AH34W5DLRK5DLTLP73YKFLTTKWAQ;Jitu
6911;AH352HMRF7DESCSOUBMHUVJQZM7A;Anudeepika Ankam
6912;AH35ZZDDDXAUW4RYSRKV4QYYOS3Q;Aditya
6913;AH365TQ2EE2HZM2YUGEBUUA3CBVA;Amazon Customer
6914;AH36BC5JQPIM7MZOMVQZLBWAN2VA;Gaurav K Saxena
6915;AH36CGQ26U2XBH5AOGHYNKL5Q2OA;hiren panchal
6916;AH374DUL3BPYKQGLTWIP5UXDB4CA;vijay k.
6917;AH37HVSNIOJ3DJOGCWS6UFXOKR4Q;HIMANSHU S.
6918;AH37YFHELE7WDG7Z4C4HQWFY6DTQ;Shaheed
6919;AH3ABVXQTD6ZA64V6NTEJL66RV7A;ravi verma
6920;AH3AYKWBYIOGWAQURE34B6PGJWLQ;tarun
6921;AH3B5DMNZY5TWDFIRV76LBCK7BOA;Virjesh
6922;AH3BI36C3I7GJFS5QMG2MKJEVQKQ;sarlongki ingti
6923;AH3DDWCUUZDBPHLX4YVCNSECLPXA;nikhil chaudhary
6924;AH3DODDCISNEXGUHYV4MRDQ3H36Q;Hetal
6925;AH3DPBR7M2QD4UAT3SOYSFP4WTAQ;Amazon Customer
6926;AH3DPG47VN4IXIXJOLBB4IYDHCSQ;Maryam
6927;AH3E36EPFQ2YJEZWSCIN3TQKYWLQ;jereenalex
6928;AH3E4JX5L3FJKASHZNBWYRLK7FWA;Devi Guru Prasad
6929;AH3EONAK3BU7EWDYJGJEBJ54KRLQ;Amazon Customer
6930;AH3GNW4PAYTBNJZT6ZQBT3734A6A;Ashish Raj
6931;AH3GZWZM5RVOFCJCXRU7QFBAJ5NQ;Amol Basutkar
6932;AH3HGPTMWGF4FTGDEKIODKTU5RCA;sumegh
6933;AH3HKWLRRJWVLWWNSNRI67WU77ZQ;Anshuman
6934;AH3HLGFYASB5KSFZRSQVOQF5BKKA;Saunak
6935;AH3HPLFU4X7HBCFKBJZU2NOF24XQ;Rovin Singh
6936;AH3HXCEWLMYQAPX5RIUV3R4ULFHA;Mahlaqa
6937;AH3I5Z4W5KIRTITFSOBDBDSA23SQ;Ddp
6938;AH3JHXC477GL3HYXL4XPOZS5SXRQ;Arun Rajappa
6939;AH3JOYTPESFXSHHS4NH7Q3IUV7XA;Mohammed Amer
6940;AH3JUIQYDAPZIELYMMCLQIF66NDA;Kakulie
6941;AH3LHRL5P4YAVOQQCH72G2PJFXSA;Amazon Customer
6942;AH3LPGUYC6VZUHBLHZKGMMBT5HGQ;Jeet singh
6943;AH3M2HOCS7VMTXCOYYI2AKZTFQDA;Vismay
6944;AH3MKPYMOQYNRPSGQ3ZC3YFHNO3Q;GT
6945;AH3MVZYHGOVNKO5T5EWVT4HK6M7A;Malik
6946;AH3NI5PJBOIMZUQC5QQ5KXDHDXDQ;Archna Agrawal
6947;AH3NLKVBUDIHF6LUVBM3CJI4WFXQ;Sujeet Chandra patel
6948;AH3NRXRMQGG7MFMMJK6V4WQJYO5Q;dadaso s.
6949;AH3PBQI6DTRU4WDPCYH47DK2JQ7Q;ANUSAYA KAR
6950;AH3PPZMEFKEJLVVCX3FZ264SEY4Q;Gaurav R.
6951;AH3Q23KAOXY4OMDBKJR4DIU7RIEA;JR
6952;AH3QHP5V7G52L5SDIIAFE3TN3VGA;Sekar
6953;AH3R5XO5VICXIDZB6BHBA5TY6O5Q;Mr. Girish Merwade
6954;AH3RXYXJCWNF4R5G2MKDNHDCHBBQ;AVINASH  INDURE
6955;AH3SJ6WSYDG6DYJVQ7UYWAACHFMA;Mrs. Imran khan
6956;AH3SY72KQ65HR7YHYZ2MINDATYKA;Yukti m.
6957;AH3VCCMOSINF7Z5TWDQPIJTI7LNA;Gursimranpallah
6958;AH3VEJH6HMUCM37ZZNCMRNPY6S3A;A K Gupta
6959;AH3VHCOFOAF2ECJSINLURTIOYRNQ;NIVAS MANOHARAN
6960;AH3VJYYQHPSF6ZL66EW2AX25XSDA;piyush ramnani
6961;AH3VUICGCKITW2W3TEED2EIY3ZTQ;Varun
6962;AH3WCF4HQWRGOSXW5I3L4QNGT6EQ;ANTARIKSHA G.
6963;AH3WE6333SFYEWEFIND2BCGNGJLA;kaushal
6964;AH3XUGDVTNMIHGLJDQIRLHEY54HA;Nehal Jain
6965;AH3XZBFRJ3T2YATYJK2CNTCARCCQ;Mukesh Maurya
6966;AH3YMZDQPMC4SNFHGLOEIFEO5P4A;V P.
6967;AH3ZH5IE4MTFB3T33O3QSGLU4BBA;SMG
6968;AH3ZNJWSAOEWIBD3NFLGHZZOOMIQ;Jayendra Pai
6969;AH3ZSUV53ESBP32X2A35F2JJQGZA;Esther newmai
6970;AH3ZXWK36A6T5DSP6ZNR42M6C44Q;Amazon Customer
6971;AH42ECAG6LPCU22T5BYN5OXQO74A;SOURAV DAS
6972;AH43ILYGJQUD5563RLERPIE2UMCQ;inderjit singh
6973;AH43NCUTAEIE2WGCFN3DV6PM5LTQ;AARYAN
6974;AH43WZFVRMTGXLVOGRO2Q7HVR2SQ;Amazon Customer
6975;AH445QA3XXIV6FPASBU6OBICSLYQ;Anoop Sharma
6976;AH44B2X6AT45J37MHHTU6RROTR4Q;Sandeep Singh
6977;AH44PHVDPA7E2JJWAMVD7ZRPUFEQ;Hitesh Nayak
6978;AH44VG4ASUF7HIFZHFM6WAI4GNQA;Pankaj Jain
6979;AH46L3MY3OLQQ4JMDKONNEEHZNLQ;Purple
6980;AH47N5DDNXGCIUMG3NVONJ6SERZA;Satish
6981;AH4A6BDLABV357G2A6HQGCJ7KGYA;Yankee Kazi
6982;AH4A6ZXSVYUDRVTZJ5J53UD3VNPQ;S.V
6983;AH4B45HPRXTJ5B5FX3WZKJ7K4FSA;saurabh gupta
6984;AH4BA34R2VIOKQRIJLXUDKFR3MQQ;sachin singh
6985;AH4BNIVAY3WHHW7YVDRUQZBSUX3Q;mahesh madhukar sardeshmukh
6986;AH4BURHCF5UQFZR4VJQXBEQCTYVQ;Ranjith
6987;AH4CB6DJWIC6OY3KIOSDCPJLII4Q;santosh
6988;AH4CZ72FCY3JIQJAEGG3IL5MOC3Q;Tarun Kumar
6989;AH4EGLGTSXX4GYBAOERNBPVIKD6A;Amit T.
6990;AH4EIYQSOUXMOZRLMOJQ2K2RUUXQ;Lalitha
6991;AH4EQ3AD64V4T45VEG3L4LK7IGQA;Vikas
6992;AH4EVNVE6UOOFIDLJ45XA6SXIILQ;Rahul Miranda
6993;AH4F4OZIOIIBXGLL6IZIJAXSTDXA;YOGESH
6994;AH4F52IVOKDLXOGFBNZTNC3FHSJQ;Ahaan Zidaan
6995;AH4FR3DUUHVLCFVUWCBTGF7BXQKQ;Hugu gupta
6996;AH4GBZYOUGBQQ2XQQHY6WKQZTIKQ;J.S.
6997;AH4H673QHNMNQEBK6XKODER4TXBA;Vishal Sharma
6998;AH4H7RTFFSOM4T7YUCTXGIKLZEWA;suresh
6999;AH4HHPHQEEW6TGP4SIWHZPZAUM3Q;Jatin Solanki
7000;AH4HN4GYUN2DR2DRBIX2P2SSQM2A;Anand
7001;AH4ICLSEN7RPFV3ZNYHOPGP3CRHQ;Venudevishetti
7002;AH4IHZ6OEORKRRITBR3OU6LV2RSA;Khan Bawa
7003;AH4IURQX3DSNH4KLG3MFMVNAR64A;Maulik Aryan
7004;AH4JTC3HW6JOKBIRQQD65TQA6YVQ;Sudeep
7005;AH4KRGUX424RRJAJL2N7BQKGC3XA;surykant gonarkar
7006;AH4LJDHSBLPNJYLQGQ53EQ6DBVZA;SyedShoaib Afnan
7007;AH4NTJSGZJU46T6V3HLTRFW27U4A;Ajinkya
7008;AH4O4H2WHIKNWUYTERTGOH4FFY7A;Rajib A.
7009;AH4OBRDNZVTVDLWTAV2V3B422AVQ;Cynthia Andrew
7010;AH4ODBOTYE45XNPWGDCJX2BJ4ZVA;Narendra Verma
7011;AH4ON4ZDRHM5PWVW6725NRNU6VCA;Fazeela
7012;AH4OTB7KAP7IRL7PQDKLY5C4M7YA;umar_ _mohammad
7013;AH4OX4YZN7FYK5EGLIGSPL7V5GEA;Suleman saifi
7014;AH4PKU4P7D5AHUHDYV74RUPDD22A;Aijaz Saifi
7015;AH4Q3Q5642PKPJSMYRWPYFL3TXEA;Sushil Kumar
7016;AH4QHKISYAAMVDYY7BKOAN2BNLAQ;Nikhil Pramod
7017;AH4QNGP7K2SO6FBWTS4Y274VHV6A;Kumar Ketan
7018;AH4QT33M55677I7ISQOAKEQWACYQ;Niam
7019;AH4R4F2GBWKTYFEROXDJIFWWCTBA;Azhar s.
7020;AH4RET52ZMGRWFVZDYIC3ANTDNZA;Nayeem ur rehman
7021;AH4RT3Y2GD6IHEFNW3U3YFR2GG5Q;Roy J.
7022;AH4SGJXQP3YL7ZSOBVDVA6EF6NNQ;Jyothi
7023;AH4TEK5IQCC2BSF2KSQNKQEXAPLA;Ramamoorthy
7024;AH4TRU2DCGNKR6IR7W2RIZ5VGILQ;Prachi Jha
7025;AH4U4N56KSPWJ6TCMMGR7X6QLL6Q;SBV
7026;AH4UFMXJR52M6C4NX7QU4XASBENQ;Ram Allways
7027;AH4V7BEA2Q4XN6RTECG52HJ2HQEQ;Pavan
7028;AH4VWAKSTYSTM4XW5I4VA4VOGL6A;Amazon Customer
7029;AH4WZKCWB4OVUG2LZUAFGWSVS4WQ;Shubhajeet D.
7030;AH4XKLZAXDJGMB74RNSTAQD6T33Q;Amazon Customer
7031;AH4XLMFRDKQPGZUWFZPCO5CLNVWQ;Anurag Singh
7032;AH4Y6H6PRTHH24FVECTXBUOCALYA;Abhay Meshram
7033;AH4YG2VYP4IRM3YTUVLMI7XN5T4Q;Mukesh Arora
7034;AH4YHJP32KW47POTN2WRWIKJV4WA;Sn
7035;AH4ZIAFAMC5PBWBHQZDSHS2JHUBQ;MAHESH CHOUDHARY
7036;AH4ZQO5NIBMSXG7LLOGJ67WQ54IA;Amazon Customer
7037;AH4ZZLZF5JO74MJ3E6WURPHAOKVA;Gajendra Kumar sharma
7038;AH522PPGKMDYNI7VJSVJS3PJBORQ;J P Nagia
7039;AH52X5G5PGIEWVC5D7TPBTTVJR2A;Arjun vaidya
7040;AH53RLKODGV2UFIZLUG6BMHDDZNA;Pranav Dhumal
7041;AH556SFTL3M6YI6NWOTRTGHA4WRA;Shashank Khandelwal
7042;AH55R53RN3UWSSDSNBGV6BCQL6NQ;Subhadeep Ghosh
7043;AH57EC5U62WSRLNIPBXDLBCJQ65Q;Chaitanya Konher
7044;AH57KN6LIRGA4AESSXBDXN4IWTWQ;Fernandes
7045;AH5A4BY345NKVTFEO733D6G7QNYQ;अभिनव
7046;AH5A5LHF3QDSOP2C5YV5RI5SFY7Q;Chandrakanth Ksheersagar
7047;AH5BI7KKCSC6IZ2AS4XJZSQ7QO3A;rub
7048;AH5CZZYZK64I4UNJA35AVYAY3SLA;Divyesh Patel
7049;AH5DWYIRRSDMRTEU3V224I2UCBUQ;Atif
7050;AH5EDRMYEIINDSSSX37FROCR4NNA;Reshma
7051;AH5FQ2OMFSPNFEWKR7XRHAQXYDNA;Devaraj V
7052;AH5FRUHWJN6LLDA3WQUHV7DSE3FQ;Tarun
7053;AH5FY7IIP3DJVNWTYOJ46P5M3WAQ;Swaroop
7054;AH5G2FWQ6AJBXK2IDCA22BNQTT2A;MONTY
7055;AH5G5ENXXWLJAEJMD2DGGVVWCXKQ;balvant ghanekar
7056;AH5GPY4UE5MUMN6G5NV2BXMUUUZA;VINOTH KUMAR
7057;AH5GUOO3UWAKJD7PAMTZ6UUEYRPQ;Manoj kumar
7058;AH5IBUYCUMQE3ZLKBJ3PLWNMXDIQ;Vijay
7059;AH5IM4HOV6RIWNRDUNGIHY3JLV2A;Ajeet
7060;AH5J4DROVHI6XHMTCBAK7WWU3F4Q;Abhinav Anand
7061;AH5JH2QLZDYXTHIDXBBLTDHQUALA;kishore movva
7062;AH5JWG7PISZWAT76DY5Y76KRU2OA;Aditi Shetty
7063;AH5L6KKTP5ZQSN6GVQB4ZGXOM2DA;Kartik Sharma
7064;AH5LM3I7HGYK3YAX2ZANUO2KCZ4Q;Shivam Bhalla
7065;AH5MDQC5CNEJHNNNCBFSXIDCO6RQ;Placeholder
7066;AH5MGTEZZ3XQQ2VDXWYOWDBBOAOQ;Bhuvanesh Sekar
7067;AH5P6N6SJBMPKT6EJXXE42TW7AVQ;Parikshith
7068;AH5PCRPW73ATTHHWOOCLLOY27RTA;Unified Excellence LLP
7069;AH5PHT6FNGEAWO5L6B7DQSYHZMFQ;Ravikumar Govindaraju
7070;AH5PIM77X6TCBZ2GSUQO474JGLZQ;Rajeshwari Dhanabalan
7071;AH5Q2T67DWA5P5DG3FGMWEZ2ES3Q;Shilpa
7072;AH5QCHOEUTDOJFO6UV2CGMZU5SUQ;Raja Babu
7073;AH5QYAVG2DRXF32LUKZIPG7KZLDQ;Manish
7074;AH5RMYKZKKV4XY26DP4D44PIKESQ;G4N
7075;AH5RWQ4S72IVLZD6O75OPCFIVDXQ;Akshay Talla
7076;AH5S5HEUKPD2ZLHBH5XQFJRLLRCA;Amazon Customer
7077;AH5SAORYVUN5MGIBLBQIQDGAFADA;Dr. ATUL THAKUR
7078;AH5UVEDAQ5T5QN3ZCZIDM5TNAAFQ;Nagaraj Veluswamy
7079;AH5VFMT4UVRW3RSEXEPXBDEGWBSQ;brijendra
7080;AH5VLM66SIK7J3IRG4NY7XVOQ55A;Bhargav
7081;AH5WOB4H6TNTIVWLGHXDBTVBKZ3Q;A.KANAKAYYA
7082;AH5Y43O2IZ3KNXE766GJMNEVTYZQ;Pallavi Jaiswal
7083;AH5Y6ZCLABCUE2X6JBWZBNQO232A;Harsha
7084;AH5Y6ZM2DJB7ZNP5ARJTNRW4TNHA;G10
7085;AH5YCGN6R23HBNF3KOS23ZJZOURQ;parusuramireddy
7086;AH5YJG3CUXNP5ESN5HM4NHPAFB3Q;Neha Singh
7087;AH5ZFNLZLJW24YKDQMDHCWGT3MLA;Mohammad Noushad
7088;AH5ZM42ZT35ZFEILY444IJR5KRXQ;SAFEER SHAMSUDEEN
7089;AH5ZOJA5RWLFQL3XE3GPOEXYDENQ;Ritesh
7090;AH5ZYVU5B5QHUAH4QDCDJ2NJCWFA;Amazon Customer
7091;AH62QNZEYJYC6LNXAJ4BXL6JZZEQ;Tasmai Agrawal
7092;AH62YA354G4U5AD2BG3YI5H7MXMQ;Deep
7093;AH634NGKAQR32XMOCSUF6LZB3RWA;Zeba basheer
7094;AH63HFCY2DBQCGPIVKPHXNHTA7WA;hrithik
7095;AH64ILF2YFTCGYWOGMFHTSD2OLJA;Kumar Raunak
7096;AH64TGKPMKB5SNT76NT4ZDNF5YEA;Subrahmanya Udupa
7097;AH65GLY4VWTON6HQURNVS3MWLTPA;Abhishek patel
7098;AH65VYWK4QUJQPLHAIBZ2PIVQ5WA;Sunanio13
7099;AH66GAHYTI3BUVCPVV4IXBI2DRGQ;Taral
7100;AH66PPDVLVKP2O6AYTIGA4LDLOAA;SUJAN MISTRY
7101;AH672OY2LDIEQUP643H3JKXAL3IA;Mithilesh
7102;AH67BHLOMDZFQHLSOIVQND2BCDMQ;Prajwal Jagannath Shetty
7103;AH67GVYCB2QS6CIQIZ7IFYKSMXCQ;Kasper Nabam
7104;AH6ADLMJRC3DYSRBDFVJZEHXARGA;rohini
7105;AH6AGSQLLH54UPSZGMXTOGESIEBQ;Prakash Waghchaure
7106;AH6ATQVI2YBUXDHJEADXMVOBBT2Q;Harsh Saxena
7107;AH6B3XKTUGRPKW7TPUVUY46L5WYQ;Prasad
7108;AH6BK2HIRJPBQKUMSL42RVA2UCVA;joseph
7109;AH6BVEKL7FDXA6ZNWZNSLUZJGPUA;Guri Kamboj
7110;AH6C46FX74ETQPE52ALQ6RKISIPA;Richard
7111;AH6CX2UTCOW6LXS74QK3TCQOHRIQ;Amazon Customer
7112;AH6EYS5AIDI7KYTTTFTZZHH433UA;Vivek
7113;AH6F53CHVVYPMBUDQWTG3LJZVCCA;Arhaan Khan
7114;AH6FWLRYYSUC255E7WWU5QRIWS7Q;Boopathi
7115;AH6HFHSYOY2OHMODD7244DHG7FUQ;D.RAGHUL
7116;AH6I4KMBDUUVG25ZEN636KJP7DQQ;Anurag Pandey
7117;AH6I4SYUVW5GTDLCBTUE5673SHFQ;Kiran Garud
7118;AH6ISURNXEG3QX4KB6LKSINS2IAA;Vicky Sankhla
7119;AH6JPKYMSSWUVSSYIRXWC3YUAYSA;Aman sharma
7120;AH6JPV326WGUKC2J4EGVP3IN6ZLA;DHONDU
7121;AH6JYGGLUQK2H3O53BGJFOUB3KIQ;Deepak S
7122;AH6K7IVGP33VRVDUW7OMJK4T4XRQ;Piyush Mishra
7123;AH6KDBZ4SDILJZNKGSFMW3NOWMGQ;Rajeesh P
7124;AH6KGRI6O5D37TRWQAKYLMWIZMKQ;arun
7125;AH6L4HL7SHZ5FT3XJRTBG4VRQDDQ;Shivraj
7126;AH6L6S34BGTASSORZMSZ5DCTLU5Q;Amazon Customer
7127;AH6LPYJT5UBJ7CIEWVHDCNQAGWZQ;Nikhil M.
7128;AH6MFUU725GG4KA3XTALSTU2ILHA;jaswant sai
7129;AH6MHH7KNPHZPN7D5YSSWDQITIMQ;Dev Shah
7130;AH6MNV2WOAZU6TJAQ2HR5B7UHNDA;Sumasree Atmakur
7131;AH6MPOEE6ICQG3RBULF7TOQVMMEA;Myneni Suneeta
7132;AH6NEABVASSTXS6RPML55O5X2L3Q;Tarun Mohan
7133;AH6NHWSWYP5ISTHGMARHDD54FLBQ;Sre ram
7134;AH6NJEFXD5ISMZJQICGKAZPQQGWQ;Arjun Ram
7135;AH6NK74TCKWVMLPVFEC44ZLT546Q;Nafisa Nehar
7136;AH6NMSZEUI2NAFVB4F2ZHK2IE5SQ;Pratheep
7137;AH6NXC2M3PH6OZHLJ6YXG54VIBMA;Subhajit Sadhu
7138;AH6OEO7KA4AJEWCVSRGJAP6CGANQ;Abhijit E.
7139;AH6P2FS36YMFXR6BCZY4QI3A5EGQ;Amazon Customer
7140;AH6PG4VBSGWZNZWULXHBO772JP6A;Tessy S.
7141;AH6PZK3J5MOWJGYL4TNLJEOQCFEQ;T.GIFTSON
7142;AH6QHRMENKX6PFBXHEVDIWEKJSKA;Amazon Customer
7143;AH6R5WG7BEWKNHVPRQLNPPPEDMKA;Krishna Murthy
7144;AH6RJFHNEDVIFN34SEYOWEGNXG5Q;Subha
7145;AH6ROKDEOWF5LFGRK4GWLYNSO6YQ;Kayumuddin
7146;AH6RQDXZYKAUPNBOYC4NAZERTFOQ;Amazon Customer
7147;AH6RSKPDRXTY7FU32MGPKOFN4PAQ;Sivajit barman
7148;AH6SGND2YZGJPEXEPAT6XTKVRWLQ;Abhishek
7149;AH6SINCM4KQ3L4MEBRPK3MNHX6HA;Amazon Customer
7150;AH6SPM32C4XZBAFVXZXENRZ54LSA;Chandan Kumar
7151;AH6SYTU35PM6FS3MYCMZE2HUHX5Q;Saumitra Pal
7152;AH6T7UQ53KSUT77BDESOKVK3KCUA;Manish Singh Chouhan
7153;AH6TCUCBZUAI6HVVV3CRMHOYA7EQ;N
7154;AH6TJ2BWPQEIN7ZGCY7AC34W7EZA;Tina suman
7155;AH6U3UC6OTD65UGQF6RMHGEE4UPA;Naresh kumar
7156;AH6U7NIRXZ7NQQ67NYFWEATGKDPQ;poongodi
7157;AH6UCH7MNAI4EDGZ2Q52KI4MDDBA;bharati boro
7158;AH6VDJLLPBXKCWXMLBKMBCQ2ESGA;siva k.
7159;AH6VYUL52LC2OCCRBHLSH6IH4B3A;Poojitha Subrahmanyam Naralasetti
7160;AH6WHKS34WZIDXRKN3YKSRQCBLEQ;MOHAMMAD KHUBEB
7161;AH6WR7DW4S5LL5XV6UALLTX7XH6A;Udaya Shankar G
7162;AH6XCAUGFE76YB4KK6DPMXFQJFGA;Mahesh Kumar
7163;AH6XUPCGCWOG63XDNA4PRPWFX4XA;Ajitesh Kushwaha
7164;AH6YLT3KTDNWPMSAS4I4EYVKO5BA;Bhim Singh
7165;AH6ZGBUYPQH5WWPNBBMYQMYOOYTA;srivani
7166;AH6ZJI3PGOEZ6VHZ6GDE7XLD5KTQ;Bk
7167;AH6ZP7UHCY3RFNPXJFR3EKEVNR3Q;Sijo Pattam
7168;AH6ZRK276VT5ZAI6TDZ442AS57BQ;Periyakaruppan
7169;AH6ZYHC4ECJ56T4GGZCL6MITCTMA;RISHABH K.
7170;AH722R3XI2Z5PC7QQ6YUEXE6V2DA;Amazon Customer
7171;AH723Y45K7AIA5HG27CCBVDZQPYA;Dhanu Muthukumaran
7172;AH725ST5NW2Y4JZPKUNTIJCUK2BA;HEMALATHA
7173;AH72QVCCGUXFHEAFLJB2IHSIDGWA;Udaya Kiran Mutnuru
7174;AH72U56SHLQV4MOIZHY7OJODJUAA;Kinjal Shah
7175;AH73D5XHOYMI7FCB6QBV4C77OC2Q;Amit Kumar Roy
7176;AH7535IQDY5KVV2I6ASNOZJC4KAA;Mahesh savale
7177;AH75IN5WV5BWRPLR7QFKFIN6XLEQ;Saikiran kopalli
7178;AH75O6CQEPN6J3Q6VH4WIVD4HZUA;Rhythm S.
7179;AH75SNR4HB6LTEAQRARKQV4PGRJQ;Nalin
7180;AH77IQRYD54XCRMCO7XEAIAYCLPA;Manoj Kumar
7181;AH77KODAPXPQ7E5TR4MMODAMSJGA;mohit yadav
7182;AH77PFYHLOMFUSAQTGZKB3Y3GLRQ;Dillip
7183;AH77ZPQSMKUKIL4LSIS344PLB7XA;Aditya Agarwal
7184;AH7AEVKNO7LX5VXZTSD4ARUUYMEA;Misha
7185;AH7AIXAIDIIIIZOPOOS4T3B7UI4A;Arif
7186;AH7AIYFOHJAKH6SM4KNT6GNCHWNQ;Abdul Arshad A H
7187;AH7ATUCWGGF2CFH6O2B6JAZLH3RA;Periyasamy
7188;AH7BGAGRTSO5HVQAS4TWUXAV3G5A;prolay
7189;AH7CBBXDYLF6D4NECP6UOHAD3DJQ;Amazon Customer
7190;AH7CH74XTRZWL4SHLUHGIKALPBHQ;Joseph Uttam Mondal
7191;AH7CI34EC4Z364IYMFO6LBNA67VQ;Imran shabir
7192;AH7CPPNFP5OSHCIZ5DOL7QFIJFGQ;Arun G.
7193;AH7CVQ6755UNVDKSBS2CKWMHOCZQ;Dinesh
7194;AH7D2QWLLWMHIP2H3OQZ63D4RMEQ;Bhatia
7195;AH7DPTXSO5T2YJSEQFZ6E3HBSLQA;Tapasya
7196;AH7E646VV2CGNVST6ONFXBGJW3UQ;CHAPPA RAVIKUMAR
7197;AH7EAYMQGZAZ24G65FHVBLVAJL7Q;Lisa
7198;AH7F2AQYA3MVSXKJW3SJUG2UVLHA;Amritha Sunilkumar
7199;AH7F7ZZ6T36PJAYQ5CEN62XKFPMA;Mihir Bhatti
7200;AH7G7F5V6NZQTXGNBULKUK4X6UXQ;Ishtiyaq Ahamd
7201;AH7GI2ERU3IXB3L3UMCM7UFQT6XQ;Renju Mathew
7202;AH7GMEHVW44SQG6NRGTTTK4EQPOA;Ravinder singh
7203;AH7GOHZT6M5G6ELWPDTVZVKRZ7ZA;MANI TEJA
7204;AH7GSAGP2FWNNWZHN7Q56Z2AWLVQ;madhu
7205;AH7GUHDHH6BRJQAKZSWN2SRQGC3A;Rajasekar K
7206;AH7HRG7P5VGMMU4PN7CEDU74Y2AA;vinayp
7207;AH7IU6PPKPCOBZXCSAJRBQMD4SGA;Minal
7208;AH7J22T7AJRXCFHZF7RUDX63Y45A;Akshay
7209;AH7J7BCTWAMK2REWT4AMA2V5DPUQ;kottala samuel
7210;AH7JD2XKCXB32VIEPM4ZMZPFOWGQ;sanjeeth
7211;AH7JGQRRWMJTCWMZPQZDA7324DUA;Anamika Nagpal
7212;AH7JVRRT5TX4TDCA3XS2HEYQIITA;Vipin Kumar
7213;AH7K632CGUBDY6LHNAPIN5X53WXA;Ms Subba
7214;AH7L5WF4S4D43VOPFKTQUEUWQ62Q;Rajesh M.
7215;AH7LSWBDB2U6ZL6UJUXR3SH6OVNA;Mohammed H.
7216;AH7LW3BCJBLCZTMWBOFL33UGIRBQ;anurag
7217;AH7MEOSIJPT7Z2WMJI4ROMY3I2QA;smsn
7218;AH7MHPNMOPCXJHV56ITYG5BNCVNA;Salma
7219;AH7MUE7NGNKQPXN6GNFGRKRYBETQ;Maddy
7220;AH7NGYY4AFPLEZ3NC5GNDLENBCQQ;vachan .k
7221;AH7NTBDGAMGOFFADEVWJL3O4YQ2A;Jarlina Nath
7222;AH7OT4IUCAKFYCPJ3SVLAHV7E2YA;S.saravanan
7223;AH7OVX5ZLGYOQAEYLGW6GTEW7DVA;Ritika
7224;AH7PGDCSET6C5NOBBY2TLG2GX3IA;Mustak ali
7225;AH7POVEBCJ2XBVILJPAO6EE4FQ5A;Chetan Sharma
7226;AH7PUFLOQIEDBHZZIKRKWNNIRFOA;Andrabi
7227;AH7Q2MTOGJ3Q237AS6RWYKTQC7EQ;N Kishore
7228;AH7QLQDC5BMOKDDRGGWSEP3AQ6IQ;prithvi
7229;AH7QP5VH5777BLVSP5M6KE2IEOWA;ÂRUN MOHAN
7230;AH7RKVVU3Y2ZGA4WEW5RXKMQWDLA;Saurabh jaybhaye
7231;AH7T3ST2K7B725YJN7TRBAV7WTXQ;Faizan-ul Islam Salafi
7232;AH7TTTBSXRAFZR4KAGYIFV3J7ZIA;Rahul
7233;AH7UKBIDDPO4XM2ZIT5IFSGEAIDA;arun
7234;AH7WGTWJ5AZHJIATOQGSXBUJ5ENA;Saktyy
7235;AH7X6273K5JCM64M6H4NHACJNOPQ;Adil
7236;AH7XAZIRDIDE2HVRZAZ4J4BSG3NA;Qadri Yaseen
7237;AH7XCBJFDY3QYRK2DC3EZHKDISJQ;Santa Singh
7238;AH7YF74D552LEEDO65OAPQU5EXYQ;Dheeraj
7239;AH7YJB6PZG5KP4GCWMQCHRIO3I4Q;Vikhyat G.
7240;AH7YTQORZ6PETTAX2C374QNBR4NA;Amazon Customer
7241;AH7Z4E2IL2MTD636EXSVY3BP6DYQ;Misoma
7242;AH7ZATBNY5PTPNUPHFBVKZGW646Q;Saurabh jain
7243;AH7ZFZAWQV5VTWQHLXZYDGFDNJGQ;Rajiv Ranjan Singh
7244;AH7ZV5NZPWUYLZQLPVYXXYV4VOVA;Sneha m
7245;AHA2QGFQYDUQ57OW7ATIM3QVTIIA;Anuj
7246;AHA2VXNJ2E6VA2RFAAJS5ZFPF3EQ;Amazgon Customer
7247;AHA3JEZZDQPHSAYB2HWK5HNPXHIA;Raunak Kumar
7248;AHA3ODJCWS52ZKJYWV2UBFR3AVBA;Sagar kate
7249;AHA46ZPX4RCAEYAPE2XW7RQES5IA;SHIVAM PURE
7250;AHA4ODJMDNBNUVEUSICIV66LIJDA;Saqlain Shaikh
7251;AHA4YQ5UYLOP7A7T2KRK6ULD7LJA;Vikram das
7252;AHA6IGKITMTWNGMDKC5TWWYEONMA;Venkatesh HH
7253;AHA6L5K5EK56VNJQCX6ELQD6IIOA;SARAN
7254;AHAAATUF2J4XWCRCFDHSGRMR4QHQ;Hemang verma
7255;AHAAD3NPHK6M6MFXLOIIVQSQQBGA;Vysh
7256;AHAAEQSQJFRGPLP6U2LG2TWXFVOA;Srikanth Aakula
7257;AHAAYO56NUYMNL7O7P65YAAKV6TA;Sughnesha
7258;AHAB3QEH3EXTX52TZYS33MFECVOA;Nisha devi
7259;AHAB4O4T3BB2LJCQJ2IULLRC2ELA;P Naresh Kumar
7260;AHABRYJJZ7XBTKLPL3QJVDI5JYSQ;Ayush
7261;AHAC5FGED7HOO5GSKRTNCX7RMQFA;Ruma
7262;AHAC7B6KYGC4V2SR7JY3O347OBJA;Pravin P
7263;AHACIF5SS4LL76SN3DNBDFNZQSHQ;raja
7264;AHACIJNM7YURLENNI7T2GIOMOQZA;Saleem Kumar
7265;AHAEBXTXQDY355AGFMFX3Z2VAAUQ;Titus P.
7266;AHAF6FEINTAVNBMIRK2RCOT6KZAQ;Chandra kant
7267;AHAFEMDFYHJDWIR4CF4JD3HIA6ZA;Sumit Jain
7268;AHAGHWROWNW4HLHX42ZR5R6KWG5Q;Tanvi
7269;AHAHC55DIXSRUXGITFAGPVUMWGLA;Dhwani Raval
7270;AHAHGFYVEV3DXUG3GQFCUPBSHTZQ;Anya
7271;AHAHSX35S3ZUCKX2UAB3DPGWCYJA;Arjun
7272;AHAI3QJ4Q5GQAQRQTSJGPR3BBVYA;Sachine
7273;AHAI6EM7F7W3GV3SUIDSKWTBJOSA;DEEPAK  MAZUMDAR
7274;AHAIKXSSOQ7R5GBPVSBR6VE72QVQ;anup
7275;AHAJEE66NTLWNOEFHFRCXAEWBCIA;Gaurav
7276;AHAJML6W5NJNUP4ZO3N2X3FFOMEA;Rakshitha
7277;AHAJNAQDV3BHN5AYLY3LOWFJCS6A;Ajay
7278;AHAJYQR4MXON2FRMHGMXO5AQMB6A;Rohit Sankaran Iyer
7279;AHAKSS633XQSBDP63G7OCYEXPV2A;Mohit mishra
7280;AHAKYUK7XTHBF4GTP2BGSXCFIE2A;Aktharindia 20
7281;AHAL6ROBXTH3IRCBZKOLPCLEXTLA;Amazon Customer
7282;AHALAMTLZTXNZSY6G53NYJFEHLZA;khem chand
7283;AHALPOEUQFGXEZR6NQ64ZI3EIYXA;Indro
7284;AHAMEHZNYR3W5ZYHIBBOBDRAAVNA;Vipul Sonker
7285;AHAMQ4BF5OY7VBA7DZTCFBRK7QPA;Hrutik
7286;AHAMXU574LIAJQEZIHZFB2VF6XEA;Sanket
7287;AHAN5RDTJMGOCIYJZKWO2SJFOB3Q;Saurabh Kulkarni
7288;AHANTM5UMDC5BAOCVLTX47H4HXLA;Nani
7289;AHAO6EXKU37EEYYK3GH6ZFK4SUMA;Shubham gupta
7290;AHAO6YBR3EDW2EMTABK3HCGJ6LDA;Rubel
7291;AHAOEIGBCS2SYKYY2ICAPLIYOGPQ;MAHAVIR
7292;AHAOS6S25NW4GNVO5CYKF2VWMX3A;p r.
7293;AHAPC6DCGJWYSG34J4QCJRZUOCOQ;santhosh
7294;AHAPGUPBVNULSTPS5Y3SXCSWGT6A;Amazon Customer
7295;AHAPQUB4R4LW5DVZEUNCXW3PB5BQ;Nupur Gupta
7296;AHAPSYB734TV27VGJABANCXUCJXQ;Palash Seth
7297;AHAQNYD2MHN2DRPBGNIMCFSFVEVQ;Amazon Customer
7298;AHARN7LNP2PZHIXOX4FOADQWQCBA;Vivek Kumar
7299;AHARTLP3RPKXFY37PX5Z5T4JHUEQ;Srinivasan Subramanian
7300;AHASFHQCZH73IANLGF6IXB2B3O7Q;Farid Kapasi
7301;AHASGLBOKKQJ22ZXE62YX7TBJMLA;kavithakrishna
7302;AHASKB67VHNUNB3RITEIHSC2YNMQ;suresh
7303;AHASL2VPJAIFFLPXEDF3X464QCAA;Shantilal Sharma
7304;AHASL3JOKSWSNG6FWBDKBPBMMSKQ;Sheila Araujo
7305;AHASPHQK4TSXX66FVFKWC4GWSUZQ;ameya
7306;AHATM4XWKOTU6FWTFVAS5TP6X2VQ;mahesh
7307;AHAUWOVUAQX7D73DVER7HM3WKQZQ;Dulal Roy
7308;AHAV4CJCMF5EPFWOHKYSWKTHHKLA;Amazon Customer
7309;AHAVCLRCPYO2MFYPTURF33N7XH5A;Podili Parasuram
7310;AHAVKBRQC62ZO5F4Q54MW3VLPBZA;Arpit khandelwal
7311;AHAVKIJW3GZCEMG6GGBR2KY7SJBA;Tyson D'costa
7312;AHAVRPA7Z3PKTTWVBVUISCKI7RYQ;Tamil selvan
7313;AHAWKE7CIEPMX6PGO6LF6UNT776Q;Dhruba Bakshi
7314;AHAWYKI6SKVO2NGCZ4BDJ4WWSZCQ;Deepak
7315;AHAX2XSXLJNPZD2VD24CXKB3YTDA;Ramalingam
7316;AHAXFLMAGSIXKYFVDPGC3QLAEOOA;Priyadarshini P
7317;AHAXO75FQ7QCFXWMJF4JNHNS3A7Q;Rohit Prajapati
7318;AHAXRJE6A47L2U7ES3NCCMRWUZKQ;Amazon Customer
7319;AHAXYLDPLJR5KB45YNUYJN6L7RVQ;Neha Khatnani
7320;AHAXZDBQKLBWPQN5BFPSURNHWECA;Akash Yadav
7321;AHAYDWCGM4QNXWBCRC5LADVNADTQ;Antony Gruz
7322;AHAYFRVMROHBYUMKXLYDCXNAJMRQ;Akshay
7323;AHAYLVC4ZJEXYUCSYHJGH233MBWQ;Jayraj Datta
7324;AHAYLWHOG3ZNEYVTU6NVAYYGJ7FQ;MAINAK
7325;AHAYM6PMIGKODC5HL7EZ4X3RP6CQ;Amazon Customer
7326;AHAZ2SAFDDJE74JFX4XEYZDFQTJA;Poorvee Chandrakar
7327;AHAZZ6OGFULNRHTS2SR7HAH223NA;Kalpesh Panchal
7328;AHB35252LHDGWNDLIDUOMDN7RCWQ;Aravinda Nayak
7329;AHB43CZ4RHLJ5S6CBOWX6MEI7J4Q;Sameer Patil
7330;AHB4AEOCLEVH2JSTXPU737KTXS4Q;Jasmeen
7331;AHB4PH45PSYE433J2I3KXWKPFAAA;Prajakta Desai
7332;AHB4PR4VAIZKTQDBHC5P3IQ2B72A;Amazon Customer
7333;AHB4T3IC5YTSPMCDPFBABXVV34HA;vipin v.
7334;AHB6B3AB5OU3ITBYOSU2YSPVJ7RQ;Manikanta
7335;AHBAFNJWDQVW7JM7YGQOHNOCVM6A;Lovejeet Singh Randhawa
7336;AHBANMLYMR32OLUTA4UWCEM4RS3A;Ram Gopal Pareek
7337;AHBAP5SPTSJ44JCVAA66JL5T3GSA;JS Bhuvaneshwari
7338;AHBAT6VLOXWGYDL57KHCNCLPXAKA;Ibn moosa
7339;AHBAU2TXR72GFAVHGD4E7OTABKDA;Kunal Singh
7340;AHBB6UBYHJ5FH2BUFQ2BCXHWQFJQ;Adwait Kulkarni
7341;AHBE5ZXUIVBQ63F4YQRPMX7RPATQ;Ashish Parikh
7342;AHBEND2UUAP6UNJZVH72H7FKZSMA;MJ
7343;AHBF7XZLKLGYAH7Y44ELCRD3NTSA;Vikram Singh Rajput
7344;AHBFNBEGK65M56REIXOVXEBAUBGQ;Amit
7345;AHBFSHWP4NHWBAUP2AUWUTX5MZYQ;Gopal kumar
7346;AHBHL7H673C44RP62CLQ7UQASFPA;Pushp Raj
7347;AHBHVBSLQAZYWDF5O7IURE36WXPQ;Nitin Soni
7348;AHBISYTXOMEMKDTXVEKH57D2X3RA;Sreekumar KURUMALIKKAL
7349;AHBJAEOHXRCVYWBFYUOG2G7NTVLQ;Zakaria Ahmed
7350;AHBJBV6WJVE3MCI2KEVCYKVO5QDA;Harshal Gosavi
7351;AHBJI32NFYYFJRSI2NZ3RGNYYNLA;Amazon Customer
7352;AHBJKJCUV3CH6774KEAQSRLKXU4A;Ayush kumar Prajapati
7353;AHBKNSJNHRF22KZYCFRN4CQJG3EA;Nilay Kambli
7354;AHBLS2242VYW3MHFBFU46OIBCVMA;Rakesh Sharma
7355;AHBMHE56M3IAD7Z4KXUKREAZX3WQ;Rajas c.
7356;AHBMWXLEXHMD3QWGJ4BY7XIDEDUQ;Amazon Customer
7357;AHBMZRY43T2GTYDVNFMUVASIBTPA;Phani
7358;AHBNKB74LGTYUOKPAJBSKNFV45CA;NIRMAL.N
7359;AHBNWKWV73LMUFENL6T43ZEP2ASQ;Shankar
7360;AHBOEAQIX4ZVKW7XTBDVCH3CWVSA;basnayee
7361;AHBPQ3SLIIQJFBOG4LVVCOM57WNQ;Ezaz Ashraf
7362;AHBQ36XNYYCHTWJGBDIP53OJLBDA;Dilli Babu
7363;AHBQJUMIK5PCBS5BOXXXXZXPWSJA;Arunabha Mukherjee
7364;AHBRCKJY6F5ZLV7GSUC3IXI6OSOQ;Shreyans Jain
7365;AHBRTDUHKMIYUZLP6W7RM4IMFV4A;Valmiki Sravani
7366;AHBRVKDGN2EY76OONE7QQSLLBEVQ;yogesh aggarwal
7367;AHBS2L7JPLUKRD5ZJQVVSFJ4LNWA;Prasad
7368;AHBS5ADSTPJ6C5GUYBPG3VBTVX2A;Amazon Customer
7369;AHBSBZBVPHQ3DNFSVUEISWFKZWEQ;Ankit bisen
7370;AHBST4ZJ5665DV2TCR4W4J2OI3DA;Diganta Gogoi
7371;AHBTDCFI4HA6ONMJZRTYUXAEP46A;Raj Kishor Singh
7372;AHBUPKENA77XVDAUGWUHVZLCKSEA;Harish R.
7373;AHBVHPQ4W6276E6FKYIQHJQ4BMRQ;Vivek Jadhav
7374;AHBWFF4SD5LBHN6R3W43JNZW4A2A;Ram Gopal Kushwah
7375;AHBWW52EK5OOJYVWM2I4NYZS7CUQ;Tumge Bagra
7376;AHBXADPUQXAIJI5XTHUKDWD3OQLA;SOLANKI LAKHMANBHAI NAJABHAI
7377;AHBXCQFNVX4Y3DSDZYYDHORYLLSA;Bharjil Deka
7378;AHBXRBDR7QC3GHIMO3KBIIA4U26Q;Indrajeet kumar Sinha
7379;AHBY5WOGTC3LCNKSXEH6XYLX4C7A;Shubhangi Mehrotra
7380;AHBYDX5JRGNFCSRBXDXTITOBNQ5Q;Ashish
7381;AHBZCVGYU7BO7DCSNDWCXK5GQP2A;sezhian
7382;AHBZTGUKAUVUWWRIX5NAR3LFRRDQ;Abe Ralte
7383;AHBZXXSXDSJOQGRFOU4HWSLI2FUQ;Vidit Gandhi
7384;AHC4JPWEXYM3O4YAKYIJZ5CAUOVQ;Amazon Customer
7385;AHC4U7CH7PGMKPLM3K6T36QSLJBA;Shallu malik
7386;AHC5UZYDEQJY55XHOYR4Y7YYPDIQ;Nitin Tanna
7387;AHC7MPW55DOO6WNCOQVA2VHOD26A;saqib malik
7388;AHC7U7MTAN2Y2T6X2G43SWSQHETQ;manjula
7389;AHCA5SEFUQQWPNVIGU2QCAWNMDKA;Prem
7390;AHCADERQGXE7VE4AC3LMB4JE75WA;Malvika Upadhyay
7391;AHCAEA2HVGPCU36JGCIE45OQVG2Q;Shiva
7392;AHCAUACHVKPTT5MN5NGYZW4HLH4Q;sandeep singh
7393;AHCBFTWURJCUA25OV4KMXCRKG64A;Vaibhav saxena
7394;AHCBSXZTXE7A6XUG2V4664YZHESQ;Chithra Suresh
7395;AHCBTTZL4LES5ZR54PCU6LSVKYPQ;KM
7396;AHCCFBKMNPTBDV2XEM4UTUKRCEPA;Reghunathan
7397;AHCDJWUO4YVS63AGSZWF2QHS7QPA;Alok
7398;AHCDZR5MNGRRU7NSOZZCWA5ZIURQ;Nitin Pahwa
7399;AHCEHLGVT3XPNMBLTOFSQRRZ3ZTQ;virtual
7400;AHCEM32SEYJBW2IHJIAF62AVK4VQ;Aman Verma
7401;AHCEOI6ITIDUNPWUJ4UXVSLL4YGQ;Ashwini
7402;AHCF6MDMVOOGIZK7AQMS5E4ZOJKA;kishore koilada
7403;AHCG74BCEDINDMRYYF2QPYY3OHJQ;Amith Kumar M
7404;AHCGV72I3RKXOSSUNK3SQOB677NA;Gangadhar Rao Nepa
7405;AHCGXTWL243VQI4B7YZ4E7VO6M3A;jibin
7406;AHCHD46P252E5T27D26CGOAVD4PQ;RAMLAL Khadav
7407;AHCI4YNJ5ZX4GMLKZMRA5CVQPRHQ;Placeholder
7408;AHCIMCXVSX6LO3HH7B7BP23VTPWA;Rohit
7409;AHCIZVWUXAKRCE6KVLLMUKEL2QMQ;Anitha Dalwai
7410;AHCJ2GWM5V4XDOBLR4UU2RV4ERKA;Balaji BG
7411;AHCJ4SBFDS4JQ3KM3TB6JPV7LCWQ;gurpreet kaur
7412;AHCJ77IDXMNIETFDYNI3WZLPUMXQ;yudhishtar sharma
7413;AHCJIH6NMUZJQMRBAA5PYGR45WWQ;Vagisha Sharma
7414;AHCJOEQEARI6IQ2XGJ6HTGQSRUXQ;Prabhat Chaudhary
7415;AHCJSKRROLBCRT5CA6NDKVJMWSOA;Veena rastogi
7416;AHCJWI5KSDFQ6AGUKQDLZD7N2KGA;Manjula
7417;AHCJXA3UHPCHDF5PCBIWSKIWHNHQ;Sandeep Kumar
7418;AHCLG7MIFKVJJEAVPYJPW2OPWWEQ;KONGA VIJAYA NAGARAJU
7419;AHCLIYZDVIIFV3V4X4VPUFCRPP2A;Shilpi
7420;AHCM6KUAHF5H7Q67KH4KOCVDTVQA;Rawal Singh Bhati
7421;AHCMDZCOEHHFNRRHB5JWYUHB4EPQ;Bhashker kumar sangahi
7422;AHCMLMTP2OQVADDPGN4KBRJMR7ZQ;yukti sodhi
7423;AHCN532M27HWIMZYEX5JVUYXR5EQ;Deepak Vincent
7424;AHCN72JLX2W43COFJHANHQKBU2EQ;Aditya Sharma
7425;AHCNPSJTDABFVKVD6GQGNFVLHCQQ;Prasad Bhat
7426;AHCNUZM2XGWJXQHPWYVZMS5CAEMA;Critical  Customer
7427;AHCOIX4FTZHKMCOH7TPK45D2KKDA;PsyShaank
7428;AHCOKF4M3PRZWEENXHMFXKAZSYBA;Karthik Ganesan
7429;AHCOYDQNZS4UUSG6CUGPTYFADJWQ;Gurpreet singh
7430;AHCP3IJRF3CCTAK5LPCJSWLVMCGA;Ananda kumar
7431;AHCQQW6WJP6K3IUVKIIXHIUVHMEQ;rajan
7432;AHCQTOXOF3LBIK6IRYPKYQEK6DAQ;Kamal Kant Gupta
7433;AHCQZGA4PP2US5BBID5MH7DGIRCA;AJIT SHRIPAD GADGIL
7434;AHCRBWWNGNOH5TPA67UMTUK7CSTQ;Mansi shelar
7435;AHCRNC4ESN6FGR7MNQ6GRNIITZOQ;nkm
7436;AHCS34T4DOHWPNKZ2G3W76AITIKA;Hrishikesh
7437;AHCSFNVYY5Z4MC3YQWCKQXN43UKA;Amit
7438;AHCSJSWJF6TFP3YDLCRVCNWPZFTA;Vignesh Elango
7439;AHCTC6ULH4XB6YHDY6PCH2R772LQ;Sundeep
7440;AHCTMBY6ILZV6NI6M6AMLCOF4ICA;D Rajesh
7441;AHCUDG4P7CG35HNQJUAAVOYPZ4WQ;SIDDHARTH A.
7442;AHCUW37ZFHKL7ZTUFAAOFYKTCQNA;Devis
7443;AHCVGFTJLPI3BGD6EOMDLSJ43UQA;Akash sharma
7444;AHCVVEWW2RUKPIMC63N6LXF2DQJQ;Suvaraj d.
7445;AHCWB47L2VDCBKURUGKDLNC3BLAA;Sasikumar
7446;AHCWRQHRUAVMTMUH5NYNB3P4NWEA;basavaraj huggi
7447;AHCWZE3EM52ZUVKJW7SOXP6VR6LA;mukesh kumar
7448;AHCXNGYHWBSZ6FJZPUDRAFN6IVDA;Kabi
7449;AHCXVEDVUKHZFJY5GZOVEXXZ5FBQ;Praveen kumar
7450;AHCXXOQVLFSHJOIKXMOHUSZJSDOQ;Tanvir
7451;AHCY2NLFROLZAQ3YQAKVF3DMHB7Q;Placeholder
7452;AHCYM2ECKI2MNOIDHDG4PT6IIN6A;Ashish Raj Arora
7453;AHCYUIAHUVSXADLSWJDVSHMJFLJA;Milind Barange
7454;AHCYXS5BT4PFEK3FBTJKXPCMXOVQ;Krishma sadiwala
7455;AHCZL4KQ7ZU4CFMWNTQIPSUARIEQ;sanahanrajkumar
7456;AHCZZTKJ5WN7WJSQU3HWL2LK6XQA;Chyanika
7457;AHD2UUIFWNHDJHVXLGRMPLBBHSAQ;Debjani Karmakar
7458;AHD2XZWAMMQH5MHZD3ULZVEVVJCA;Kusha Sahoo
7459;AHD2YKTU2NGV7WIT2AMZ5KGUCI5A;Amazon Customer
7460;AHD3DG7REA3RLWBAR7RRD4FBJWZQ;Prashanth
7461;AHD4I5YSPMHXVVRGS4TYHZXV5KJA;Amazon Customer
7462;AHD5JQAEIHIAAAFUCBHJQ4VXH2GQ;Leo
7463;AHD5PGE5RBBE2T3G427T32V7OROA;Vipin Thakur
7464;AHD6BOJBLAFIBLI2KIGGMNFRRCXQ;Ajay K.
7465;AHD7UBRNLFOB46RIRLFXKJY6N53Q;Pratik garg
7466;AHDAF6TAAIC7SNQVJIBHZSWZHPGA;Saif Shaikh
7467;AHDANFLZ6CRP3NUAFEG5KMPPZOFQ;Isfahan A
7468;AHDAOL3TEKGCQABAYFZPBP2ZYFFA;Ashrith S
7469;AHDATOMH7HPV57Q6UFWUI47QEQ5Q;DIMPLE BATRA
7470;AHDAZJHREN222RBVCN5TTXZFFUKQ;Pulak ray
7471;AHDC2HUUNEL6GRJRX5TTOVKITONQ;parvinder singh
7472;AHDD7ZNB47QA2JLYU53HD4ML3VNQ;Shridhar
7473;AHDEBPMFVRVWVX6O4KIOLHJ743AA;A
7474;AHDEDC3POAU5BZGDWP33QORI3YEA;Vipul
7475;AHDEJNJ2AC2S56IT72GATCSDCD5A;Amazon Customer
7476;AHDF7YP2MU5KXG43ZVYWMMQNHJMQ;Ravi Prakash Jha
7477;AHDFR3PDKEBV72HXRL3RJJLS3YYA;Anonymous
7478;AHDGC4HI43BOPM4AH4NOT4SJNL2Q;C.Rajeshkannan
7479;AHDGOGFRCP4B5THQ5VKLPGAAJE3A;Naveen Kr Singh
7480;AHDH2HUAAI2BUJ3DOD5HUQIG3EJA;Anshu Verma
7481;AHDH4K7B4XROK4NUUKOQMLVUGXKQ;Amazon Customer
7482;AHDHRPKNTBSBYA3MRM5PYQVL32NA;panendra ommina
7483;AHDIDVECFGA6OQRNUBPUO6366UGQ;Binu
7484;AHDISL5G65X3FMRD2D2ARNXONYEQ;Mahesh Thakur
7485;AHDJJLKORMH72SSEBWOVAKE66EHA;𝕵𝖆𝖙𝖎𝖓 𝕮𝖍𝖆𝖉𝖍𝖆
7486;AHDJXSEX24G3F2AMLX7H4VFW6Q4A;Jaspal Singh
7487;AHDKSXMFH5GRBJ6QJAPSEKXC6AYQ;Alam
7488;AHDL7PIYXZ36YFNS7NBPEFD3WRUQ;pradeep Verma
7489;AHDLA5TV4URGEURWXXNFEN2ZUBGA;PRASAD BONTHU
7490;AHDLB7WWZVSRDGIQWDPGPKV6MUZA;SB
7491;AHDMHAUOY75NWLNOF3X4UPNKXFSQ;Placeholder
7492;AHDMM2TUZE7W7XK5BLDOMBCAKCGQ;Amazon Customer
7493;AHDNBCY5WEIZQ2ETHEL72TPHNGVQ;B R.k
7494;AHDNNVM6ZKF3SF25MNEYWNE3NAMA;Jaya prakash
7495;AHDNZMNGM6UT4M2VPRPLZ7EBWCOQ;Jojo Dominic
7496;AHDO5PN5JGBBDMPGSGB3DRKYCBWA;Devendra Singh
7497;AHDOHVS266NLKERWUCDBLOI2HS3A;Durairaj B
7498;AHDOOBJBPVJQCWTNVD4L5VIQBBWA;Kush
7499;AHDPIFU3ZXS54PZ2TX26RCZQ4HLA;dilbagh singh
7500;AHDPRYTLYXKEPSTVF2LRV5SQJIYQ;Mahesh Kumar
7501;AHDQ55QTDUSZWLSZABNYVS34WPFQ;Suresh Prasad
7502;AHDRIG7FTS342HRYFJSA2PVXEOTA;Saranya
7503;AHDS5LB3MMUPNWTCDQEXTSXOPSOQ;Lucky
7504;AHDSEBUBYJQEKVHY277BC2ZKYPYA;Niraj Jain
7505;AHDSUGLHNAFKFMGKJPLS5HLJFL7Q;Mrigank
7506;AHDSX7NV3NZQB2NZ4RLIOBKUOMYQ;Kiran chaudhary
7507;AHDTCW665XEPKY4WAUG3DREFCCYQ;Punyabrata Mondal
7508;AHDV77DE22MRWM57ZJRUBXEH6TXQ;Dhivya L.
7509;AHDVBO5VEZENUC2QNSSZSNYW4ZXQ;Hriday Gohel
7510;AHDVRIPXBUVBEU4SPWOC6RGAYRPQ;Bumble Bee
7511;AHDXDGROQRENYUGOZNF4LBVDF73Q;Niraj K.
7512;AHDY3KBEOCPCYVEOYWZEYYPHAMUA;Dhuna Charan Dalai.
7513;AHDZ5QFLMIQPV5OENYTUVIYT5W5A;Nitesh
7514;AHDZE7UM6PQPAOJPJJ57QUHGGTAA;Pete25
7515;AHDZQ4ZYL7CHT6BLJE6QRKZ4ANIQ;Kunal govindbhai dhedhi
7516;AHE2QUNIF2AZCEMTCYWKMFNEWDCQ;girish
7517;AHE3IWQYPMMY5ZHPSQVBZ4C4KAIA;Akshay
7518;AHE3N52C6VWHPAF36U7GF7W2UV6Q;Amazon Customer
7519;AHE44P32QOQ7RN7NMKUUNY5UCWUQ;Yogeshwaran P EEE
7520;AHE52HKDGFCWSQO7STU7NRWWHTWQ;G D PUKALE
7521;AHE6VSQN5XCADFDWC3TZMMWKYADQ;Anirvan Kule
7522;AHE76XQSOLGOP5ZEKTIW6KUPDWBQ;Chiranjeevi
7523;AHE7VTTWP3YUKXVDZDJP6NZUIHLQ;Vinay Kumar Sadhula
7524;AHE7Y3GGVB7K7SZY6AG3SAD3QINA;Jyotsna Mishra
7525;AHEA3K6ANMNJUJMNXADMGWWCQ7SQ;Amazon Customer
7526;AHEAXFPNYXFMJKRYN2HHVOOMTHSA;Shweta
7527;AHEAYHNW5FVLH6XD7RRKIG32OUCA;Amazon Customer
7528;AHEBE2B3ZMN7PAIBT73AZT4IS32A;Amazon Customer
7529;AHEBPCKZFBKQMB6FXQLRP72OG4ZQ;Haroon sayeed
7530;AHEC755ZTLVUV2OGFJQFWRMB2KNQ;Indu Kumari
7531;AHECHFXUUNHLH3RQ6ESN5GCUHGPQ;Mr. Saddi
7532;AHECHWNSEMINYA7KJCRNVT5HCJ7A;Real Deal
7533;AHECNVXSW6REC5TOGBH6OJXIBL4A;Ankita Dwivedi
7534;AHEDAEYXIZIPVLI6HSDRKIGYILCA;shwetha murthy
7535;AHEDSBYCVNXRZQXM3RHURJ2OAVJQ;Nitin Wadhwa
7536;AHEE4KV3RGGHWUXGCNXJ4DMKM53A;ANILKUMAR
7537;AHEF5MO5EL3COCLOZA23CFG4IKVQ;Nilesh
7538;AHEFKTS3MRG4AW4YSYD2OBMREP6A;sambasiva rao
7539;AHEGBS6GMG6ATBO66V4I544GIQ4Q;mallikarjuna
7540;AHEGXONYVJHACY73DVEU4O5AH4SA;Rahul Sharma
7541;AHEGZQDNFSYHYT754XCVROBSADWA;Amazon Customer
7542;AHEH2QAVUEPNGB7EQJJWPYAOCAAQ;Kumud Prajapati
7543;AHEHBCTR33JSVI4LYVXGDRE7E6UQ;Amazon Customer
7544;AHEHKOZPPOVYL75KDU52PSBYDEFQ;amit nayak
7545;AHEIPXMFMVWHNPLGUXUIV5XNP2SA;Dass
7546;AHEJQ5MN7YJB4A3XTDSTTZID3WKQ;NAVDEEP GUPTA
7547;AHEJW5MYVFOQBEXD6BIUBB3PJBPQ;Pradhut Roy
7548;AHEKP6OARUMDVOTRLNM73MQ2LYSA;tanya
7549;AHEKRSI27SAKA2LRISAOQH56UFLQ;Tahir Hussain
7550;AHELMAOGW7CMAPA6PJOO3INMBRBQ;Nikshitha S
7551;AHELRKIGSIPF5VMAGPCPAUJYKOLQ;K. S. Rao
7552;AHELT4VFJYRAZDGAQPKJRJNHBTEA;Prashant
7553;AHEMPQZQUAERYFBDHQWBEN2KXO2A;Anil Tailor
7554;AHEN3ERHEI5OYGDGM2BXEF7EH6EA;Subrata Murasing
7555;AHEO6VCLJ4UDPSPS4TVOXU6I53RA;Bhanu
7556;AHEONKS6KOZ4SIOZNOLYFGQBXU4A;palpandia153
7557;AHEPPTU7YZ4YNMCKFBT5PG7W2CHQ;Kshanik Rajak
7558;AHEQSSHSFZ6WZUZUZS7BTVNCOTAQ;Puremba Khomdram
7559;AHERFNSW6YQVDARIDK6WI3GFTCLA;Prasanthi
7560;AHERJ7CWJFLTCL3H64F27OBZBHBA;Supriya Patra
7561;AHESBMCCD2JGQWVMDSW2G6QVJS7Q;Narender
7562;AHESCOYXLCXB56F4JO45X4CZQCYA;Xolo
7563;AHESEQ2NNWRCDBHDPB2CWTOLLZQQ;Goutham Ram
7564;AHESNAO7PLB2VBKKKSFAHWBEA4CA;Vivek Chengappa Kodira
7565;AHESOERCB5FRKL7BYJ6QQHK4BMJQ;Jp
7566;AHESRTFWPTZDAFJBW47UFMLQLEMA;Amazon Customer
7567;AHETDOMLHXT6JQVMKG2U7NOSSZOA;Prakash
7568;AHETGN27YLTEFPHLK2EM3JEE7JJQ;Ashay Arun Sawant
7569;AHEU57WSVYX3MYVUTKXND7722D6Q;Alka Agrawal
7570;AHEUTDIM7FTWKGYKMVGV5M5DK66A;ZOIC HEALTHCARE
7571;AHEV734TKPP6CEJPWIMMHA65SL2A;chirag bansal
7572;AHEVO4Q5NM4YXMG2HDDXC5XMBGRQ;Rahman Ali
7573;AHEVOBT5PFXMIS5A7GAXRG52XARQ;Anuradha Banerjee
7574;AHEVOQADJSSRX7DS325HSFLMP7VQ;Manoj maddheshiya
7575;AHEVYUNLYXJXL5LUWGSH4XBESUJA;RAHUL RAMAN
7576;AHEWCJSLDVOE5SZ7AB4VZ7GWOSCA;VIVEK KUMAR
7577;AHEWD6HCE644SLK3OBHHSH57W74A;neelima
7578;AHEXJDFOBBLZVPEDL32XHOAEZ2ZA;Satyam
7579;AHEXJOGQ4ZOV6QSW3IHMLRYGFMQA;Amazon Customer
7580;AHEXPGZ2QS4MXA5LDPULZPVLYBSA;Amrit V.
7581;AHEYB5YSDOJS2CX5ZYJGEGSQ4JEQ;Nitesh Patidar
7582;AHEYCWAGWOWMQL6IWZB4UBCM7N2A;vishakh
7583;AHEZ2YIPI6Z3RJH22BSRYMSPEWOA;Imran Ahmed K
7584;AHEZEZY3JCBBOL45BEUNUPNLKNGQ;Amazon Customer
7585;AHF2BSEZURS7UKI23YIHED3UIJKQ;VISWA
7586;AHF2MPFWRSCS6OXUZ3D5W3C37CRA;@madmax810
7587;AHF32Q6YAAQ7QNHEROCDCCWFUOPQ;Amit Kumar
7588;AHF3ANMCWYYADVLTRUTKK43XXLPQ;CSK_OFFICIAL
7589;AHF3N2HPJZG2DWTJFC2THLYN52QQ;Ashwin Sindhu
7590;AHF3WL6GGYYJSX6HUJCDG67S4EYQ;K Ramesh
7591;AHF45IU3KZ4H47ZP3F7CZE7MHYNQ;Amazon Customer
7592;AHF4A3ZGP7G6JLXAAJ77O2QDJSEQ;MDR
7593;AHF4Q46ABHEW3O6SZQMAXB6R6ZLA;sayan mukherjee
7594;AHF4QZVKU6HOKT3PM4JVK5LGQAWQ;I am patel
7595;AHF4VUNETUB7FQORZINTQG2XOEQQ;Amazon Customer
7596;AHF4WTXSJ7OWJ6EQ2TDQQB4TGRQQ;Soumya Gayen
7597;AHF52K4NWNVQ67FHIOFZAGPQ3PFQ;Lalsangpuia masanga
7598;AHF5BKRYGMVNIVA4ZZEYP3O4MTWQ;Amareswara rao
7599;AHF6WK7M75GMQD5UBU5KL3CYR3PA;T. SAIPRASAD
7600;AHF7EJSIX2PYEQKA4EF3OLMPI6SQ;Rajasekar K
7601;AHF7FOM3HINVCDH3I3HLPB7B7N2A;MD O.
7602;AHF7NDPWJ435H5NW5V6B4CLR7NFQ;Shamanul akhtar
7603;AHF7VQLRU5JXP6RK73TKZND6LRXQ;Shashi Kumar
7604;AHF7ZBKNBLCLFHGJG5KXKPI7QVCQ;Vikram Kumar
7605;AHFAAPSY2MJ5HYOU2VQDJ7AQY4NQ;dinesh
7606;AHFAYARHKASPMG7VH6BITH7O52SQ;divya
7607;AHFBBCPDGNSDA2ERIF6KEXOXR2GA;Srushti Mali
7608;AHFBHTJ6XSO77AL7PDKEF2O2QAFQ;Pranav
7609;AHFBQWP65RDAIAOAYV35FWWX2G5Q;kishor Wankhade
7610;AHFCEAPRZ44PZ2EVRAJ5SBCDGSBA;Rupesh Patil
7611;AHFCHZTGIW3H765BOG5UQ4CS5B6Q;Vijeta
7612;AHFCRBRVKYQJW75E4DQHUOXK7IVA;Mohamed A.
7613;AHFDICPWOMD7PR4EWYPOT5JZTX3Q;R.sasikumr
7614;AHFDNDR53QEPY535GSA7C7ZDQ5DA;Amazon Customer
7615;AHFDXAEDNPG522UV55PCCVEILKOA;Amazon Customer
7616;AHFDZC2Q6XYLTF2H645HIE2ABOTA;jagdish
7617;AHFE7BRH7S5NK64EFSE44PPPE5VQ;Utsha Datta
7618;AHFEHKYNESEZDPVMXT7UVI6U6KLA;Harsh yadav
7619;AHFENRYJG4LPXDTUGEMG335VICSQ;Nadhiyarasan
7620;AHFF2NUJXGN5BFX76OICF6XVEBOQ;Annaram vijith
7621;AHFF6M6NA23SOFKPPX22FLLPRELA;Vishbhav Poojary
7622;AHFGAQ7GJGA35TSLYKZG4NAUFBFQ;Purrnanssh
7623;AHFGDVDHTJKY6CD6ALJ7QYIXHRLQ;najib khanche
7624;AHFGGYF4MVQF5EOQIFQ2MUKGRRKA;Farheen Shaikh
7625;AHFGOH4GBUXQQ45BNRBY7MHPN4NQ;dr. sunil
7626;AHFGOPCKQ4SMDFRKGLYFOAKTYXUA;Amal Gopinath
7627;AHFGSNUXSEGQ4CW3BIGW2ZPZUC4Q;nidhi sharma
7628;AHFGWOU2ANAHIK6VUKI267DZO5PQ;imtiaz dhalech
7629;AHFHIY2KE5PQIJ6H7PKV6N7OLIZA;Vaibhav
7630;AHFILHSL3P3VABTMFUYKAWTNUWVQ;shiny
7631;AHFITGJEF76CXALJZLYP6OIC4EOA;Amit katoch
7632;AHFK5JSZGYMOMOE36LRSR2HC3V3Q;Mantu kumar Sahoo
7633;AHFKBN3ZZECQJAP2WEVEDSPH67CQ;Lakshminarayana G
7634;AHFKFHJR6Q3FYXQH42N6O2RHLAYA;NAVNEET
7635;AHFKTS4EHCDCYQS425TALOSRSNHQ;Sinoj Mullangath
7636;AHFLEWWPES5LH4ZHJGDJ7OJR2Z7A;Syed Z
7637;AHFLHYGGLNAPDY7RTZ4NA4OFL22Q;Mahesh Janardhanan
7638;AHFM667GXYFTR3AUJA3PYCTQNTRQ;Eswar Babu
7639;AHFNG3ELM4SUVBZJXLUUMP4NZSGA;Maya sutar
7640;AHFNQ2ZQIAN6HAYSDYZK24L4ZU5A;Nagma
7641;AHFOGTDIQHP3LINYF4EQOBZ6GKZQ;CM
7642;AHFPVRVDCUBDIONDU5U2DAT4CVJA;LOKESH kumar
7643;AHFQD5KRJY7BD46B7QVH6J632T7Q;Anil
7644;AHFQGP45QKIEFKYOCYUH4DP63XGQ;Gautam Jethwa
7645;AHFQHRUOXMDEODCDMN7DAH7O3XUQ;Kalyanchakravarti Nemana
7646;AHFQU7X3BLUNYBPNEBVXRU7U5QPA;Anant Varshney
7647;AHFQXP2EQZOT7NTNHK5TMB6QA5QQ;Harsh Shah
7648;AHFRVHCEDFHQ4PRJLJHZKNRN34KQ;Ravikumar_Mani_INDIA
7649;AHFS3ZLC4Q5YY36YMZJ4NAIVELMA;Bala J
7650;AHFSBUDBRXKMCYZPP6BEZKRNOQTQ;Sony S.
7651;AHFSOIYBAXZ3WLROODW5ATRX2XKA;Raviteja Richard
7652;AHFT3PEI64SYXMAXBJMISWFPD72A;Amresh Tiwari
7653;AHFT6MCOAFZXAUNCYQYPBI7YYF4A;Showkat
7654;AHFTFGF2YB5ZEUB3NC3KOBGZBG5Q;Santhosh
7655;AHFTHBS5KCQWNQIYBUXWLMS6VJNA;Uday
7656;AHFTNP5NESJTIHQKP47SJV73TNUA;Verified Customer
7657;AHFUCGQIN5PXICCP3SSBXKBIMIIQ;Kritkalp
7658;AHFV5ARR3PS2ARXNE6ZUZWY4WTSA;Shanmugam
7659;AHFVKTDEOWKGGCJBKLGXF2S6YSEA;Shloka gautam
7660;AHFVYKQ2L4PSG4EKGA4GLQKQT2NA;j.shahulhameed
7661;AHFWCOO3S3BKNSCQPHSFFOA2RGSQ;PrashantM777
7662;AHFWTVQF2PV2OSERO2BHZXE6OKFA;GopiKrishnan
7663;AHFX3A6IT3PFKH3WJU3BRCMOAOIA;SRI RAGAV
7664;AHFX5HMDRZADFXH5XYJLGRDZFM3Q;Prakash
7665;AHFXBNDCOX7XWOQ3AG6PTK6LOF2A;Tajammul Hussain
7666;AHFXFKDFNJJ3YLNGE4XLHZQ7SSFA;BG
7667;AHFXY4LR6WSLCD65WDSXNI3FXMIQ;Sarath RadhaKrishnan
7668;AHFY5XAN2X4N5GXOJRN5Y7HNC57Q;Hemanth Kumar
7669;AHFYGVFMNT5FXKSBIHW7ANUJD22Q;Lazy Lion Ankur
7670;AHFYGXWTFW2WTUEEYAKS3BYPQQ3A;Govind S.
7671;AHFZEHT2WQTE2ZR4SJHYNJNNST3Q;Minnaz Rehman
7672;AHG274KYTUFW4U6M4Q3RXSY3PFLA;Anil Kumar Singh
7673;AHG2TGE2J6EVY6LVRY5Z4T5QXDVA;latheef
7674;AHG2ZF34JUECM4ZYKFDRRUIKDIXA;Aaryn Chaudhry
7675;AHG33NYBIPVHA7BABNXDT4NDZBMQ;Meet
7676;AHG33QRWJPAIDBY3URAHOVO67T5A;Mahendran G
7677;AHG3XDBDEPOZ2PQAIQ7HUSSRMANA;MANAN DANI
7678;AHG4NWCAUQ7X2Q2OYOIB5WRNPHWQ;vishal charikar
7679;AHG4ON6JILVZZJIB7VNEWDGQSMZA;AniS
7680;AHG4SFZWRNQXOK66GANDZ74HIVAA;Uday kumar K
7681;AHG53EP2KNCQJLYG56QPMWGNY3MA;Jayashree
7682;AHG766GX32WE357IIFA2PJWO7XRA;D.Dutta
7683;AHG7RESECZ5S4EAPBC4A2DMHDOSQ;BhavenW
7684;AHGA46UDDADBRAB5FOHX6XY2DBVQ;ramesh
7685;AHGAALVLOMKMYOG4JAJALWFSHLCA;Mohammad Salim
7686;AHGAPUHNPLZZD7NW74AQPOEYPJIQ;Amazon Customer
7687;AHGAT6WYRGMXHVJU32IRWHCKZIJA;Pares chandra Ray
7688;AHGAVBUAPBB646EUCPJNUADKTLAA;Amazon_user
7689;AHGBW4HBRJEUNLSHM376MUW2QCIQ;Ganesh
7690;AHGC4ISYSAWYL3CB4IONRS7WO2AQ;Sandeep Kumar Sahu
7691;AHGCRVLMGOBN45HUKZJJX5WK2TMA;priyanka chauhan
7692;AHGD2EMY5M3BGX5MUH5DMSV4BNRQ;Suyash Bajpai
7693;AHGDO2HIQNPHLHJND5EY3GSLNG4A;Kishore
7694;AHGDXMKQ7B3CJHLZ3GCXWMDMPGSQ;dev
7695;AHGEURQ45YJNNNFH5RU3XS3HVOXQ;Jyoti kharb
7696;AHGEW4CMLQ7VCFGGWB3DZNZKG34Q;Aniket Bhoir
7697;AHGFA5MNVOFDMIL3322YZ6IOA5VA;M.SASIKUMAR
7698;AHGFMDVEL533SHTU5ZLYSVFYBWTQ;BHARAT PARMAR
7699;AHGFUWNO5JO5V5DUDHKMWTLNP5HA;R.Ravinder
7700;AHGGKBW74PHXCYDZCZL3DQ5ZXYQQ;Prachi shukla
7701;AHGGMK5IGT2IKSYYR62ABGCO4HZA;Anurag kumar
7702;AHGHFJXREBY4F2LI3M6SFLSWC75Q;Girija Mohapatra
7703;AHGHZUAWSZHBYY7LU2UTO447DP3A;SMD FAYAZ
7704;AHGI6HOOKQ4KIORVS3SSRROYIXLQ;chakri
7705;AHGJ2DNFP3OJWO73XW2R7TDXI7WA;Suraj Chand
7706;AHGJUEH2OCUBOVSJSKQSHCSOW7ZQ;tapas sing
7707;AHGJVDDNG2LCJPZUBWBLWIJVH5HA;Abhi
7708;AHGJXZZRXZB2T477ZTVMMKDT3LGA;p_v_
7709;AHGKNJU3CXZ5GCOAJA7JCXNZ5RCA;Anup
7710;AHGL2UG2EBUJLZLOXWW7BYZ32OWA;Prabhat Tripathi
7711;AHGLGITLEVUVGIAD5XHM6GBKJTBQ;Chandu
7712;AHGOIGUEHWNGMJV3KAMYFP2CBJPQ;Deepak sarathy
7713;AHGOLGDHHDPHLQIXJCEWKUMBERUQ;C R PRABU
7714;AHGP46O5MO2FPEVAHZM6A7EZHAEA;XYZ
7715;AHGPGK7X35WHOVKQHT3OCUQ7KJNQ;Josh Crooner
7716;AHGPOB3Q2BTBR2WJNJCFAYF4XXLQ;Saswat kumar Rout
7717;AHGQK5T2FWW7VSK76KSD6XOP72BQ;Amazon Customer
7718;AHGR7SEDTEDIYX573IXYTQL3OWUA;Ranjini k
7719;AHGRRV5SETS34URXKM5JR365ZGKA;Princey
7720;AHGRX2KYYYN35REPQLWUVWT3UQ5Q;Naveen Reddy
7721;AHGSRNN4YIHUG6KHMZ4CGK6KACBA;Krish
7722;AHGSRT7WNHURSXA5J47RZCOKGWBA;Amazon Customer
7723;AHGT6UU5RQGF6YSGFMDIXANEX5RA;Sayan
7724;AHGTBWAQDJQGFRXUHVMEAVA4ZPUQ;rajnish kumar
7725;AHGTFXNFYDEBYKFIM5AGTVJHLQWQ;Jaya
7726;AHGV2ZMWXKZRSG46I5AFRD5GBFPA;Sivan Sai
7727;AHGWEVW77V3AN6L52PJ7NYI5LTFQ;Harie
7728;AHGWXO3TIN5RERBOPO6KS5HW6PQQ;Serena A Lyngdoh
7729;AHGX46NEAGEBIMLPLC4TB3Z342QQ;Saurabh kumar
7730;AHGY7QPVZJPTLRLC4ZAY2N4EISNQ;Ganesh S A
7731;AHGYEGAWBMQGOITR2ZFR7SFSWLGA;Balaji
7732;AHGYKNL6LSZEE7TP7CPLHDZXBNFQ;Reddy Pradeep Kassetty
7733;AHGYR3ZSYI6EPPK3N6SJPQIP53FA;Sanjay
7734;AHGYV4BZYGAHGRKZJ3B56CVDCKLA;SUNIL
7735;AHGZNSZ5ECVXE3L5RCORYAQXCDAA;Aditya
7736;AHGZYHF5ZRYSA3NOF7NFU4AHW2ZA;Anupam B.
7737;AHGZZFMXCGD7QFG2Y44DLYVDGPQA;Vinod kumar
7738;AHH25W6KHMEYNBKGDDRMT4VJEUDQ;Priyanka
7739;AHH26HAPTOI5Z52DFLNYU5TOLWCQ;Ram K
7740;AHH2JUMVFGEUJXW5SFUOAIRZBVJQ;P kanaka raju
7741;AHH2OWXJPPMWL5Z7X6WUFN7RDTMA;Sachin P S
7742;AHH2TIJJ2IGD5H3DJO3FROUHRRSQ;Gopal krishna rout
7743;AHH2YDP3RVAZJCPRGWRZYUIUPJ6A;Hetal D.
7744;AHH3N6GR7D7M2TQEMQ2YQZ6E3VSQ;Sourav Ghosh
7745;AHH4BY2VNEWPMYROK77IHTHTZWVA;MCS PAVAN KUMAR
7746;AHH4RVJIROHTEVGRWPYUX2SUHUBQ;Shrinidhi
7747;AHH4X42X46T6KKBR7G3L7TCGV3OA;Neeraj
7748;AHH557DUFIPFPRKDZ3K76U2DJ35Q;Hari Prasad P
7749;AHH5S3NZXPTNEMV5ACI2OUFQPESQ;Sandeep Shampur
7750;AHH62JI45VG2IAZW6LEV5I2V5A3A;Sanjana
7751;AHH74UTDYQPVBMM4HEEMRAU2DNMQ;Harish Thirunahari
7752;AHH7XVKA2LEWAG2VZMB624JSNDVA;Arvind
7753;AHH7ZBKQ6VW722YSK6JZANJAO7VA;Qazi a.
7754;AHHA3DXLSJ3LS57KWW56FPPV4OKA;Vaibhav S
7755;AHHBABC6Q734R46ZOTCRCVMIDE3A;Prathyusha
7756;AHHBMYHNLEWTUVSATQ2JSLH6N7LQ;Ashish Mishra
7757;AHHBQDFH6KWPFVI3SBXHZNTYK3XQ;Amruth Ramesh
7758;AHHC3QIX44VPXBB4HHGJ2RNFV67Q;K. Sarath
7759;AHHC4X3NGUIXBDLGBNSGVCEBBWXA;Siddhesh Yadab
7760;AHHCC6KDIDI7OF6J6HV7OBGG2JGQ;Sangeeta sinha
7761;AHHCE7SDKWRKQDLFXF2YNMGODDRA;ba_doh
7762;AHHCHJMZSYKSIE6TTZMRNSBE7WTQ;Sudhanshu S.
7763;AHHCU7EJOMSMPWWIYKX5AYZMZL4Q;GR Talwar
7764;AHHCVLPZJDMVTNXUP3HJK3YIFDFA;Rajendra Kumar chandra
7765;AHHE2EJE6HYXFVTGS6KJ37YP3K2A;Amazon Customer
7766;AHHEVDG5NWTNJRAW4M5FIRKMFEEA;sanjay
7767;AHHF6TY4V2LICXXBWSKTTCUWRGAA;ADINARAYANA
7768;AHHGEASO3BOC2ET23MDU64DKQ5OQ;Ekant Sharma
7769;AHHGP3WIV7RMRVERWVUEYLPYXYHQ;Shashank Reddy
7770;AHHGXR7CKVXIJ2ZT7XLLXW4DK7DQ;Sunil W.
7771;AHHGYTDS6KX64NEIGKWHCG7ZNDCQ;Ajit kumar
7772;AHHHCRWKGCWA2BR7WNSBRHPS24JA;Sushant Shukla
7773;AHHI45SVDVL245YMCPAW5MX3GIAA;Ramveer ydv
7774;AHHIHCEKEYDIRPJ5W7WXGLB3E66Q;VIMAL
7775;AHHIYGP3CYZMZCQ75JLV6FKKXFYQ;Amazon Customer
7776;AHHJ2MPEQDEB2OL5VELPVKG7HA7A;_gurnoor_00
7777;AHHJWO56X2DQATPTWFHER2LAVAGQ;Wellwisher
7778;AHHL6WFI4OEWNPTGO4WEDF6B7WXQ;Yogesh Sharma
7779;AHHLBBLNGWZWIX23N4AQKFS6XXAA;Amazon Customer
7780;AHHLEAFO3POG5JSN5OBR6S23N3PQ;Unknknown
7781;AHHLJNBYVOGQSFG2Q4UMMRU3V3UA;MUKESH KUMAR VERMA
7782;AHHM6EU3UYNVBOLWRFDKBI5BV4TA;Randomsurfer
7783;AHHMIBI4WD5JRIXCHLFWBDUBUANQ;Hanuman sarda
7784;AHHN6OTOZ24Z3BWFJHUPDGRMSVCA;Topchi
7785;AHHNW3TC4PO5FFOT44YTXIBYQWGQ;MD Altaf Hussain
7786;AHHOQFQAQ5UY2BHG4MLKV7M6LOFA;Rohan Varma
7787;AHHPP7KV72ZCVMFDBEPBQE7KXFKA;Chandra Shekar N S
7788;AHHPWPWUPOBG2CH3CD4GHCKZP3VA;Mubashir
7789;AHHQ5CWRAMNLLPSINLJSICBU7CRQ;Himanso
7790;AHHQEKUNVETALN7DTRHUQ2WAWEKQ;Rajesh
7791;AHHQF6UWD53IPS32OWDH7PX3LWWA;Hari
7792;AHHQN2SYFUS6YB7LD7UTB5FRTYGQ;PRABUDDHA BHATTACHARYA
7793;AHHQSBPLDA34RFVGLUJTK7JWFWXQ;Mamidi Sai Prasanth
7794;AHHR537KLQY7CNKPQSL3SFUGQFYQ;Nirupma Kumari
7795;AHHRHRPMQ3O5NZ3NJEFYSDPS7XHA;Akash
7796;AHHRJ2ARM7AEB4HWSZKQ4WDAMUCQ;Air Commodore DK Bhatt.
7797;AHHRYTCXJYJCRHFUK2EPOG7I3CHQ;Rameshwar
7798;AHHS23JALEPKBIT7NAIJDAW3U5NA;Harsh Kumar Shrivastava
7799;AHHSFGNEBL7YFX6MBHHJ7YO3UJSA;Shivam
7800;AHHSKRWWN3SB6GQPEDWWIFS7NBIA;Amazon Customer
7801;AHHT4VWMFYSASNW6RH2Q65C6YNDA;Manuj Patel
7802;AHHTWGSVW6ENNVUTEPAFHRLQJPFQ;Mathivanan
7803;AHHUIFGGDKLFQ5JQ6GKTCFP5ICTQ;Karan Arora
7804;AHHUO6DFK2PMMQW22NZIN5A5YSYA;Anushree
7805;AHHUP4DBXB2AQMEO27XIQ3DJSVDQ;Dhatwalia
7806;AHHURVABUYFBH5VMO37ELU6VL4BA;An Interested Customer
7807;AHHURWLAWRA76F6ZD3SQ2LZ5PYVA;Sajith saji
7808;AHHUUUD4XBXYHTWDGSEQGER6S5ZA;SJ
7809;AHHV55IOBUA43K6OGUB6MH4SCSPA;Akshesh
7810;AHHV6JDMQT4XARSRIQ7QVIJVLZCQ;ANIRBAN SAHA
7811;AHHWAZU4DKWHDYX6TXUOHE56T5AA;Ankit Ghosh
7812;AHHWMM74VFNSZX4JYLKWBTMNBYVA;Amazon Customer
7813;AHHXKLOSVKPZHXOWB4PLM7R6ZYIA;Praveen kumar
7814;AHHXZ73LFPUVJKZIVPGVDLUSD7YA;arul
7815;AHHYFEVKBVQB52YMNNKAZT6C75LA;KAPIL NIMKER
7816;AHHZ7KJRSXG4SOCT5CYSHO3DWDMA;Vasanth Kumar U
7817;AHHZ7QIHLGGULJCNSO6UZWGGA62Q;Shweta Sharma
7818;AHHZDQ4MJ63XTHK5UTCXGFSPQNTA;Baskaran
7819;AHHZNQQE76XX2RN65TJO57ZXDDLQ;Ashwanth G Kumar
7820;AHI2K2FYRC2LPTJ3RLMDZEEDTPUQ;Lokesh kumar
7821;AHI2MWHMTDESX4HL7HFIN5B2URKA;Michael
7822;AHI2QJ4CLTCQWACDIC2LDFJPDAPA;EAGLE
7823;AHI2TJYEOS5WZ2OAP2BRD5PPXNCQ;Madhuri Khanolkar
7824;AHI3ZFOPJRASPDNKTIADQFUDLCJA;Akhilesh Singh
7825;AHI4OYSIYXJIJIXAO73LAUJTEICQ;ANURAG GUPTA
7826;AHI55SSF7NUY4BMJHZVXTUAI4Q7A;Yadu
7827;AHI5OWQHLQO2GNR2KBIOFRAPK4LQ;Amazon Customer
7828;AHI5ZCPOFUPHGSJW7H5HCL3DYX5A;Akshay C.
7829;AHI6QKYX47HGLXVXLCHAUHBZJTNA;Dr.Rajeshbabu.V.V
7830;AHI75BH7J42XPZ3GSVJINRNDIQGQ;Sourish Saha
7831;AHI7MAEVGKFALD52EV265L5ZZXTQ;Anshul
7832;AHI7MFQMUC5N6DRDGTYZPAKPWF2A;Sasmita Chopdar
7833;AHIACMMGVA72WI7Z7AH44ID3AVUQ;DEEP Sadhukhan
7834;AHIBP55ZTOTM3MNBFPQKJIX4TONQ;Vaishnavi
7835;AHIBQJW27GSAIXAF67PPWDRPZVAQ;Sowmya
7836;AHICHCW6EC3BNV2IDAEAJPBG4HZQ;Deepak
7837;AHICRWO4RPGT5JZX5X62PHKEIOAA;Vaibhav kumar
7838;AHIDFZK6JPIY7FCTPZQJR6MSWV7Q;Amazon Customer
7839;AHIF77XCTU4RPZQLTOMGSXQAJIQA;Saikumar
7840;AHIFF4JR45VFWKDINQEHRJNWL3CA;Kalc
7841;AHIFIRZZSK7NK4HWJ7FCYSHQ7KKQ;Amazon Customer
7842;AHIFRP4LVADODLWKJGA7DHAIPUJQ;Harshit Rajoriya
7843;AHIFXLEEJ4LZAFB52LVWNFMQXH4A;Maksud Ansari
7844;AHIH3QL5XONYJWEXF7VKLFHZBDJA;Rajesh
7845;AHIHM65JP3HOHP2GPPDMKIAZJQCQ;Amazon Customer
7846;AHIHPBLP6PPV66Y3AWOSYFBVZPFA;Sandip Bhargava
7847;AHIHRVMHYHOH5D52QNATDQ6G3VRQ;Karthikeyan G
7848;AHIJ2RAFZZHMUPJJKYHE2CU7ZNEQ;Harish chandra
7849;AHIJVXU2LMW6UBF6VPT4BGMBMYBA;sharad shedge
7850;AHIJZTKPBCAZCSUIZU3JPERUM55A;Nitish Varshney
7851;AHIKFQ5VP6QGYQK3GJICMV4U7ULA;Babu Singh Rathore
7852;AHIKGYNU6WNPXPTNQ754PCL6LKQA;Vijay M
7853;AHIKIHUKNQUQQWRBFB2ZP2CMWCFA;Varsha Diwakar
7854;AHIKJUDTVJ4T6DV6IUGFYZ5LXMPA;$@|\|TO$|-|
7855;AHIKT4WX23GNGZCH5KEHHVFYZYMQ;CH.Mahesh Sai Kumar
7856;AHIKZM3LUGBBQKMPY4BSYBCUI6FA;Prathap Thavan
7857;AHILALAA7Q6SQRTFJVLT75P37FXQ;Amazon Customer
7858;AHILS5IGSFXF4SM2DAOB4LLULPHA;Sathees
7859;AHILWO2P2PT6EKK2HS4EALRJIQ7Q;Sandip Shingrakhia
7860;AHIMDVA5GYWGVLVSZBG3ZFVKF5VA;Suresh S
7861;AHIMX6EL6H3CLBEVJCWLIQHSAA3A;Jogi
7862;AHINIWK2KZENSZSLBZWEDOZMNEBA;Devesh
7863;AHIO55R3HT4HKDOPYPNIDKDONGHQ;Ritesh nishad
7864;AHIP2HW7P357NTKOSI5YIEQVN27Q;Varalaxmi
7865;AHIPJJAVOME7HM7PQCZAEOJRLLSQ;Amazon User.
7866;AHIQ7HT7HDEW67HOPSLTFF2TH2BA;chakrapani p
7867;AHIQFVEC26UUHE433ZSICDBIB36Q;Shreya
7868;AHIQL236HODJPRW5A5IGB34PXVDQ;Gaurav Chaubey
7869;AHIQOWYOEAPXFI3GJMNRV4Q7BJUQ;BRAVO!!
7870;AHIQYP5QKXYWXGJC5Z6YGIZVQTKA;M.Sathish kumar
7871;AHIR6246Y27SKCODQVBVE2H4RVVA;Lalit Kumar
7872;AHIRJYCO7S265XRVOHKEQJV6BPIQ;Mahesha
7873;AHIRZ7N53BSLWFWNEUWYKT6NH6OQ;Kiran ahuja
7874;AHISCX6HUBKW7D2SZNRHWICDLTZA;Amaresh chandra  barik
7875;AHITFY6AHALOFOHOZEOC6XBP4FEA;Prabha ds
7876;AHITHYIQE2EATBE3LI6GU3HJSMLA;Prasad
7877;AHIUAO5XZ6A6KCCQVX7IX2DWQSAQ;shaiksha vallii
7878;AHIUG7OVT3SRXSCNUZPNKHTQH57Q;User
7879;AHIV6ODNO4FNGOPKPP3HBN5O5X4Q;Jasmeen Syan
7880;AHIVOVS2S5CODJ473W3ABVHSPSMA;MANOJKUMAR PATIL
7881;AHIVPDOVK6OQN6WGTESSXAP4O3NQ;Calorie HNT Pvt Ltd
7882;AHIVX7Y7GNWVU36D4RNPEFSHHQCA;nagarjuna pedamuthi
7883;AHIW4JOFXH53CL6UI7TWL62YE43A;A R
7884;AHIWCPCQ2Z4HWEM7V4HGTLVZQM6Q;Robbin
7885;AHIWDTUXZ2KUNE2BAZOWMZVDSS3A;Manish Singh
7886;AHIWMQ35DZ32I2NXFG3FZGQ5WUVA;Aman singh
7887;AHIWN5RZTRU6WU6RDZ2QBYVQ64YQ;Masood zafar
7888;AHIWNZ2HBQAHVE4OWODM6WH4PMOQ;roshan
7889;AHIWSTMUSIYZAZQAMOLMPJHR7NMA;manish
7890;AHIXHFFI5L4PB2TCIFILOKL2JQQA;Mayank
7891;AHIXHLUQXHAFN2TKJX3DSFYYQ22Q;Kishan Gopal
7892;AHIY6OJMTRL7DOBFBAIJSJ5NQU7Q;Jood G.M. Jerry
7893;AHIZGOKS3XBB5L524ZR3OZBCVWVQ;Ajay suyal
7894;AHIZSFJAXQCBI5OCUHJFSGIARK7Q;Hitesh
7895;AHJ2PBZMYKYL5ZIS3RYNY5RQF5OA;PD
7896;AHJ2Q76VFBFNGG73ED2KVXOPNHFQ;deep
7897;AHJ36WVWO52FUAO4F7W2V2HUVIOA;Amazon Customer
7898;AHJ3EGCWYQPUL4CX3MXHWDERT7HA;Koustav Gayen
7899;AHJ3MZMF6XCTMU4Q2ZRGHQIPYTVA;Vikas singh
7900;AHJ3NVF3ERE5CN626OPOX6AEPQ2A;charanbir
7901;AHJ4FPXTAZFVCFSS6452K77MSNGQ;sarfraz newaz
7902;AHJ57MLUC2YLYZQKU3CX6UL5PGJQ;AMIT KUMAR SINGH
7903;AHJ57SAHKACWMDHRDRNH5UXKQXRA;Akshit kumar
7904;AHJ6KV7SLE2A5BW3MIEVW4BR7MXQ;Sarita Yadav
7905;AHJ6VHL36QKYZYOZPWP5QD3H4DQQ;Amazon Customer
7906;AHJ7766YC7CZ4ORPCHZLOOCANFNA;Steve F.
7907;AHJ7INNUX3KZSEZRJKFMRJAX7TZA;Nikhil Padwal
7908;AHJ7NZA7ITERDVQAZREZMU6X74KA;Kritika G.
7909;AHJ7V4RXBRFQB2OARDFFSNWHNIRQ;Manindra
7910;AHJATMZUL2L2MVZDRBBE2YCLSDUQ;Amazon Customer
7911;AHJAW2YYU56TKMET3QKEKKCDZHVA;Brijesh Chauhan
7912;AHJB3PWCLPLMFBNCOPP5AM3TSXOQ;shradha nair
7913;AHJBBEOG5EDRWE3TWLZWZIQ7EIPQ;Pulkit Malik
7914;AHJBBVKQXUKF5QSQASCVFPWQGSTA;K.Singh
7915;AHJBDYJIPK5LBAZKUJ5QEN2SGAWQ;jaiganesh
7916;AHJBGHHXDRA7M5MKCLYLYDNWSURA;Sourabh
7917;AHJC3EZMZ4YKHBUHTQEZQ3BQMZJQ;Rajnish Kumar
7918;AHJCBBMUJWQGUJTT477TQ75ZTYNQ;Kiran Kumar SS
7919;AHJCD4A5IUH54M6QRKEW4LUHVJ2A;Bernard Rocha
7920;AHJCN3WBIWAFPESBIGKPYRNWEXFA;Mini Cherian
7921;AHJCYSNMFLZM7CA4FGDPU7A4UHYQ;Pankaj Kumar Singh
7922;AHJDB2E42D2O4IUV5IV5HDN75O3Q;Nitin Singh
7923;AHJDJPODT66LJAPROAV3ENMD4PLA;Shabazuddin
7924;AHJDPDXYI34BCGDP4LO6EHTJXSWA;Kimmi Chopra
7925;AHJDQ4YHS7U7JGX6HJY5OU5IBVGA;jagadish talukdar
7926;AHJE2BSA3PARAUPU7WEXWJ6WS3KQ;Ashish Srinivas
7927;AHJE6QFY5XEOZJJWOIOHHIDFWWFQ;Vijay Baitha
7928;AHJEMKM64LMY6YJR5AE3RMA2IW7Q;Amazon Customer
7929;AHJERQSJBOQHOWKP4BHQUZNAK32A;RAJA SAMANTA
7930;AHJF5BZJNDLXJXSW74ZPLHGO7GUA;roshan s.
7931;AHJFTFOH2F6NXLGSEFSVCLQQLTZA;Chandan Mahato
7932;AHJFXFGDAXEHIG2ZLUWVMZ3LWPBA;Taufique Ahmed
7933;AHJGMKHBETYL4Z62HIET2F5A26LA;Aliya anjum
7934;AHJHHQWQ25VCIQHG5XMZN5MRZFYA;Ishwar Singh Sankhla
7935;AHJHV3JIPUMAT274GIFQKJPKXNMA;Manjit Kaur
7936;AHJI2MF55Q5TE6JR2TUNNJXTACHQ;Priya Sharma
7937;AHJICOXQKSOPQGHIO62545GNPNNA;Subhasis Deshmukh
7938;AHJJEWUNINKPTB27KEAWF4S5QC2Q;Perfect Communication
7939;AHJJPJEYJI7CTBSWRRMIU7GW3NAQ;Prince kumar
7940;AHJJY3GFDJFTDTX5536IMIXVNCNQ;Atulya Sinha
7941;AHJK4PVBRGDX4N5LYA4EKHULJOPQ;rag
7942;AHJLV2V57MWQV4UA37TJ2ORGQLJQ;Gautam Ghorawat
7943;AHJNMSXBXPENCCR5EVJ63LGMQG2A;Amazon
7944;AHJOQPAW3DZ6NX2UWUY2X7BXV3KQ;Bharat gupta
7945;AHJOREVZKA5XCCFUV4QBFLNO5GEA;HASEENA
7946;AHJQJ4BFKEDVWHP6FIXGMF75XSSA;sonu
7947;AHJQMR2KBHVM6PAPM3OXBGYHRPRQ;Nijamuddin Kuraisi
7948;AHJQP7JD3FSN7JT6D43MEG7F6BVQ;MOHD MOHSIN
7949;AHJQYBWVOKGBO6SND232KLREKCSA;zubair
7950;AHJRAOGQG47ABVMM5ZQ7FF3XOPKA;MD ZAHID RAZA
7951;AHJRPRAXBOIRLYMCRQ4HCACPXDVQ;Sagarjit
7952;AHJSNMHQQWE6LMFRATH5LLJBQQXQ;Sasikumar madurai
7953;AHJT2MQLGOFNAFFNLLJGIYO5LT5Q;Karan Singh
7954;AHJTLVVBATTLS7X3LPKL2MVJM6VQ;Shyam
7955;AHJU5CZJ7KQTPDEKA2URK6YC573A;Abhijit Walvatkar
7956;AHJUIXMUINDDJJDLRFHQSHGLBSTQ;Amit Singh
7957;AHJVD3DZYPZ6IGOD4X4FB2F63TTQ;Kirti Juneja
7958;AHJVGRPUU4HSNRCPSCNXR6H6QHSQ;Rubina
7959;AHJVTASYJSVOZ7XSEMDCWOK3X44Q;Amit
7960;AHJW63Z3OYPN456LWSNIFUY4QHBQ;Alexander
7961;AHJWICC6V4BPVHNSGZ3FCIC4KUBQ;zhiv
7962;AHJX6GE7IGMLFM75SMKATV5ZRZ2A;Bindu
7963;AHJXAF4EZJDUTIRPQ5FW7ROHBBLA;Ramakant Bairagi
7964;AHJXXJ6QZSP5VH7GEUWUNOBETADQ;RaKesh
7965;AHJYH6BZ2SXIWIEUPNPC75P6ZWEA;Arunkumar
7966;AHJYRK56SVRBAQZMLOZWPBQU2FFQ;Amazon Customer
7967;AHK23XTCQSYWXJS2PHSGZP7TDHOA;SHADAB ILAHI
7968;AHK2ZYSXEGSQYPDXT53GDNFSEWXA;Nevil Gandhi
7969;AHK3VCLMISL3QD2KOQSW6WHTC6QQ;Prithivi P N
7970;AHK4GT7INMZPE5QFGOPVQPQWOCHA;sarath
7971;AHK6E3O55RIZSFP52ZJNTVSEEL6Q;ajay kumar verma
7972;AHK6Y7FOVUIRNCIYQUA4BBIKXOGA;Rahul Raj
7973;AHK7J2EVK33WETV524DZPUYL24YQ;Vijay k.
7974;AHK7QIHRRUR4GRXTSE76EZYJ77XA;Amazon Customer
7975;AHKAHUT2A5EOQTRLYEOO6W6BQSTQ;Mathew K
7976;AHKAX2IH662IVTVKNQJC356T3D6Q;TK Saha
7977;AHKBD2IJWFB65Y2C2W4J2VOMZQ6Q;Trx
7978;AHKCM7P5EDDMQZBKYYE75CPAF7FA;RAVINDER RACHERLA
7979;AHKCSY3JWTOFWMOBQZX7KXDDMQFQ;brahmas_bull
7980;AHKCXIGVYQTE4LJIPBIFSQNYZSCQ;Harishankar Thakur
7981;AHKCYSBVKKLZ6TZEUYSMS7JK7O3A;Yasinlove
7982;AHKEH7HFR3AZJEZMS2FU4B3SFCCQ;Priyanka Bhura
7983;AHKEHV7YSGK2ZCMEUQYS6LJNURKA;Vivek
7984;AHKEJNX6BD23WELVKN25GORPR2NA;Buyer
7985;AHKF4O42OIQQEWP4GOW4TCQJILTQ;Amazon Customer
7986;AHKFAQZRUQBRNNHBMARKC5YBCLBQ;Amazon Customer
7987;AHKFVSIKREMFQWP77YNTYVY6ISVQ;Harikrishna
7988;AHKGDW3ZEXQJDWZST66D6WW3RAPQ;HHJB
7989;AHKGLRHEHJ2FLFRMXYW4JTAQIFQA;Amazon Customer
7990;AHKH6KARYAE2LBQTRJTOQQ4A2KHQ;Amazon Customer
7991;AHKHDU6SJT2ATWB6NYREQFI7LMKA;palak
7992;AHKHL25G2FSHGHSMWDVH47N2IEFQ;ABUZAID
7993;AHKIW5FEJBZVHD4MH7LBRDKXFJTA;bhomick bhaskar
7994;AHKL2U5BIK4ZODWORRJ5RWNLL2TQ;Madhav
7995;AHKLFZK4YWYVSSH6RENLODXSQEWQ;Shaileshmhatre
7996;AHKM6B5F2SLXBFKIBHFHGBXNF4HA;Simi
7997;AHKMDJ4Y4EBQDNX6WV4U6DCESQXQ;saidheeraj ravipati
7998;AHKMDKVJS3O2FONH6P2GLWKV7BGA;Narinder Kaur
7999;AHKMF4W5DDK3NQY3YUKMZNNLPS7Q;Priya
8000;AHKOD27G2AIJP3DK46K55BDZELGQ;Srinath P.
8001;AHKONLROYYEFMPWU5WN7NC5VZIEQ;SNR
8002;AHKPIQ3BNCTJ2EVZ3SWK45X6S2MQ;deep
8003;AHKQBTJ7JR3SO57H22GOC7SIWG6A;MOHAMMAD AZHAR
8004;AHKQFWVTWLZQYGV6ZA6OCY333SNA;Dileepkumar
8005;AHKQJGLHNS4XA3MXLSQTPUTJXGEQ;Priya
8006;AHKQXI6UBPLTL65RPYN7PJ24ELLA;Syeeda Naseera
8007;AHKRBVYCV4TUHOZIMGK4H55YGMFQ;Nadia
8008;AHKRFXJ6RBOTGHZ2QFSLO5BBRHIA;Sudhi/Deeps
8009;AHKROJWBVJVV7IKLAA25VSE6D3DQ;pallavi
8010;AHKRRFR42OZYJKV7C2IR5OCPBMYA;Pramesh
8011;AHKS4SN5RP5OHNOUF257Y6Z4QLLQ;Sudheer
8012;AHKSCTFHQOFIBISZ7QXIL7KOIVGA;Rajat
8013;AHKSKUA2E4Q4UTWGK5KJOQUANEHQ;Pradyumna Mogre
8014;AHKSUT5W2N3HKHXSDIRQIGXBO4WQ;Satyaganesh
8015;AHKSXLMJOQHJNI2U6A4FURPV5CYQ;kutty
8016;AHKTDBCHIOLSIJYHGICL222OLCCQ;Sumayya Shireen
8017;AHKTEC7ZVRWNAA66KB3V5REUQG6A;Denzil Varghese
8018;AHKTL6AK4OY3ENQXT4IEV7SBIJ6A;Alpa Dwivedi
8019;AHKU2DWXK73RVA5XWKV75XR6WFQA;Sindhu Arumugam
8020;AHKU2XWNLBBW2KOKNZIHMUNHUIXQ;Bookcritics
8021;AHKUEAEHUGIV6L2V7PGR7PCJ5JIA;Monica
8022;AHKUL2YWYC6CI5RC4Y4XYWDU4LKA;praneeth
8023;AHKUNPS4ZAWFCFMIOFSKV5LF7IOA;saijayanth
8024;AHKUSAJGBXVQQSDC4RCKHF6PFODQ;H Rt khuma
8025;AHKUTOCV35GQXKKER66MS7NYIUXQ;Basudeb Mondal
8026;AHKUUFNMBZIDLSSPA4FEHIO2EC7Q;Sanjay gupta
8027;AHKUVXCYKFWABRPLWPL443YZWRSA;A Honest customer
8028;AHKVRD7NMI63YUVXHDNUMM424HAQ;P D.
8029;AHKW2FPVJKYDYZOTMPDW4CIXUHLA;Neha Naik
8030;AHKW7DHRIBCVNG35XNH6SEJWI5EA;Mnp
8031;AHKW7DR7CHI2WL772IRNUK3SOAUA;Puneet S.
8032;AHKWS73ZN752YNYJI3RUUS2MHCSA;Faizal
8033;AHKX52UJ5M3DNLQFUIONNKE3TSUA;Nand
8034;AHKXH7KSF7CPJCJMHB6B35VPTETA;bhavesh sabalpara
8035;AHKY24SIF5BG5XOFBACXN33XUO3Q;Amazon Customer
8036;AHKZLDWBBDU4KGY6XTFJVWSZDZVQ;ayonao
8037;AHKZN2KHHR7CQWCGJDX26C5TBHXQ;Arun Nihalani
8038;AHL2CPZ63TFC3VB3RUVZVPFC2YZA;sameer Dubey
8039;AHL2FABQV6XAHZN547DN662X5RWA;Sumesh Sundararajan
8040;AHL435VQHZZXB545DXGLIZSACFOQ;Devashish Gautam
8041;AHL4FIBWH6TPOJZ476FTXTHNENWA;Poonam k.
8042;AHL56ROKLAVDGP3ZRN45JIXXQ2GQ;naveen
8043;AHL5MROK5N63VXVBMKVZJ3GNB7ZQ;Arjun Sen
8044;AHL67UMLEYNKVUALRMYJSWUYJGAQ;KF
8045;AHL6DKFWYVLNGVHHQMGWVVZY5D4Q;Telangana venkatesh
8046;AHL6LLEVH42TSWIRQ5SEXFRUMG2A;Vickie
8047;AHL6URBGFQRDUNFGH5UCW4BGF4FQ;KD Kandpalhld
8048;AHL6VKPMWQ4A35OHVFRCPPBBEJMA;suraj gurav
8049;AHL74SDUOIK6IPSUCJI2JFFSWVJQ;Shafi
8050;AHL77AYQII5RBC5R3VAPWGBA6GGQ;Nong
8051;AHLAXX7RIGY6XLKCS5X3RRIMJMHA;Sivakumar K
8052;AHLAYQQK6ENDYDCMO5IZFMROZKZA;Amazon Customer
8053;AHLBCSKY2R74QDIIG43AIMBG46NQ;Amazon Customer
8054;AHLCFOXSW7PKG6NWJAYZXJJBHCPQ;Shubham Gupta
8055;AHLCHZOJ35AVEE6DYVVH6XR5D2MQ;Sujit b.
8056;AHLCTCEPHNLS7KWOQIZORDCV46IA;Stalin
8057;AHLDMLQTWAHHYBUVIS2J7LU4U7BA;abhishek
8058;AHLDP6L4GQIF7MJWWMNALXNQXYEQ;Vijay prajapati
8059;AHLDPH6DDZRW4YJZSSOINP64R23Q;Purvesh
8060;AHLEYZIZY2JWUVX7ZJUP2ZDQHZRA;Suryakant
8061;AHLF25KDQCPPRDIZCBICU5XG7ECQ;Shailendra
8062;AHLGDWS4WYSZUEJTU2Y67QSUHV6A;pradeep
8063;AHLGMGTL6FSAFU2INPKH5ISUODTQ;Deepak thakur
8064;AHLGRFI7QX34GNBZPPXAU3XDMUEA;Tushar A.
8065;AHLGS6FCOG5AUP23U6ZJRXES7DCQ;Placeholder
8066;AHLGTVWW4EB3Z3HM6JEPVMFXUB5Q;Gaurav
8067;AHLHAY6IT22ZQX7BOBY6TV2PHC5A;Khushi
8068;AHLIRBDDRJKUSNTL66OD3252EYZQ;Amazon Customer
8069;AHLJGXR7CFWP5MUJK3F4KZSE5KNA;Amogh h
8070;AHLKQWAPXICPCSCIPIF6C6FOENOQ;chaitanya srikrishna
8071;AHLLRY3ISUM56WO2EJYCDE4J6E3Q;IC
8072;AHLNMKVMOMO7SMAI3TRC3RCMUAMQ;Anand
8073;AHLOFWN5NO7E32LEZUOVSNQE7IDQ;Mohammed irfan
8074;AHLOJPA3DIPNKLDZVAW5XBTCSA5Q;Prince kumar
8075;AHLOOYOSGEO7R4A24UBQVT4UM2JA;Amazon Customer
8076;AHLORXFV6I3JRBNER3O6DIOVWM5A;Anil p.
8077;AHLPEYRZGYC6EPS5DFTS4GKZGTQA;Md Shadab Eqbal
8078;AHLPIV7SYJYC4OPSLCRAC3YVJ2YA;ANSAR JAFAR
8079;AHLPMR4VVPOQ2YOHBFOZ55D7OUVQ;Achint
8080;AHLQIXPRTNN5L6C3CBOUFKA5BJ6Q;SOHAM B.
8081;AHLQSFOZ3EHRPTEANJF2JUZUQOQQ;Sathish Kumar
8082;AHLR63PRHYHZRWZST4RFYKDX7HBA;Taj Mohammad
8083;AHLRNSGTZ5G2HBYEKPABQST4A3NA;Shubham Kumar Mehta
8084;AHLRT2VIZ5O7U6K7UG7P25P4S4UQ;Prabhleen loyal
8085;AHLSHAJTU5B4XBPJGON3Q4MKMY2A;Amazon Customer
8086;AHLSYCYRDNSLULX4Q5KSDKLBPP6Q;Ateendra GN
8087;AHLTUC4AD6YBXWAMDU2VVL4ADPQQ;Kothapally N.
8088;AHLTVQ6ZLVJWC4WDVY7SLO34XJCA;Salim Azad
8089;AHLUETN2P3TVLZUYVNMSIJ3GVVPA;amitosh biswas
8090;AHLUGCZZZXHB67SYPOESH2HT4J3A;Govind Tyagi
8091;AHLV2WM2F4G6ZNVZQ5QFP54YKIYQ;Monika rajawat
8092;AHLV4POL25DONGJ2Z2BDVAI72QEA;Sparrsh Sharrma
8093;AHLVAR4UGQ4I54HUEYPEQSLT7LGA;Zuffila
8094;AHLVFDJW36WQI2EAJURC4Q4525JA;Amazon Customer
8095;AHLVULA55BHT25TPEJKZCCTPM7CA;lokesh kashyap
8096;AHLX66FYYQMBW4K2RH6ZIK7FFVLQ;Gaurav joshi
8097;AHLX7ZJKWBQ6IEC5R7O56JAVEHPA;Devang.Gadgil
8098;AHLYJKN3B45FGUXNLI7HBJRMQXBA;Dinesh Kumar
8099;AHLYJZWIMC42O7FTHBOSUFOXBTMQ;Uroosa sayed
8100;AHLZ4BAUP3UWCSJILDJRFZTUIHNA;Alekhya
8101;AHLZWB73EYRXKYYJMEGIUMTZ7BYQ;Handsome
8102;AHM342MR54IYOKXJGG5MN53GQQDQ;trivendram pal
8103;AHM35ZOWV3MFJWNPDZOGEEHDWCJQ;BRG Goud
8104;AHM3BEM5TLDWOMRDAXTSJWFZ5TXA;Subham
8105;AHM3BXOUUDTBKLOHL25BC3ROQRXQ;Anirban kundu
8106;AHM3MJSP4J3IJUZE6ENH3352KDVQ;Agasthya
8107;AHM3VIGOFAIX3B5LBTVFIH3JPL2A;suresh
8108;AHM3XHTCR53YQNLERSXFPVJNMC7Q;kumar dewangan
8109;AHM4EBIS4ZE6DWJJBGCJ7OPTBA4Q;Amazon Customer
8110;AHM4G7MHKTEAZ7KQ6ADSZOTL5BEA;Shivansh Sharma
8111;AHM4ZOXDCO5UNP4WQUXKP4NWX64A;Kiran jot
8112;AHM52LICMSWL734Q5OL4BUM7YWLA;MUHAMMAD ALAU DIN
8113;AHM535GPAPUDBMUOQBNMCK4ZSUVA;ARAVIND RAJA R
8114;AHM56NVJXROPTI5WICZITI4YAZAA;Dhivakaran
8115;AHM5MCT3ZO5Q2MBYZUDB6UI5AXLA;VARUN PANDEY
8116;AHM5SJCQQWFMCWZ5776MEZGW5VWQ;RAMESH BABU K
8117;AHM5VPEM324X4ZSA2GQCBCD423PA;Kabir Debbarma
8118;AHM725LQ355H254F5MB47EVAEV6Q;cranky
8119;AHM727ZYMMQDPUHJ6OWCUCU4355A;Vicky M.
8120;AHMAO37N3VRBQR5QXRATTM75KHAQ;Kishor Patro
8121;AHMB26HGLHBPKSOH3OUNWCBIQCFQ;md javeed
8122;AHMBANCEQ5AJOQVPFHONG2QTDE7Q;Amazon Customer
8123;AHMBCE3D5FLL2VTWRXIWZCXIYXRQ;Antony
8124;AHMBY2YCZ6C6D5ZPODSHKAMFGXJQ;Kamaldeep Singh
8125;AHMCOOZB4T62PFVOC5KYTRN7AKCA;Placeholder
8126;AHMCRTWOJAUGPXCEW6BDOCJ44YFA;Krishna K Jha
8127;AHMDBWJSOJMUF6TURP2BZMKXD37Q;Nikhil Khedekar
8128;AHME467G4UTCVM75WV6LUC4H634Q;Mohamed Ajmal T M
8129;AHMFATKIPX3KHDWWE63O3F5UM3DA;iVan
8130;AHMFYDHJQSNEIQVXXGRBHFN4HIXA;Sanu Menon
8131;AHMG256GFFJ3XGDBZ33VX2SHQ4OQ;Shringar Gupta
8132;AHMGAC6QM62UXNEOCZIHLHSXPP2Q;Burger Planet
8133;AHMGJ3N5TJ5YYHGONQ4YANYH6EFA;Azim
8134;AHMGNDFAZFEDLG2QQBUI6Y5CN6GA;Mehtab
8135;AHMH6RNLYI2G65HY7POX4SHBVD3Q;Amazon Customer
8136;AHMHM5EFODDANIMBHGM2T74BEJHA;S R.
8137;AHMI2FIEMNMACC3DTD5FDHX344EQ;Rajesh Yadav
8138;AHMJ5EEDULQII3FGSNR7PSHQABVA;Gaurav tyagi
8139;AHMJ5HV6F5PZFFLBC4NQ7JCHYA6A;Triti roi
8140;AHMJA6VNTL3MQGWVBYXNUI26DTLQ;Mohammed kabeer
8141;AHMJFSNRDRGIRQDWA2YMWQOAPU2Q;PRAKASH KUMAR
8142;AHMJGVHC6Z2PFDPRVL3FFO6HVWEQ;Anthony S.
8143;AHMJJFA7DVXYO76MLL6IAPZYNHBA;Uttam Kumar Mishra
8144;AHMKSLALVS62JUHSHAI3FUXWDYYA;Prabhu
8145;AHMKXORT3VNMB75C3EUBYMFYELFQ;Pratyush Pahuja
8146;AHML2YILNIL55QN5W3ALM22KK4RA;Anupam
8147;AHMLLF7BJZGHT4BUAPH6OBOSQNEQ;E v krishana reddy
8148;AHMMC3QMOKVDBOOVOHAFZSCLWDAA;GANESH T V
8149;AHMMGE7E7A4MRWPCBASIPVF3AI4A;Salai Mani
8150;AHMN43SPXNEJP5O5QDLMZJXUAECA;Lucky mir
8151;AHMOAECWT7K6WYFJYZT2YIPYLZWQ;Parag Kane
8152;AHMOBOPW4OAANJ3VXXWX2QGJA6NA;Amazon Customer
8153;AHMOWP3T2SGVWPONQFVMQF7VXWKQ;Rahul Girdhar
8154;AHMPP4TKEPMV7DE5QB5NSFTTXUPQ;Uday
8155;AHMQ7YJYPC52BBWKM6EDMG4UP5OQ;CMA Awdhesh Kumar Gupta
8156;AHMQOU4PLYHFMMN2PFQ27U5F6ABA;Vineet Kumar Agarwal
8157;AHMR6LPDRS6LA5Q4IPR7CR5C5UNQ;Tushar Singh Soam
8158;AHMRH27KXXRCKPVINMYZCJRLSGZA;Vigneshraja
8159;AHMRZCSYJPOWABVP3722Z6YZR7KA;Bharat Justa
8160;AHMTCI6WVIFQLBPVV775QDEU32MA;Anon
8161;AHMTIK5UNPKUXAZEYS6SXOQLQ3MQ;Shrek'O
8162;AHMTTSRZB6U63UH4TW6J63UXIYEQ;S.Safura
8163;AHMU2CWOELBGT7EFCMWFQE5444YA;Mehatab Roza
8164;AHMURR4YBS77BA3QJ43PBIRDLLSA;elisha
8165;AHMV7CFP5QJKQVZUWZJHE4HZ2ICA;Swathi
8166;AHMVXMVFXD52BW23VR6LGK6ZVYLQ;Gaurav Choudhary
8167;AHMWJ32LQF2YEADFPUML4EKXUC3Q;Mayank S.
8168;AHMWLA3HDZGMRYZNHFWY7FWZ7BZA;Subhani
8169;AHMWV64SEF7KPL6YJUVNNIAIEHJA;Narayan
8170;AHMX2NZBM45ZRMYJIJGGTCHNYC6Q;Amazon Customer
8171;AHMXB2SMKANWFDSUQJAZSB3J2W5Q;Neema kumari
8172;AHMY5CWJMMK5BJRBBSNLYT3ONILA;Adarsh gupta
8173;AHMZC6VKUENGIMRG2EPSXG6RH23Q;Arup samanta
8174;AHN2VCYDPYHUDXSLFOLGIN5J46XQ;Jasmail Singh
8175;AHN3ZLP7PTR6WSQFI57Y5MXAOCWQ;Neeraj
8176;AHN4S54X3ZPVWJIMQEQYFTMAOISA;Manas
8177;AHN4U6CGBQDOWUPXFU7GFTTT4LPQ;Zubair muttoon
8178;AHN5GP2G4PSPXMVTCK3D7FJSUMFQ;Nikhil
8179;AHN5GS7H5SE5ZCFJH4KQOWDUKARQ;Anonymous
8180;AHN62JA33HWZG3PBDEJGF7VUVCAA;Harshal Balasaheb Bhise
8181;AHN6E6FWRU4KL6CALQVHR3IUMIAQ;Shanti Devi
8182;AHN6X3QCTG7BILQUFADRQKQ4I2SQ;ravindra kr nayak
8183;AHN73IF2MNKIJ2MEMND5ODN7XDFA;Eswar
8184;AHN7GHEZKML6JVIVYWBWABE7O5TQ;Raju Prasad
8185;AHN7KDVM3CXUADMOVMT45XTTPQQA;Kashif Shaaz
8186;AHN7KROB4JXXDRI6ZVYUNQLPABWA;Ashok Dora
8187;AHNAIWL3HMBBFWPLJWSHF5XIGJLQ;Savita
8188;AHNAZDZEKS6VNCJWHR4ESXYPU4VA;Barhoo prasad chaurasia
8189;AHNB5VMFI3KABWXMDVQWOSYUTGFA;Vibhu
8190;AHNBGEVBOT7Y7J4Z5AWCSDX35DNA;avinash
8191;AHNBZ3WPTLGJBSD4DMHKPHJ7XDHQ;Ashwin
8192;AHNBZ52QCESB2BGL4VTHG2ULVKGQ;K vijay kumar reddy
8193;AHNCIGFMABVRKLCNTAARDL6N25NA;Imran
8194;AHNCUNHIZXTMX6V4WVDHJVC6YOHQ;Hemal Jani
8195;AHNCXTHT7W36ICJ75NEKWWA2AK5A;Raviranjan Kumar
8196;AHNCY56JLPCF2AHRH3SO2RIKHYFA;Amazon Customer
8197;AHNDAZGEJUCDIFQ5CVONDFNJQHOA;Quiet Noiz
8198;AHNDQGC5II2W2NNJDKODYCGFN77A;rahul
8199;AHNDS2S3ENCHSKCCU22SVWH5UZKA;Satyanarain
8200;AHNDW5VKSMBFMC7T34ASEI7Y3GZA;Amandeep singh
8201;AHNE2UTXIV6QYFTLJCK7NJQ3UFQA;Yogesh Sansanwal
8202;AHNE3KUK352LFDTMI6GHAZ5DEL7Q;Ramesh Sivaraman
8203;AHNEADEWNAYISDYQMQWYLB5DC46A;VT
8204;AHNI4LKKPLQLDFCWJZ24SX4BGT7Q;Amazon Customer
8205;AHNI4LO3KW4DTBDT76SF7HJPI3LQ;Dipankar Maharana
8206;AHNI4MEMANGCZNN7HIVCE73ZLBTQ;kapil Singh
8207;AHNJJSSGE5AONEUXED5DKSZWMXVQ;Hemanth
8208;AHNJSC2JCU5WZS36B2ICX24355IQ;Customer
8209;AHNJTY4AOWAXORD6ELSDX6MCYHAQ;bhupinder singh
8210;AHNK4EL2BOSS6WRMONWHNWAF5KRA;Raj Chavan
8211;AHNK645M7U3NYPVYHTVX7LVQAVLA;Archana A.
8212;AHNKAHK6RYA2C67WMJPAHYF2SOOQ;Vidyasagar Murty
8213;AHNKJGN4LTDD3CFDIWZS5XNYZCGQ;Prabhjot
8214;AHNKMCRLNHO3LUTYPZ5C4WBK5JYA;Akhil thukral
8215;AHNLND23LRRQQ5HTBQGEKYKUYDJA;Brahmaiah V
8216;AHNLTNUGEDFJQZDRMZTHFFEV6YHA;Abhishek Patil
8217;AHNLTOBDXT2YN4GT5PH6FCZAYZLQ;bendi naresh kumar
8218;AHNM2XVU745EDPNGUOAG74PTSNRA;Rajnandini
8219;AHNMAYXQ64DDKZWPIIHOFX7UM7YA;Biswajit Choudhury
8220;AHNMGYFOR4DBIKA2RPCDIGULYQTQ;naveen
8221;AHNNGQDCQ6UGEBUXIL35RRKQKZZA;Shubham
8222;AHNNUOE6JO6DYVSBCELNHU63SLTQ;Harini Jeyapal
8223;AHNNVMOSRRVE4357H7KC2YFDZCYQ;Dkthr3
8224;AHNNXK6R7H6EEBQ2BZE7A4HIFWZA;MD Perwez
8225;AHNO42W4KBB6YAKX3VZKVCLI67DQ;Saurabh Dongre
8226;AHNOI3BBY6UCQN6CNJRZF23YTFTA;RAJAN KUMAR
8227;AHNOMOD65QU6QKFP3AMH5QPGQO6A;xxxxxxxxxxxxxxxxxxxxxx
8228;AHNQJPSI4I23HHMRHCCCI7QOBK7A;Amol Manjrekar
8229;AHNQK6FOLGX3QNM73O2SRNGL6CWA;Dr.
8230;AHNQOEGE6ZB5DB2BZKMI3GXO2YEA;Johnnie Sinclair
8231;AHNR5FBWUV4A5XSJXNBBK26US5XQ;Aleena
8232;AHNRF2HZSCFRQZBZLYECIAG4X7LA;Sushmita Ghosh
8233;AHNRGHNIKN4JHV2RVCWX76B7ID6A;Aneesh Mohan
8234;AHNV3R7QZYE5QVEV7QEEBFO37HTA;pawan k.
8235;AHNVMNUO3GZIOGQKKAGSPTXY5VEQ;Amazon Customer
8236;AHNW7DHVU2D3PR2CDGHWALCLXWPQ;A B singh
8237;AHNWJSDCHTTUYK5WOJBU2YKTR3IA;Aditya Upadhyay
8238;AHNWVF7BXDF76ZZFCIHJ4WW4CWDA;pooja bhilare
8239;AHNX2BVKDDWFDLQBCZVT3U6I3QDQ;Amazon Customer
8240;AHNXGGCOI6LKO2LN6FMM6FCZSHEQ;Vishal Magadum
8241;AHNXK47JHYPTN7OEUHPGH4KKQUWA;saransh
8242;AHNY4SVAISG2VQGF2Q4ADDFZIU3A;Rajesh
8243;AHNYPGI5E7UACOC4BRKLLMHZKRTQ;Amazon Customer
8244;AHNZPDWG65TAYC72YLSK2DUCA6BQ;Sumitha
8245;AHNZZYO7DIGCLRTY76GJ4D5Z676A;HARSHVARDHAN
8246;AHO4LIQVYAUKT6MMF4Y7MN5Z57YQ;Amazon Customer
8247;AHO4LKHLICKCC2UKDNIAITWMGBJA;Amazon Customer
8248;AHO4SAT62OYFF6SLBDKX6EPDVPAA;Sathish
8249;AHO4TPXF2JLVKWJRV2IDP3OD3D6Q;Gopi
8250;AHO6AWGPNKTSTMNPWGZB4WHA2U2Q;Naitik Parekh
8251;AHO6HF6W242DPCOUL337SAZ4RFWA;Ismat parveen
8252;AHOARBR5RTZEZWDSDTRGIBNM7TJA;Bhubanananda senapati
8253;AHOAXB3G2AJIRMJ6TAISCKUHR2XQ;SOHAM JOARDAR
8254;AHOBQSYNMOKA7BB6ZZLLDWPMBUYQ;Souvik Mondal
8255;AHOBXQOMXSK25FW2L4UU47YQZKWA;Anshika Pandey
8256;AHODCGFP6G5DRC3ZJONS3SKGNYUA;dhruv
8257;AHODVRQWWJ6ZANKRQMUTC2XAP7DA;Shreya Saxena
8258;AHOEADKKYXTHETSA2WOA6N4MQEVA;Lisha Dsouza
8259;AHOF7ZRAY3XJT452UT7VOSM3FSXA;Payal
8260;AHOFRKUB2WPDHQ36EDTFQWON7WFA;Amazon Customer
8261;AHOGJRONCJE5ZAJX5CV76QCAKC5A;Ritupon Baishya
8262;AHOGJU7VZMKMUZTXCJXFVGQL4DNQ;Amazon Customer
8263;AHOHKZ6CPYXLBXPKLZCDT7HHD6CA;Amazon Customer
8264;AHOI4FVLH6MHWFQHKWJKAKAWTZVA;N.Nasrullah
8265;AHOI4MSGDEZLYUHGIGUGTGYJKDXQ;Mehul Solanki
8266;AHOIB4NI2LLE52QK6Y3ISJQUH2RA;Ajay Srinivasan
8267;AHOJBIZVVIIFJKRREY4B6ESVA4KA;abhijit
8268;AHOKBMECKUGAAX2ERFRKMQZNSR4Q;Vinay Desai
8269;AHOKPNT5H34CQXR52YBMVLR6GTZA;Nishant Bhandari
8270;AHOLDR6WNL5GVEDVEX7HEK7KGA2A;Anand Patel
8271;AHOMVPDRQ74UCNTIWQKOWVZVCVSA;Aman Rana
8272;AHOMYGLSLJLCOT7Z24PZSVJY3LJQ;Saigal84
8273;AHON2KL4HI3A5EPJ4TZU2MQF5ACA;Kartik Pandey
8274;AHON53VQVWWCC3G7B6BF4BE7ZESQ;Swapnil Patil
8275;AHONA3KJZILUFDDJONLT6IEANU4Q;Abhi Jain
8276;AHONFHGWU5UFOW2K622LL7B26M3Q;Nilofar Adeni
8277;AHONIZU3ICIEHQIGQ6R2VFRSBXOQ;Sagar Viswanathan
8278;AHOOA3EKEVKQGQAVQE762YGB5KPQ;Roshan
8279;AHOOFKHRAB2AOMAVEHT36C2N2ULA;Kalpana singh
8280;AHOP3ZSYI4ZWF4GAU6Y7U33ZLTFQ;Mulleti o.
8281;AHOQDOFZZ7JZLFNM72XUCART76XQ;Khadija khatun
8282;AHOQDY4AERBRQUTZNXDGE4VONOZA;Tushar
8283;AHOQN5US2WQJA2BOZTYDAS7VXVQQ;Abhishek Nigam
8284;AHOQPLT222WN4LQV55XMUEZY6MAA;Kirti Sardana
8285;AHOQRREVPSJUXUYXDOJAXWCTOYJA;MUTHURAMA S.
8286;AHOQRYDRLIO5O3MPE76LHWANC7EA;Siddiq
8287;AHORF7KU5KCVPIXFW5LRQKGTKVFQ;DEEPAK KUMAR PATEL
8288;AHORMKJSJGUFFI6JCZP3AGVQIIPQ;Yash
8289;AHORRTX6YEOE4EHOZ7SMYMIVM2LA;Firdouse
8290;AHOSVRPAZVI6XRKDHV4VQKRHMV4Q;Dip J D
8291;AHOSX5HUOCDZZKOMGTHESXDP4BQQ;Mahaboobsaheb s.
8292;AHOTFNEAM62KASA6YHCDNPGNNZRQ;Sayan Mandal
8293;AHOTHO6NULKUVDSAY6WBXCA2YCBA;Bhavesh Soni
8294;AHOTORDSGF2IWSGTMZVAX56B77IQ;SeeCot
8295;AHOUPKNSFRTL4F3KLBXFMEFJSKUA;Amazon Customer
8296;AHOURK4XKLPPC4VHEDJ25NP64NPQ;TechDevoteeIndia
8297;AHOUXQHR4KHOOR6GRVONQNICCGGQ;Prachi sisodiya
8298;AHOV63EYPKKFN2RY43FLDEO5XSYA;Evatira Sangma
8299;AHOVCDT2KUT7CNKNFGBXKUMKXRWQ;veerendra sahu
8300;AHOVXBUFOZ5ZU5QYL5B26JZ6M6SA;Mohammed Jafir Ashraf
8301;AHOXZCFLXIOIPGI7DXYFAI2644UQ;Arun
8302;AHOYUSKWQFXDLOTRT43FCSHP3WIA;Mohammed Auquib Hussain A
8303;AHOZ3E25NUK65RTQ2KLYE74PTZ7Q;hiren parmar
8304;AHOZBF2VFWS62WO3XJT73NHAPQMA;Nischal Agarwal
8305;AHOZLLUCMPI33IIR3Z5Y7UT2LCLQ;User
8306;AHP24JLRZ2DTLBEX22A6DVUJDSBA;TechnoLoon
8307;AHP3V6CE6O6VEEGPQMAT7WEGTVOA;Haya
8308;AHP5TFGAPXAL6K7M7LXIZUC2QMAQ;Sameer Mandal
8309;AHP5XVXHFNOISFJBZ3NQX75EC5QA;Aman Kumar
8310;AHP67WDPXUM5SNLJEWOQWUM2LWLA;Vijay Pratap
8311;AHP6NED3QSRRORVGG4CIP5OWRJBQ;Nikhil Mistry
8312;AHP75752OD4FMWOWITYVDF4EJ57Q;S. Yates
8313;AHP75RDBGYFPLYD5NVTHZMNJUOAQ;neha
8314;AHP7DRD4MLKSHBJGYJWJFEVRA6LA;Kalyana Manikanta Pasupuleti
8315;AHP7P3UVBYKC36AWMWNY6V7UTIQQ;Deep raj
8316;AHPA3OCFQE5RUJGCDKC535BV6YGQ;Zoeena D.
8317;AHPAC3MT3XXV27WWU7U5AN7RLCXQ;Aaditya
8318;AHPAW24BI5X2GCX5M2LHI72VSJJQ;Akash Jindal
8319;AHPBB6JQ4LLIUNNIDVY4JLISWOKA;Sumegha singh
8320;AHPBU5B6HIJJUIPIX6GIPYKPNZ3A;Amit Kumar singh
8321;AHPCHA3K3ZQDEKCNSZJ56BD4HY2A;Raj
8322;AHPCPMJYJE4OFUAOCX2GJNYIOGGA;Sultan Khan
8323;AHPD7DFCKP7UFYA4KRGXU3BLR7DQ;santosh giri
8324;AHPDAOIVOVCS2LWI73U6DBQYETCA;Gogou Khongsai
8325;AHPDB57FWX3S3RH23DO7ZDQRGDLQ;Amazon Customer
8326;AHPDFQLNLMNV5X4QNH6J7IUMREAQ;KULDEEP GUPTA
8327;AHPDJNXQO6ET2TFU5L52BHLTRY4Q;Siddhartha Bayye
8328;AHPDWYQTQGOMTW2T43NC4QQJIWSQ;Neha
8329;AHPEEMPWH4HHB3T5FECTBZYUZ6PA;Kish
8330;AHPF2D5RYZ5QDJZFGDKRPRL36Q5A;Akshay M.
8331;AHPF7KBSD6D2KESY7LO7JWUYU6IA;PRADEEP YADAV
8332;AHPG3AAPVL7HKSID4IPJ5MDAMAJA;Ajinkya M K
8333;AHPG3MJMT3RKYFUX36KRB3EDGOBQ;Subramanian K N
8334;AHPGEGRJETCIIA5N5UHXPPK7ZW3A;sachin agarwal
8335;AHPGVB4FAYZ7VYKWZ3CVGCYLVRNQ;subir das
8336;AHPGXSE3AFIV5HHD4Q4C4EY3X2KQ;Prerna
8337;AHPHDXV7KUK5GISJLFK33FD7NULQ;Rahul Bansode
8338;AHPHVDOD3W672U45KKZQIJZTHLGQ;Surya Praveen
8339;AHPI2KLLZMZK5CGEZ6ILSIA4FHJQ;Shanky
8340;AHPINNJOLXOPGJXN2Y6S5NVCW6JA;😈loki😈
8341;AHPJA5BHHKC6VNMIPWMB3R66LXGA;Durga
8342;AHPJLCH4PJJ5CD53KTXAAXRLV4ZQ;Suvam seal
8343;AHPJLEHK52YTIPKAN63FJGMGACEA;*
8344;AHPK4PXDZS4FBECPMPFQOZRLDPAA;Chinmoy Saikia
8345;AHPK4TPPZPW5SZTVGVTF2AR33XSQ;NAUTICAL
8346;AHPKWPXNLGMP6BBOUC3MKMDWBIDA;Rahil
8347;AHPLA3DROALHPBANLV74CKFA4UAQ;Manish
8348;AHPLEWWOIVLJKHU7LMJQATBVVIRQ;SUBHA T.
8349;AHPLUXRCABZUIN7AYXOQFSSBBYAQ;Fouzia Kalim
8350;AHPM47CWRZDB6XMDV2IVXQR3KDUQ;Subhash kushwaha
8351;AHPMTDLBF66SKRERYCJJ64OIT4RQ;Naval Kishor Rustagi
8352;AHPMZZOSE5TCIKKBOGRDOKZVJLMA;Subbu
8353;AHPN4Q3AZDX3HSUYDT7MHYDIL6QQ;shaurya
8354;AHPNKUIAW65N46LJ65KLE62O2ELQ;Sebonti Banerjee
8355;AHPNR55J5NQA5XXTTCGPUOLYWUWA;Amazon Customer
8356;AHPNZU4TQSKOFPXCED37ADH7NSYQ;Ajay Kumar
8357;AHPOQQONRLZMHYLDKYP5SQOKRIEA;Suraj_nirmalkar
8358;AHPP7A2M3LU7BWBZVIWXBNIVAPNA;Mahesh
8359;AHPQHJVDA6JHFNRN7OBYTBTJXBYQ;Amazon Customer
8360;AHPQISIB2DAWTJO3NBJYFMEDERFQ;Akash gahlot
8361;AHPRFGJEPXRPFJBR6CEZR45ICAKA;MBS GOLD JEWELLERS
8362;AHPRJMHMROWKAHQBSB6YAMELKFDA;Yamini Negi
8363;AHPRNMXR66DD77CEYCS5XWD6SIIQ;IAMSRK
8364;AHPSG666QPH6YL6GI2LRLFEQSI4Q;highly critical
8365;AHPT7QLZD7MKHTRII3BGGNHDNHOQ;SYED JAFFER
8366;AHPUB6PWTLZFJNEIZJFPKADKX6HQ;Shivsingh Saini
8367;AHPUIT2YTPFHVHVWQPFEZXZZ5M7A;Vinay
8368;AHPV4OCEUB4DZDFNOPHTRE4FHN5A;Amazon Customer
8369;AHPVBTYWVDOZ2JHLMMC3OLMZK34A;Nagendran
8370;AHPVM7CXQYY2UPGMQCIN3CYZMCBA;Ravi kiran Mallya
8371;AHPVTM2FDYB3YW3MXB523JWJTLQA;8309-873146
8372;AHPWNTIG3ROOC7L2MFN27UHBQ2CA;HARIDAS VILAYIL
8373;AHPXWAFSPVEID3MIG3SFU4XFOSLA;Alok Kumar Dixit
8374;AHPYAYHRORO3DMJ7DSUHSGSBLDBQ;Amazon Customer
8375;AHPYDFW6Y3FIQGD2RJPBFF5QNVRQ;AV
8376;AHPYSN2CUNOSXL6BZG6G2LFLV27A;Hemant W
8377;AHPYT77JL5UZQ6QHBEZMYGK6WPRA;GAURI SHANKER SHARMA
8378;AHPZFIJWLON23LU5RFVBJO4BNM7Q;ROHIT RANJAN ROUT
8379;AHPZNS35WCST6ATG2RKUV5UMGU3A;Amazon Customer
8380;AHPZYFKIAW7DX6SSCSGI27FGMZTQ;Anil Mishra
8381;AHQ2DKS5UNONNHOGPYRRL3JMYFBQ;Mrs S Kayal
8382;AHQ2K3MM7CU5KAOLTRHNV4HHMKVA;Amazon Customer
8383;AHQ3YSPSNJ6PTH7GQ5BAIYDVIQOQ;Sudeshna Aguan
8384;AHQ4Q75NBEWOM4OWOXUZW7V247NQ;ˢᴰ82ˢᶜ ✔️
8385;AHQ4S2IRIVYCHMRQ2JX27C6KY3IQ;dr sanjay kore (some kore)
8386;AHQ5BOJJTHUA6XD6IIN7GLN53DVA;Md Nafis Ansari
8387;AHQ5G6EGXY74B4KQMOZP3VR27OEQ;chittibabu
8388;AHQ6EYMJ7JXCKR4O6EDJ7P7FW77Q;Lovi Swu
8389;AHQ6JV4TKZKOSAQ6TQ3IAQW74MMQ;Amit Mani
8390;AHQ6LZRLPWZRHXDESLTHYTIQPKVA;Philip
8391;AHQ6V572IRATWTVUSX4ZHTEOJ6LA;Mak
8392;AHQ7LIIQZN6O7YA3EYZ7SV2RIYFQ;NOORUL RILWAN
8393;AHQ7UT4SYDQMQB6DJDBVVHQBCXXA;Ankisha Mishra
8394;AHQAQBNZHEDXSAPJK3W3S2BAIDYQ;saif khan
8395;AHQASZSLIQF46BI7YVMMTXZIXXUQ;Rahul Tiwari
8396;AHQB4SCMITLH3RJJGHYFYGJDFGZQ;Sakthi
8397;AHQB5DKSV6PL6CIWHZOUYFYM3QAQ;Karambir Singh
8398;AHQBLD6PQTVODKX7CP7AR73VXE3Q;Amitkumar Yurembam
8399;AHQC27SWWMUOTO3W7NGIG7KPX2AQ;MOINUL H.
8400;AHQCJNQP36RHELFJEJ67R6KZ76CQ;Krishna Mohan Dubey
8401;AHQCV7O3JOMFFMD7EGIZ2NGSU6JQ;Logaraj m
8402;AHQDHG6EKCV57TQLXPKVE7KAYNVA;charls abraham
8403;AHQDTRQWUS5MPV5MBLSB6HTSJ52A;Prachi sharma
8404;AHQEKWKDWXOSWBYR3NWYXYNBHMEA;Mr.kumar
8405;AHQF77NZIRBV6LQMO6VEC6O5FL4Q;Harshal Kothari
8406;AHQGD54SLGLEGF2NDJAG3O7QOWJQ;Ravibaskar
8407;AHQH32FK57N5R4DXCYRDFJERD3MA;Vijay Singh Negi
8408;AHQH5PRVD42NW5O7FLDL2ETIBOXQ;GG
8409;AHQI663PWIM6UA3UZUE352TAEJSA;A. Kumar
8410;AHQIKKPBVNWP27JVQYZSYMEG6XAA;Yogesh Karel
8411;AHQISETKX3OXMZ4IX3YO7YV4UZ6Q;Hritik jain
8412;AHQIYGWISGS2IQAQ3OM4IZHKIV4Q;Vineet
8413;AHQKC4MLLVOPBTKJFDBGTXFRKLYQ;Kindle Customer
8414;AHQKNH5JPOQWCNN2ZCUK34VEJAKQ;ANIL. KUMAR
8415;AHQLC5YA473NA4RJFGR33PYO5GGQ;Manisha tyagi
8416;AHQLMUZTIPYZJ3Z5YZSFDWES7DGA;Samrat Singh
8417;AHQM673VAJUI7R3VMP4NWML4CZLQ;Mastercard
8418;AHQMSLQQ4T7RDZBR7K6FFS2WTG3Q;Arv
8419;AHQNBEQHTS5HDSNP3LMLQA4H4YPQ;Amazon Customer
8420;AHQNLR3YPZ4EQS27FI6K5K3JCMIQ;B Sathish Naik
8421;AHQNYNRXESALGWMUFS6ITFGOVGMQ;James.faihriem
8422;AHQOCMTZCJLDZWHA4UFRGXE3ATNQ;Manoj Kumar D
8423;AHQOM5PWAU6KFW3HTQIT4BOV2XEQ;Javid rehman raina
8424;AHQPBXZSJ3XZILPJVXE4BN7ZL26A;yeses
8425;AHQPMFJKEAFXVC3NVQLVVIPHDZJA;Manohar
8426;AHQQ5CAMLDWCOYQLE46VT6DT7T6A;Amit Ahluwalia
8427;AHQQOEE4QQIMIDYPNWVDHOJKSHFQ;Prabha Pandey
8428;AHQQTNBM4SFZLLOLXJXA7N42YTTA;Vigneshvikiy
8429;AHQQWCVTBJQ767433OZGYVW7OJVA;Renu S
8430;AHQQYHFW6CVRWYWGJ53LNZKKCSZQ;Amazon Customer
8431;AHQR6R4RUMMQMBKTR7ZIOCSFIBGA;ZAAMBUTECH
8432;AHQRQ7SYZACJCC7C24RA7UIAJQDA;Bharat miriyala
8433;AHQS3NTHOXQUMLMUAE3FN4LSNCHA;basu gk
8434;AHQSA6UQCAE7UBCWEVA4FSRIKTNA;lusang k
8435;AHQSHRRCDGZFLTMJRFNWVI67OEHQ;Athulya
8436;AHQTD5TF5VW5IPOSAGIZ7VYFB66A;Avinash
8437;AHQTTEDMJWGPWIEVA6T6SN2VOJ2Q;CK
8438;AHQTUOLZMVDGHM233DHLOCIGDSYQ;Nishanth Daniel
8439;AHQVFZCGAMMHEBBOY4SXBSRF3ZDQ;Y Kiran Korneli Reddy
8440;AHQVOY54QKPIQZIJ57JKCGQPVV3Q;Kishori jha
8441;AHQWAOSKNRUVK7GN5FZJL3UYLV2A;Kushagra Goyal
8442;AHQWVH4J5YCLOZJMQJTB3FKA66YA;SUPER HEAT
8443;AHQXBLF3NC2JI5LCO7PUTYQMICJA;DB11
8444;AHQXC2MQJWWBWFCLJQWZ4KCT6BCA;venkatesh k c
8445;AHQXFZDEXSIE427UGMKSKWNFS6GA;Sujata deva
8446;AHQXV74OUKWTTJSEF3A63MBXSCAQ;Darshana Prajapat
8447;AHQY4GZWNNMFCUAMF636EUJ6VJCQ;shweta s. sawant
8448;AHQYDF33TO55QZY3STKUBB2WL3ZQ;NILLA PANDU RANGA
8449;AHQYGDH4CNFRYRTPCENNJNJHULTQ;Nishant Malik
8450;AHR35WVPGLH745QHWRWEJ2WZTTDA;Rohit
8451;AHR3OXVD5W52Q2MYS737HKHMTCHQ;Rajat yadav
8452;AHR4VCSSS3ASHLNKCARGYORIBO2A;Shabnamperween
8453;AHR4VQLVSWORK3A35U3QA6IOEEBA;Prashant Parkhe
8454;AHR4WZ6M4WXGQP65Z6SSP4LBJJ7A;Richard
8455;AHR53IW5LAAXGGFK3DRWRMXMM7KQ;Ravi
8456;AHR5JZBK66QYZSEJ37GM3K2DXDIQ;Sadhu s.
8457;AHR5L5KIBZTDOOO4PR5ZHTTVTZGA;Amazon Customer
8458;AHR5LL4YACXI5EFTGVBU56XUEG3Q;Medha Garg
8459;AHR6J42MLK352GDZSY7SDIR7FRAA;mukul
8460;AHR6VGN4EOF4UK4ZISINZJ4EFUTA;vasudha
8461;AHR6Y7I727FA6UYUHTZYNGOGDV2A;Anna
8462;AHR735YWWYFTQI5VGEEYP3DZPB6Q;lokeshnist
8463;AHR75VP33NISTO46J4HNQS5CGPLA;chandra bhushan
8464;AHRAAREBBBGBBITC3W5WP3PIP4ZQ;Rupali Jain
8465;AHRBCLLX7TIU43LLXCP3GSMLMN6A;Jayakrishna Bomma
8466;AHRBK243XJM2ALAIV4RQOYVTH54A;Priti Sahu
8467;AHRCI5GQKXZVJF3CJZTTJPDLVAMQ;amrendra
8468;AHRD7JPBFXQ2S3VWIQRTIKHYK66Q;Rafiya
8469;AHRDA66XO63XYCBZJMW4EUJN3BFQ;Manya
8470;AHRDCFOC5D7KERULZ4B6PVMKSNTA;krushna
8471;AHRDRWRO47YAE3WV6X6SXN6DJZBA;Yash
8472;AHREJM66P5NGBJ3674WM56ZTHF2A;Amrit Kaur
8473;AHRFERCLTLB3ZDZ7HP7ZK7C47NRQ;Aakash
8474;AHRFHGMEBL54OW7P2XZGYOFE7WKQ;Sanyam jain
8475;AHRFQ3PYMV7BBVTV3T4KRYULJT3Q;Madhu
8476;AHRIDJXYEBQS7MXFDZ7AAX3AACRQ;Ravi Singh
8477;AHRIS5H6Y3RZXHEWWOIH4G2LYJRA;Dev
8478;AHRITLVMUVOKHOZWEW7EX5LIHVSA;Pauly C L
8479;AHRJPSHYWW7POL5N5G7HI6D2UXNA;Prashanth
8480;AHRKHSP6UU6ZG4D4OGLOFOUGRF6A;Sastry A S N
8481;AHRKSUOZXKKDERRY3VZBVMMWX37Q;Raghuram
8482;AHRL6UH5ZPAO25IZNBKRHIBU75MQ;Dr Nagacharan Gowda
8483;AHRL7HWG5QFKUHZ37KS6WGMCSV7Q;Rajesh
8484;AHRLA5AHCTEQVN7FPFCVQK35X4WQ;Nandagopan
8485;AHRLM722B3LWWPMVM7FEFAZN5JZA;Gomathi
8486;AHRLRRSDQKWWXF4P45NYCIFDQCYQ;Priyanka kaneri
8487;AHRMTJI2P2FYQXZF7P6PE3DCVGSA;Abhinav Rai
8488;AHRMZ6CNNUQLTLK7V4NXSXQSUOPQ;BABU ARIF
8489;AHRNAZGI4ZD7G633XI64QAT6F3WA;Tannu Mahanand
8490;AHRNCTBMQ4Q27ECKAMZP5FFDOWDQ;Digvijay singh
8491;AHROIYVXUABAGL5GUFHMEZK3WQQA;Rajat
8492;AHROOB2PRQPJF3IOOZ3NSX7YKBSA;SEKHAR
8493;AHRP5SYVMJGYNSHAWBCS6AKC5VEQ;Wizzy
8494;AHRPIB6BCK5TKG2R5DH5H3AMRIHA;Harsh
8495;AHRPOOH37D4FX5UHQEWKJ5RL4DVA;Jatin Patel
8496;AHRPVGGGZJZFR2WRX3YOTB2FI7GQ;Sreekumar.P.S
8497;AHRQ54DIJ3ABHV6LPYMZWEWVBPPQ;Yuvaraj M
8498;AHRQADD3EE6BOUUETM7PULXPEKUA;Aakanksha Suryarao
8499;AHRQKUYYOLHECU4IUH6OSL7AYM2Q;Swetapadma panda
8500;AHRRCKGSRMDGY56SV4ZGXHBT45EQ;kumar Raja D
8501;AHRRDBQR6IU4V4XBBLSJRRML3GQA;philomon kani
8502;AHRRE5O2H4IOLL6MP6GQDG5WA7CA;Amazon Customer
8503;AHRSILXKLF25Q42JTRAEXSLQFKQQ;Naveen Kumar D J
8504;AHRTYUKNV36J2ZEK4CKJMQOK4S6Q;Anuj Dhingra (Gadget Gig)
8505;AHRU7JSVBHVEBWI2H2N6CVM3IIPQ;uday patil
8506;AHRUFDHGCKZGKT54AVRPZEUTNROQ;shubham s.
8507;AHRUMHBZ7IAQPLH4W5Y3A6HLQFVA;Koushal K Jain
8508;AHRVMPX2FGGIB5LCJFVMAHO7JEHA;Navdeep
8509;AHRVVXFPTDB3B4XEYTEX3C4ZF2PA;Liz M
8510;AHRW5JERWYAJCZO65PDKZSOEPR6Q;Dharmendra kumar
8511;AHRW66EALO2DVLGGMFXH72MZZFEA;Grace Fernandes
8512;AHRW74XAWDCJR7LLTQZTX6NNTY6A;Dipraj More
8513;AHRWF3BGXKDJ4HR7NMPSC4BBMM6Q;Yatin
8514;AHRWY7ICLIT3SPBQFPD7V7C7NJDQ;Amazon Customer
8515;AHRXHIS73VVO2ABYNN2KGKQJBUEQ;Sanket Virkar
8516;AHRYV4OPMCN7H4OTNUBIMFRBBM5A;Nagaraj
8517;AHRZN3F4YU2GAOAJ7JM4BR5KXXVA;smita 123
8518;AHS2AIH74SEVYE3K6Y44ZV7EASTQ;SANDEEP BANNAJJI
8519;AHS2NCPC5DU6FFUEWEJ2DVCWBFLQ;abhikant
8520;AHS3LX2IOLEOR2UHJYGGCX2NI6HQ;Sai Naraharisetty
8521;AHS3PKPC7A23SHSLIDRZJZBFSCIA;VIJAYAKUMAR
8522;AHS3SCERDRS52VXFXJPAQ4CGKGBQ;Soumyak Bhowmik
8523;AHS4CWP5EVS55YZCJPTJGOYTU3HA;Amazon Customer
8524;AHS4FBZAI7M2PJ5BAYWJDCIB3I6Q;Nilofer A.
8525;AHS4K4PMVZYWPO23PM2ZLSJBQOBA;Satheesh
8526;AHS5BOPH3WRQV2BD4IWZRGDYQVVQ;hemant
8527;AHS5UBL4UFHYRUJRMMJKY2CUTOLA;Sushila Doshi
8528;AHS7DI2FACP3P3FNVH7263NLW2TA;Abdulkadir
8529;AHS7IMVVE56BINTOOQEC3ZDFCCRA;JAYAPRAKASH P
8530;AHSA2XYYOJJGPCMHTPC4KOVI54EA;Himanshu Bhattacharjee
8531;AHSAKHOAXLHAC5I6OCL22DC6WOLA;S.K THAKUR
8532;AHSBHHTVA7JAYRS6BXGOSRKYHO5A;MUSER
8533;AHSBMJGIRPF66VB6VR76KHJAB3SA;Pratik Panchal
8534;AHSCASHEA5LLVORCEIHZYHNTHUMA;Amazon Customer
8535;AHSCIEU3X72XOBAMBBZTYIEWEFSQ;Jennifer John
8536;AHSCPCSPRAPMZNIH6UB6PIX7URGQ;Biplab Pal
8537;AHSCYYDMRKGSS34SATRXSBNFPLSQ;Jitendra Rajput
8538;AHSDH2Q4Q2QSUYUGEAGPIR22MT7Q;Shubham♎
8539;AHSDSN3MIGD4LYSPAEYNR6CLUMSQ;Shankar Subbaraman
8540;AHSDVZ3ZSHUMFGDLVVGATDIWKHTA;ravi
8541;AHSDXCJVYDH2MU3PQR7TRI5TA4LA;rajiv
8542;AHSESHUAGEFQ62M3KYV3EK5K77FQ;Amazon Customer
8543;AHSGCVKHDAXRUG4R7V3RB6WYLZCQ;ASHFAK KHAN
8544;AHSHLUYM2IFSKX2JWJBR6JAAP7HQ;Rudradatt Jhala
8545;AHSI5YU57HTLXWPV3GB3YBW6ISDA;Nisha
8546;AHSIPI7MVS5ICRZJW6FJEDI2TBKQ;VikramJit Singh Khaira
8547;AHSIQL276K7X2UP72QOOOWNVRSXA;Manoj
8548;AHSIVUNTJMI5S5AJGFDE5EDQ355Q;Pavan
8549;AHSJLI3SFLCBQV75ZJ5STARKTDBA;Amazon Customer
8550;AHSJSRYF6IDDAO3GFP2JDGW7AQPA;Sudha
8551;AHSKMWRIGAXR4TF5RMVJCNOIAJZQ;Ashwani Agarwal
8552;AHSL36IV7KOAEVLS3T42EFK465DQ;R. chatterjee
8553;AHSLJYCXIB6MF7XA745OIGQ5VY4Q;Prita Bhattacharya
8554;AHSLNF7XKYX4LHL3JCCWY2KKNEAA;ANIL G.
8555;AHSLOMUBZXIC52OGKOTLUNTGWYTQ;ZenGirl
8556;AHSLVN2FXVPUVWTY5Y2GW5STS5ZA;Ankeet
8557;AHSMRFFHYS3UI6RA4KJSF7VDC4MA;Amazon Customer
8558;AHSMRRBBAXRO4SUTY5CLNUTHR5BQ;Shubham sable
8559;AHSMUIBMREHNFF6KSRY4CFC255AQ;Sinduja
8560;AHSN2AJ6A7NQLUJMH7YBD6WG7L5Q;AR
8561;AHSNDUCUGAHGPOTD4PIVFRZK3GBA;Benjamin
8562;AHSO2WSPV5UTH5J2K6MN5IZAIOGA;Ankita Thakur
8563;AHSO2XARBV6CWGPNXNBK3CJU7FBQ;Pantiphun Gonmei
8564;AHSOOVRJXP7QJTQUF6JLK3WGI3AQ;Nancy Arulraj
8565;AHSOUBG4CYVABTQRPHI64FAU4NLQ;tajis
8566;AHSPJR6ZDZZBC7PN5ENIUNZ637NA;Takreem R.
8567;AHSQNNZHM5HQAGN5EY2JJAA3EWGQ;Vishnu Narayanan
8568;AHSRABDEXI6YGGABA5VV6JPKXISA;Bobby
8569;AHSRHKUU5AZ5ONNHBV3XIT6SOI7Q;Abhiram Vishnu
8570;AHSRJIWSBOMVKM6IWI4M64I3V4AA;Subhash gaddam
8571;AHSTM3IJNFXMWVR5TOSMDLHPXVTA;Dr. Fazalur Rahman
8572;AHSUCDSAY4VEIJ3KL6M7NSFL2W3A;Manish Gupta
8573;AHSUJTBY4LOJ4QCAXODSHFIFYEHA;Vineet M.
8574;AHSUUCCXKIC7DV2MVAXINC3B4GOA;Kavi
8575;AHSUVTV6XML6IBKSEU3PV37SNICA;Vishal Ghadage
8576;AHSVH7UVP3JM3CKGD7QPMP5ZXTNA;Atul Modi
8577;AHSVLMKLIMZE3DJNARIJVQJFF2OA;THIYAGARAJA K
8578;AHSXEBRVZO6MAYZRN6O6ZGT6TQIQ;Rajni Gupta
8579;AHSXVV5G4YWE5XMUXSP6ST7S3Y7A;Chirag Kathuria
8580;AHSXXQ7JVBY3HIPIGY2EGEL37PKQ;Manoj Kumar
8581;AHSYI7EUDN2RNS2IPMGAS5MKLXPQ;dk yadav
8582;AHSZCGWJCJJWOQ2FI6TDIDES2WTQ;Dinesh Kumar Namdeo
8583;AHSZV233OGYLM4RVHF7F6YJZM5NQ;messssi
8584;AHT2V4MYATE6F4S62WMMNUAFTA6A;MUKESH THAKUR
8585;AHT3PNU446CPE3MJRLGDF5V2R5EA;Riz
8586;AHT3QSBKTAPMXMMZHQYBKPCCXXLA;Poojitha Pachigolla
8587;AHT3RLKKTOW7PESASK7CIHLSVNQQ;Divya
8588;AHT3UUMHP2J4D5ED2J2TLSX3NLFQ;Manivasagam K
8589;AHT4JDEYWRIQGCA2WAQJ6E2POHCQ;arjun sharma
8590;AHT4OY427LBXPJRGFTQ7TYZXYHWQ;Ulhas
8591;AHT5CRFFKABTHYW4ECKZTQFY46NA;SALMAN S
8592;AHT5FELZRNJ4ITAESWGATN2COH3A;ELDO K MATEW
8593;AHT5LZB5FO2RBAS6HFZPMSB47FJA;Aumkar Padiyar
8594;AHT6SE3YNTHR76UT4QDQKBHEH5EQ;Rameshwar Singh Rathore
8595;AHT6ZEDKJSMRZZ5QDQDQ77KPIX5A;Deepak Chhetri
8596;AHT76IZRPXLMCNSF377LTR6CNIPQ;RAJINDER SINGH
8597;AHT77DD5D5XKYWHYSMDHYMEZ5JXQ;nabaroon
8598;AHT7TTZ5JOTUL7CYSG5BBVPKD37A;Chittiprolu Ramya
8599;AHT7YN7PRTQQW4OPDLXHGJXEGJOA;Sidhant
8600;AHTBDJ3J72O3A3NQNV2OUTOXP36A;Sonubhai
8601;AHTBKWSU5IG46LZWJ3QQZKL6LTJA;Shijo Mathew Abraham
8602;AHTBRKH2BLRY45MBURKSTKR4UF5A;Sivani
8603;AHTBS46SCEBGWK4SUH3FOQEORR3Q;subeh sharma
8604;AHTBWFIYIZUPOLJC7KOWKDPK4PGQ;ज्ञानेंद्र सिंह
8605;AHTBXGFU2EAF5DIC3PT2MVAN2BFA;Maria
8606;AHTDOMYCLQT2RTXY3HVZBMCDCI5A;NC Mistry
8607;AHTEDPLVFC2DNGPOBWOD77MTTHVA;Laxmi Foods
8608;AHTHIO4VEWZ6SO3MIQKNNZMDUJGA;Rolan B.
8609;AHTHJF5RGJRHAKXOHA6Q2ZFKXOWA;Amazon Customer
8610;AHTHQNIPIGKQNVMT2PV4MGD5OZJQ;saurabh
8611;AHTHUJC6TX2WAQ5SO24MVWJONMEQ;VINISH THOMAS
8612;AHTHZGMRK6ZMTCCPSKOGS7GTFGPA;dilip
8613;AHTI2CPD7SANQV7GK4FHIKCWJ7VA;Wippingstone T.
8614;AHTIXHSMPKDD2O6YDQPWSJ7KJERQ;Yogesh Gupta
8615;AHTIXIDXG2UN6WNFRRMQ3VLNU2EA;NITIN
8616;AHTJ4RNDSCXMGFI5GTVYAQNM6DKA;Bijin Kurien
8617;AHTJBJPYGGEWZQWQT7QJT2DPN7ZQ;Nishant k.
8618;AHTJBZQ46RC3BYJPDCRO7I7SNZQA;Yash
8619;AHTJVOG52ZROVUFB64P2TTWIUCYQ;Yogesh
8620;AHTKACMLCVKP56U5L6GITRGPXIIQ;kamalhallan
8621;AHTKG4MRV4XNZ43XSD4R7A3XSB3A;Johar Mohammad
8622;AHTLGCL5SZOQA3Z7FN2JPUWU2FAA;Tessy George
8623;AHTMLMISSWFEKD2NMUHWQEZIQYFA;Atif
8624;AHTNFP2NA52A4C2BE5WK6PFOCSIQ;Aparna
8625;AHTNHTN3WQ3NHVW27TWJLRMQDG4A;Ambalika Sarkar
8626;AHTOUZO3OWX3CDI6OWWD2QY3NYWQ;BuyerOfProducts
8627;AHTOWZBM7RQHHVCMS3FQA7XBWSIA;Tony Antony
8628;AHTOYIBOEM2MAMV7T5TD5DDEKVTA;satyanarayana Moganti
8629;AHTP47A2GMNACDBEPESZBPCQI2UQ;Karthik
8630;AHTP6VRCDVSOFKPWMXJLFWKU2VJQ;venkat
8631;AHTPC5KX6RHKRPKQ3RRUF7ECBUTQ;Zahid T.
8632;AHTPQRIMGUD4BYR5YIHBH3CCGEFQ;viswanath
8633;AHTQKXAE7KNE4O3RPOSYYJMMGOLQ;Amazon Customer
8634;AHTQKY3RQLPSFW44ZP7BN6BCKGAQ;Harshad Bhairamadgi
8635;AHTQNDXEZ2JFDY6U3YVUQXL454LA;srinivasa m
8636;AHTRPDYOHYTPMP53RQDET3NIEOKA;Nilesh Suthar
8637;AHTSVFP4GVBBXB6O7JU5FW3NXEJA;chetan w.
8638;AHTSXQI7JAQVYVVQE6DK4B2EJSPQ;Chinmay Bapusaheb Gayake
8639;AHTTCQ7A5VN7L4335W3VEZG6QDQA;Chiranjiv Singh
8640;AHTTSRDFCDWF3FJO3IYPBSSCEN4Q;Sanu mahato
8641;AHTUPS7WO6UOK73VTZHV6LBBAF7Q;Tanoj
8642;AHTVBHRLCBX5E5GBPONFYZLCNBGQ;Shekhar Badola
8643;AHTVNJD4KEN5OLLRPBMBVK65CBTA;Sj mitra
8644;AHTWMZQ36LO3QXAIALC6VJ7OLTCQ;Amit sahu
8645;AHTWP7R2AL6U4QIX73CNJ7Y7BBDQ;Yuthika Losalka
8646;AHTWRA4ZWELHIXKE22VC65Y5C34Q;Amazon Customer
8647;AHTWRETINVEPSRPIOUQTVART3IBQ;Debia Pipa
8648;AHTWYLMZUCB6QUCNPXWZ2PCKDGRQ;Vinay
8649;AHTX2BOQMMX45RTHRTRK2E6PASUQ;Alagesh S
8650;AHTXOR5HIEOVIAFR7JI6EZCNI3GQ;Ashish Sharma
8651;AHTXV552AQKBQFWD55KKCHCNLVZA;abubakar hussain
8652;AHTXWZCWVFIFVLHBN27YWHVPXTUQ;Pratik Kumar (Sinu)
8653;AHTXYVPQPUDA5MCBWOX3AVXH4QKQ;Amazon Customer
8654;AHTYSJ2UVZO5LT77K37P423ZMQXQ;Akash Kumar
8655;AHTYWMV7NQIHFTT25KJHK2MHHO4Q;B.varalakshmi
8656;AHTYYRQCRKLTWIECJ3QMHUNOYVRQ;AJIT PAL SINGH
8657;AHTZMXM2QRD5PWVLIPN7FOHOIH7Q;HIREN SHAH
8658;AHU2SCYTK66DFVXSMANJZRT2LPKA;Anoop Chandran
8659;AHU2YNBLYGUZR45OTIEIAG76NCTQ;SS
8660;AHU3G6JL2C765DSFVXYNANCGFATA;Sampada
8661;AHU3VEDJKG6OTDUXLAHJRKFXZYFQ;Vanchinathan G
8662;AHU3ZRGSY6NBCQLHHKYG4BWGN46A;Amazon Customer
8663;AHU44INII7PA363NXXQYT4LH7FSQ;Samir Sar
8664;AHU4FNYTFWSGG5TMN53LED2U7X2Q;Pankaj
8665;AHU4XIM4RTCDG4VBDMBY5G4CHA6A;Vivek Raj
8666;AHU5Q5IFZNU5KKPBZBP2Q63V5NFQ;AKSHAY
8667;AHU5TPA2UXOKQ4DDHN5RNZVBZLYA;Mayur
8668;AHU6IYP4SSB65XIZJEDAZJGAOBGQ;Shivam j.
8669;AHU6RJTP3WGFQSGLWI322N7QZYWA;Amazon Customer
8670;AHU7BO2DJJO2GP4JBADXH4ED6NUQ;Shailendra Kumar Negi
8671;AHU7IIQ2UVTKGV6WW7KMOU6LTXFA;ramya
8672;AHU7LA2O5SHVZMSFQU72YATBSO5A;G.shyamsundar
8673;AHUADIC4LFJHXZK3ZUCM5GZHP7NA;Bavanbir Singh
8674;AHUAVHWF66PF66YDJXGRXJASHYUQ;Ramapati Mishra
8675;AHUAVIIVYTKSFJV2C42QS4BXFOMQ;Placeholder
8676;AHUBLOQI56TLETS3LQ3YZIYR5Z5A;Dhinesh Sridhar
8677;AHUDJY4VCIHRMXKXIYZEDXGGXGZA;Ram
8678;AHUDYFZ2QJF2XQNTH6OYYHJIDGHA;Akash
8679;AHUECKMZOFXYUTC6M3LUATLL6X7Q;Amazon Customer
8680;AHUELVJPFM3FEIMF2DE7OTNQD5VQ;drravish
8681;AHUG6D2J2WHZ6AU62RNYKNEOZECQ;Ram Avtar
8682;AHUGCKS7YANTMDYINXQG2UDTU4JQ;yogita ratre
8683;AHUGZ3YEQ27J3KSESPRFRAKNF3LA;Ashutosh
8684;AHUH2DL5E7X6EPG5NEI3PYFTXX2A;Sishir Kumar
8685;AHUH7OYN3LAUATF5EGA575WCDI6A;Anmol
8686;AHUHAGOBF67BLOQGF3C5GBFOPPYQ;Pankaj Chaudhary
8687;AHUIE3AFZ4L4DOWE6HF5XUXBWM7A;vishalkumar patil
8688;AHUIRRUDX4AQRQM4N7WNVLAJLSPQ;Penchalbabu
8689;AHUJ3IACIKHRFAYWD3TAKH3SXKZA;pooja
8690;AHUJZOV34DFEN55QQ5XOYKVKHV6Q;Jean-Louis M.
8691;AHUK7JORZ6JUBP6Y2DJDQM7DY4UQ;Asish Kumar Saha
8692;AHUKIXVRPVVYYRQOUGWBDYO7RFDQ;Gourab Kumar Patro
8693;AHUKNKB6OS7JE4VQCHKF5363DOKA;Rohit
8694;AHUKPJSLGRSR3QF4RCUALWBOTCBQ;kalyan
8695;AHUKUGMWTTVQ5MYELQCPYTG2PYPQ;Kindle Customer
8696;AHUKYUWRUVRTB3IQGISXWTSPAWLQ;Swatilekha Sarkar
8697;AHUM2M2XXYNDAMBYGMNREX3XIYBQ;Pragadhe
8698;AHUM7GQ3FUS2UTPCF3JPGU2PZGUQ;Amazon Customer
8699;AHUMG2C3F47APL74MJHMZGU3GHPQ;Sumedha Thakur
8700;AHUMH22K5KBLNH2K2GA3EEXOWSPQ;Vivek Kumar
8701;AHUNCPEWHPHZGFK4NFZYGZS6HA6Q;Ash
8702;AHUPT5QRQ2NHQTMF6RUCZW6WBXXQ;pankaj kamble
8703;AHUPUQJ3RNQZH5SI7ZK5LWNDYXVA;Sivanagasai
8704;AHUPZTSAPO7GABNBTIBDYNFKYFKQ;Agrim Shamra
8705;AHUQL2OJQVXUN6KU3XE4NNXDYWXQ;Sandeep chauhan
8706;AHUQZSYH2QVXKCFOFZAEQ5XOJTVA;Sarita Verma
8707;AHUR3WRNQOQ44GWIBTXRYLF6UTAA;Sri
8708;AHURA5DMKF4YWCDDT44ACQDCBJAQ;Sumit kumar
8709;AHURSRZTOF3NCYIB5RPFTXSHAEQQ;Harishkumar k s
8710;AHUSPS7GCSBQRWBRLXTUC6WNS3EQ;Harsha
8711;AHUVPTZIP7GEDM62EIXKJOHXKX7Q;Sanjeev Kumar
8712;AHUVRK6VJOSRKW2RAD6PXS4YVCUA;sreehari
8713;AHUVYZMQ6PWI54UXP7SLLS4ZU46A;Bibin
8714;AHUW3CZFOWPFLM3DYDHP3N4HXD7A;MK
8715;AHUWSGUB25Z3JYNSJAYZ6AHBXRKA;Sindhu TN
8716;AHUX4GCB3OYN52TETLMI7OO4JJGQ;Sunil Sharma
8717;AHUXD3GCY22BRMQLWN5ZEB3TGGAA;Pranav Pacholee
8718;AHUXDK77R5GLFKEDEMYFDNCN2OQQ;Naveen..navee
8719;AHUXZUPCP7X4ZSLLP3S3M23PTTLQ;madhu
8720;AHUZG5YJCM4UWL66ALQ744FD3OOA;Charan
8721;AHV25QIEQTDUMOJKQQ77WG7X3TAA;eps
8722;AHV2FJH22467V4ULH6KKQIWFVGLQ;John
8723;AHV2PXIU5JTWA4FJ3IDGCHRFLGIA;pawan r.
8724;AHV3ELGDSOWBYUQLXSPDCSHBQRHQ;rajendran
8725;AHV3TXIFCJPMS4D5JATCEUR266MQ;Ajwadh a.
8726;AHV4FNKMIPRVWQREJHBT3T7KQH3Q;SUMAN SEN
8727;AHV4I63UFGYQ7AFWXLTQXSHSXCZQ;FAROOQ
8728;AHV4RBRC5YCXKIOQC2Y4PFTQPZJQ;Evangelyssa
8729;AHV5QA3S6VRKZVGXSXDQJUS4VMIQ;Anilkumar J
8730;AHV5XE2XBBMMQTGCBDR5QB54FJYA;Simran
8731;AHV64HQ62RSHY5AXQZNKUC6DGL4A;Shraddha
8732;AHV6ISLIIEDA6IZXTTGCR4DLLSTQ;Denadayalan K
8733;AHV6JCRY6F36XXVSJAQ3SKYLHUFQ;V Vijayaraghavan
8734;AHV6JQ726F6FJ2DHW4ZHKMXNUEYA;Amazon Customer
8735;AHV6MRKEUBJA3I3DDIBEB5SNNWVA;Nida parveen
8736;AHV7VFXJYDBTWGFGTXFVC65CQIVQ;Dattatray Jadhav
8737;AHVAHTQWBVQ564OYZLFO3ABDUUMQ;Mohd Arshad
8738;AHVAI77H64YMRRMLITKJ5FPYALPQ;Nidhi
8739;AHVAPI2PL242EH4HOBT3XMTEYFTQ;Amazon Customer
8740;AHVBDKH2WQYS37WL25RFWGDSLLDQ;Reena Rawat
8741;AHVBXZN2O5ZS3WTPVLPL2FICSBKQ;Abinash
8742;AHVDHPDYTIGZ2AHWP3IYEBWBNTTA;Saravanakumar S
8743;AHVDIIKAT5MSKLZGQPMKZHBV6DZA;Animesh Rastogi
8744;AHVEG7WUVHTOAT7YZ2Z6VNJCBYYA;Amazon Customer
8745;AHVFTQFFKLLV5IFJDEQBTF4ZFI5Q;Amazon Customer
8746;AHVG34735ZFEUTFNWTE3CN6DUPOA;Ritu Singh
8747;AHVGJKIR6HAOI5KIYL2BC52ROWEA;Nitin
8748;AHVGMS3MGWLQZG2IR34ENSS4UX4Q;Abhiram Ganesh
8749;AHVGOLL7QJE3QK46VKGLFMON2ZZQ;CamRawLoofy
8750;AHVGSKRUJAMOKHD3LI46BE322UDQ;CK
8751;AHVHHPNIDA6XPCW2ODA2IHXUHZYA;Aryan Raj Singh
8752;AHVI4UXZR4TUQT7MQLVDZXKWTOOA;SRINAATH K
8753;AHVIOH2Z7CKWOZFK6ILKPPWOAUEQ;Indrajeet Chauhan
8754;AHVJBPTSYB54ISNJO3RFYLHEVUVQ;Santosh dixit
8755;AHVJXVQRKI3OSKNANNJW6ODKFJTA;Bharathi
8756;AHVKJVDTF5KCHA5NBPFC7QJAMHJQ;Ravinder yadav
8757;AHVKTMZNCOGSHMV4QI3OZCGK2J6Q;Siva
8758;AHVLMPOZX552F4S4UIO5DEVGXBAQ;MEWT
8759;AHVLQMNM6YIXWPWKQ4N4BZCH44ZQ;Mohamed Khalidh
8760;AHVMCHCWTUWBKE4WYBY27MBIQ32A;Placeholder
8761;AHVMXVNSDIZJWJFWWFU5EXRN77SQ;Amazon customer
8762;AHVN4Q73CBYLXS6PD7JYBNQJOXSQ;Yakaiah Kadem
8763;AHVNGU6PZRRCJEDDJMZOTR5K5K4A;Suraj S.
8764;AHVNWCICNY3UEAX4JMSJGPQNPVRA;Dishant Mann
8765;AHVOBL5JCW6AGGH3Z34W5I3ZLOZQ;Apurba Pandey
8766;AHVOFX6HOS5RQTDPP6UONVCRODLQ;Sachin Kushwaha
8767;AHVONN4NTBA3GJ36PROOYHSDNZCA;Nerthi
8768;AHVP3JOVGO4JRMQQPHMEUNYSLZEA;m̶a̶n̶n̶u̶ m̶e̶h̶t̶a̶
8769;AHVPAXEWPATRASBKHOBI2I3VRLGQ;mahesh radheshyam tawari
8770;AHVPFHNEPCJFLAXKD5IGQRRBHMWA;Dr. Mujtaba Ashraf
8771;AHVRHERJSRHVM63FSTZZI5SRWFKQ;Bharat Gidh
8772;AHVS66CFEP5AXDC35N4ME4SU4X5Q;Hem Roy
8773;AHVSB2RAFNPMGZEKR7Y5SW6XN3PA;JK
8774;AHVSH7O4J2LW4S3YH4M76PPPVLSA;Vikas Goyal
8775;AHVSVASRHLY4HII4CH5GEKNUWAIQ;Amazon Customer
8776;AHVTFTBEBRRJCG72ZG7ABDNQSAOA;Simon Rex P. J.
8777;AHVU44QPDJGJJRV2NLDRERCTAGTA;Ravi Gogineni
8778;AHVU5PK5OI6FPAUBWIMRVJI6R6TQ;Charl
8779;AHVUIVUWUFPO7Q7OJKIUG2DA4BFA;Umamaheswaran
8780;AHVUKBEDM5Z6JPKOPSFAFKCB4OPA;Laiju
8781;AHVVQSZB3JHHISCLVRS6TQ3C4U5Q;S@NU
8782;AHVWARXU523WDIQTATHFC5NICFFA;Sahil Kamboj
8783;AHVWDCCSUSY33GE2QNV5BUQ5OB5Q;B.Satyanarayana Murty
8784;AHVWI4H6HLGS3KQDKNQWF2HFGEUA;Mohsin chouhan
8785;AHVWQ47S436EPOQ7TOH4H2UFEVNQ;ajoy
8786;AHVX4ICC7N4CYLFRKYLA2EMIRS4Q;Bhanuprakash
8787;AHVXXQOUU54RYRBWFDE7VI3S5PLA;Sajan Gupta
8788;AHVZ5IAOQDTXLG7AYCDLY5WD5PHA;Abhishek Dutta
8789;AHVZAVZYUTJOGQMHGNQVLQSOJNOQ;S Y
8790;AHVZCQP5SYIVGZJK4LRP55ZXWETA;Hremant
8791;AHVZEZBMHZ3FEKFYLCZUWSDJH7PA;R M KATIYAR
8792;AHW2UJ6K5LK5BL7LHAD72ZGWJ4MA;DODDI GOVINDA RAO
8793;AHW2XMU277XTU7BJHUH2GORKYUIQ;Gurpreet Gill
8794;AHW36WCBK4L6CVEGYNZELYFAN66Q;pranav
8795;AHW3QBHDOUMXODZ4EAMHD5JMDIDQ;JAGWINDER SINGH
8796;AHW46EWYPFF2DEN5KWQJXNSBGF2A;RAJESH SINGH
8797;AHW46KPBJ44BLDZYQTJH7QTN6FSQ;Abhijith Prasanna
8798;AHW4IKM2QWQX22HWYCOLRRSLHPGA;Faiq
8799;AHW52L6QGPO7TTN7LC3B5JVJNRDQ;Vishal gupta
8800;AHW5KSBYWPGUVRIXU5JQFMT4RVXQ;Srinibash Nayak
8801;AHW5MLVXYWBRYXXWXGQEH27GVVPA;APOORV BHATIA
8802;AHW6E5LQ2BDYOIVLAJGDH45J5V5Q;Pavan A H
8803;AHW6N3FDZXLXEEXO53Q3SMVFLCDA;Neelakantam varsha
8804;AHW6RLKKGIEJSPBA5GGRWAX6Y2IA;sathish annabathula
8805;AHW6UBYJXSPOMQVGP74VQ74BO55Q;Ajay
8806;AHW76O7CH2OHYK2TO5A5BKXJMRTQ;Neha
8807;AHWAA4D6Y3PQJDLJHURM735G4FZA;Lovenish Gautam
8808;AHWAEDGCATZFN3QCEBZVXCLIRDTA;RahulAravind
8809;AHWAN6UWMQFAMU7OUT4YA6BUEUDQ;Rahul Raj
8810;AHWAXDSNOFZ3KG77JFM6PGWCMC2Q;Kottiswaran
8811;AHWB25RGISH5XJ2YQCR4J6FDBPOQ;Rajat Shuvra Roy
8812;AHWBGFXMQMPMLIRTEOZC23QT2FWQ;Ravindra Deodatta Dhond
8813;AHWBMGU2SOK2A2UZBXGWF5O7QCMA;Reshav chauhan
8814;AHWC6QG7WU35GLKYM6XTOTHAXCIQ;Suri Babu
8815;AHWC76VEMF5NNLUBQCANCBHLBRNQ;VM
8816;AHWCNVY76F7IBUHM7EBJBMQV7KBQ;Nishtha Goel
8817;AHWCWBYXHX4QO7ZOFUYIUFTTAJIQ;SHASHANK
8818;AHWDVB4OO4S3YS5RYQZIDBNV6BUQ;Naveen Kumar
8819;AHWEF3345QLMPIGGOW6VUYJZEFDQ;Liton Das
8820;AHWEG7FHG5CEE2TMD524HYGNU32Q;Vinod
8821;AHWEGITKZOSJIXJOMPY75CWMU4EA;Vishal
8822;AHWENSYYF2QDH3EX4REMVGBEMMLQ;Sayed
8823;AHWEYO2IJ5I5GDWZAHJK6NGYHFMA;AM
8824;AHWGL6F44GK5FTVW5XKEIHQEIULA;Yasoob Rizvi
8825;AHWGO3DOMU5Q5D2THPQOCILMEL2A;MANASH
8826;AHWISRUJUCJG6UH4FFVSPKDJS2BQ;Amazon user
8827;AHWJ3FWLEGVBAWARBPV4N23IIDCQ;Pratibha Pal
8828;AHWJYLPQD3AI7VM4ZCBGTQODXXVA;Junaid
8829;AHWKKP3N725TNVCGAS3RDM5MNAJQ;Pradeep
8830;AHWKM26UJAUFAYFUDNVFHPLN2ULQ;Pratap Mistri
8831;AHWLGCCR7N4HTELCLTXAVQM3KJHA;Dinesh Verma
8832;AHWLIKXRCLQS7T7SHUAAJOKBQTLA;Satish Kumar Pandey
8833;AHWLTHKYKXVQESLJVESM5URXROEA;Vineeth
8834;AHWMHRT7TOMXLYI3XYM4K4OY3NEQ;Debashis Sengupta
8835;AHWMZLQOYRFQBNX5WSQO5G5ULAVA;Tenzing Nawang
8836;AHWNDRVWM3DJTAWT2AXHUU2QMVMA;Kumar
8837;AHWNKLMNWM55LSYHST2D4QJHIPJQ;Sam
8838;AHWNQOAOX5D633L5V54NRQBS6BIQ;Ambika N
8839;AHWO6S34K43AUMEEVHEVFHHPOVQQ;Sadique a.
8840;AHWOFQXJDJDNP5RV6PBCUOJTFI2A;Anu Tri
8841;AHWONJ43Z6G6Z6BLCJGD7HHGIU4A;Arun Kumar Nayak
8842;AHWP57C3GNX5E32HHWT43GCSC4FQ;Vedanth reddy
8843;AHWPHJR3F3WBWRACB5PHHTRKXYEQ;Rajesh Maurya
8844;AHWPQ2ZMZFHAYASC4DS6LFCQ4D5A;Shail Alavani
8845;AHWQ3GYAYROPEKLLI6SVIM3S2ZNA;Anil Kumar
8846;AHWQEIF54O5IUHXFM4KLVIMX6YWQ;neha chandra verma
8847;AHWQGQ4LHOPQXZWAVIMXQ6UQFYHQ;manan parekh
8848;AHWQK2QNBGWHI7PRLYLJLBEE5LVA;ameer A.
8849;AHWQOW3VMVOLL2ICO6S6E5K73HEQ;Kumar
8850;AHWQQLE2M65U3ACAYST5FUV4UPVA;Aditya Chauhan
8851;AHWQSD5JHCOHW7JYN7F52ABQCJQA;Gangadhar
8852;AHWRCD6UPY2VTOKI4TUA37GILDYQ;Amazon Customer
8853;AHWRHOUQWASZTLTB4CLOJIDZYPBA;TZ
8854;AHWRUBKKFE6ZTAPAAR5RCSTAPQUA;seshu P
8855;AHWRZWPCTG6ICA7WTNLNNZXWFI5Q;siddharth patnaik
8856;AHWTCTHLUKPJP2IUI4BQMHLGSEAQ;Aayush
8857;AHWU7AHDKBJQGVBN77UECJRMP2ZQ;suraj kumar lohiya
8858;AHWV6EKDNZ7ZGNEPMUJNXT7JHSRA;Adarsh Patel
8859;AHWVEHR5DYLVFTO2KF3IZATFQSWQ;sonia
8860;AHWVJOF4IVRKFY6RJRSBQ2L6ZXQA;RS
8861;AHWVKM3B5KFR7XAANZJTEZB775RA;Sanjeev
8862;AHWVKXF3D6CW6INGFKC4BMWAICWA;Anindita
8863;AHWW4TSZL3AGYOBMIKJHP56I4O6Q;gaurav rastogi
8864;AHWWSRDGMUI3RUPRJLQY7DLHKXIQ;Kayam Sayyed
8865;AHWWTEG22SBYSSAAMFW4EKBWFJ2Q;Rahul Guha
8866;AHWX4CNRSPTA5O3ZVOEKOUW6X6DA;Richa
8867;AHWXK2FU23OBRZZUAXLTBDI3GMIQ;Prateek Tiwari
8868;AHWXPJ2XKKVRT2AQLZKFXMQFJLWQ;Sonu bharti
8869;AHWY6IG3PXBBJMLVFMHHKM25BVCQ;Mani Jha
8870;AHWYLGBFCUWXVK26AOQEY7QNNWCQ;Jenny
8871;AHWYTMSJ7KUHHJOOCNC6WQI6G25A;lattaben parikh
8872;AHX27HPT4SMOSCOOEJKZYKUIWN2A;Sandip savaratkar
8873;AHX2T2DQRBQPRTNZ64BQE5C7PKDQ;Namrata Tokas
8874;AHX37NMZHULN3JJW4ULDOJ2RWYUA;vishnu lal
8875;AHX44XKUX5DHSXDUZBLZCC5SDUOQ;Bunty s
8876;AHX47N6TUNADPXMMQKVASVBNIHJA;krishna chaudhari
8877;AHX4KZVASMGQQOST4T2RAQUZTLCA;Kirti Gupta
8878;AHX4QZLN7AZB65JUWMDFEDFMXDNA;Siddhant Pawar
8879;AHX4VILQLV2O4YDRNDB2CDINB3GQ;Anil Bisht
8880;AHX5AFYII54YJY4XSBZU3HV2PN2A;Daring Darcy
8881;AHX5COLYUD4DO3WUMFCOQ47NPJFQ;Joydeep Bhattacharjee
8882;AHX5PSVSNVHS4QNYCDEKIMFDERZA;Lavis Telecom Center
8883;AHX5S7C6OWULLEH2WS5TSQFATXPQ;AJAY KUMAR
8884;AHX6CSQGEBRWNFP27HRO6OHTKYXQ;chandra
8885;AHX6DQRYIJWTTXZ22B35O624OAYQ;gaurav kumar
8886;AHX6FDK45XLTIXMOCTEJLIVTHJDQ;Aakash Purohit
8887;AHX75KI55PFZY6J6PHO7A2AENXQA;Rajlaxmi
8888;AHX7I43IUBTBR5SMBWXO2VWLFLDA;A.sh
8889;AHXA44TFJADWFEA3DHLJWVUKZVDQ;Fateh
8890;AHXA4FZGPZGXWBJRFZ4V43RPP56A;Deepak Kumar
8891;AHXAAOXPYBOJOTHOOTDEEPQJ7FVQ;Salman Siddiqi
8892;AHXACIKX2GST7YTDG3AUJJ2XDI7Q;Aqeel
8893;AHXAYZML25KY3YMOTME234UUGWXQ;Lokesh
8894;AHXC62FGJRYSCJEBZEZVALOML3GA;Santam paul
8895;AHXCBTJQZHWSZ45OSYZA4PGMC4UQ;PRADEEP KUMAR
8896;AHXCDNSXAESERITAFELQABFVNLCA;PARDEEP
8897;AHXCS37DGQHLE7RFQHFYPWGXZICQ;Jay Jayesh Chheda
8898;AHXCZCBKCKFAOJJ2GOCQS3OKPQOQ;Ajay
8899;AHXDIZAFO4I6IXLPNGBHUSK7UZBQ;IQ
8900;AHXDON5YKOYAUSI3QKGTZNYWEVTA;Aman (AJ)
8901;AHXEMXDI7LE4FLGEUHSK426PVKOQ;Lucky
8902;AHXEZJCTKLG7GQLWYZAYJZUIO5MQ;Abhishek Gupta
8903;AHXFU2NP5EL5BNCYY3V2BOWDYX4Q;radha krishnan
8904;AHXFVLYGYVEDJD4JY35L425PK5YQ;arjun Roy
8905;AHXG6CXWUZKDMM5DNC6BELMP26QA;laxman pallikonda
8906;AHXGBF2ZTVWC64GMFRCTEINBQZIA;Swapnali
8907;AHXGYVTMKDT7JUK4RJDJC7ISMPDQ;Praveen v
8908;AHXH52XW3RFMDWRXJ5ET2BI4XQVA;Deep shikha
8909;AHXJZSVEOLZI5RBMJNOHPVSA2DNA;That Crazy Photographer
8910;AHXKIRJTURRXQ7DQD7U4NARBKULQ;KRISHNA MOHAN LANKA
8911;AHXKOJKX2Y62E42WWVLND5YDZARA;Raj
8912;AHXL7635W54KBJSQMVBH5NU5M5HQ;sridharan
8913;AHXMSMSLFDG7IIBBIVO6DY5RPVCA;Rajan Raju
8914;AHXN6UXEHQZVJHLCNWCYHA2IAZQQ;SHRINIVAS JAWALKAR
8915;AHXNEJ47QV434CJ2CITRIYTIZFDQ;Kavya jain
8916;AHXNYKCNRYNZPT4HEFZT6JUXRDOA;Anil Kumar M G
8917;AHXO4AUAOUTAX3SLS25652BOVQGA;Rishi Kashyap
8918;AHXO56F7SD2DIP32TF2DYFXQRYLA;Satya Ghettem
8919;AHXO7SHNST675ORXUKNNHR2YKEKA;Aditya Tapkir
8920;AHXODZHY6I6ZB3I5IUMGMLXCX2KQ;Abhinave
8921;AHXQBGXJGDE2LRTXCTNKJA4ELAEQ;m.ganesan
8922;AHXQK2APPFORQPV6E43FW2W6DVVQ;Drew Arsenic
8923;AHXQPNDQMOD2RJE2S6KG3CM6QRXA;Arjun A
8924;AHXQZN3N55YAWSIZRNKHRWEQ5XZA;ANUDEEP KUMAR SINGH
8925;AHXQZSTOU5JDMRAOJUCCQUW2KUBA;Neeraj Andhavarapu
8926;AHXRHYRPN4MICARR3YECLYRGKMFQ;Raynold Mathew
8927;AHXSYSLVVATNHR4SWPLA3L63YUTQ;Swapnil Mane
8928;AHXT34K7Q5XLB7MNGS4NFI2VBMVA;Shivansh Rajput
8929;AHXTIJOG7AQRG6AAFQC6P74S5WYQ;Lalitaroat060682@gmail.co
8930;AHXUXPQFBUYDK4PEVU2BEKXMY4XA;SHUBHAMKHARIAL
8931;AHXV3ZOII4LO45733UQAP5Z7HQQQ;Abdussaboor ansari
8932;AHXVDMVAJ3EJF56HHLY7CHZK5ULA;nirmal
8933;AHXVJ4RECEDVRCX2R7BYOMRO7KJQ;Divya Sood
8934;AHXW4TW4TIIXXSXFZXBR2MWZLVQA;Anil Kumar
8935;AHXWEITWPBXRDFSHW2XGLDXP4FFQ;Amit Tibrewal
8936;AHXWSKIC3GD2ZFTM5JW7ANXAVSIA;Aish
8937;AHXWYJUQTCQRTQG3XYEAAYI3EURA;Jasmin Gosrani
8938;AHXXQS4GRLX7EK5BE6LFT6OKTWZA;Buyer
8939;AHXYETFF4XMSAI4VAHP24XL5SSTA;veer
8940;AHY22HEZTKCXWPBPU5TUS37S5LBA;Debdulal saha
8941;AHY2YZWK63CNZ626MC3TFQRBB7RA;Ramesh
8942;AHY3GOQ6D4GPVJOY2WG4P7MH7NGQ;Soham Dere
8943;AHY3QEA3CVS57POB64VVMQSPHHHA;Abhishek Shode
8944;AHY5CI4SU6JBYPIZ5RLAGO6W3F4A;Saptarshi
8945;AHY5LCCPN4ZSDFIFF3JUXP2YS4TQ;Abhishek
8946;AHY62YAUHMMGFKSBGCECVGKXY2UQ;Raghavendra Shetty
8947;AHY6AK5LXBTGXDDXSU57ISMDW55Q;UtdBuzz
8948;AHY6F4BLYRDJCSKQSQEWDPXAXKSA;Fayaz Ahmed
8949;AHY6R6FREC2FHKQYBVIBR3XJKPVA;Pravin
8950;AHY6XDQNLICAHSOUPBE47XD3UDTA;Vikrant Khatri
8951;AHY7SA7H5WSKZPBFECKTY6UWHFAA;Manjush Mohan
8952;AHYAIOJLTBNK23OEWQ2BELX3PVXA;Pankaj
8953;AHYALQ3NLFMTU52IWFICXNJIC7VA;Yanala Raghuvamshi Reddy
8954;AHYAQT2F3NUTKS7LIHXKTFNR7WQA;VELMURUGAN
8955;AHYAZBKFP25QVIQLCDEJ6UDI52SA;NIKHIL
8956;AHYBJJUUPQJTFXXO54OQ3J2D4N4Q;Pawan
8957;AHYBTPEMPO3DK4PDH62ZYMP3LG7Q;Vijay Ravindranath Sen
8958;AHYC3B3YXT6CUZMS5X2TWWEY5W7Q;aizah
8959;AHYCGGRP7XQVIYP6NRVZI6A7FH2A;Arghya Roy
8960;AHYCLMEK6HTW32Y3U6V3MVCCEELA;Venkataraam
8961;AHYDC5KBSNP2LD5ZV5SXO3CQSCDQ;Brajesh Jha
8962;AHYDE266M6GFYYUA65OOK6NJSTPQ;Gulab Yadav
8963;AHYDGBIJQH2XC4SMUNVX2HGKOELQ;Harsh Raj
8964;AHYDKTW3WJO4HNGBHBOAFCJ3LOSA;Ronish
8965;AHYDO3OKLMDU6UJQ6YTMQWNUITPA;Lalatendu
8966;AHYDPSGRW6OTHG2H7LYZVV6SHZ4Q;Surfer007
8967;AHYE26O7K6TJKC36JVCCCL27UJPA;Anu Manoj
8968;AHYE53BX5R2BNJHNSISJLEXOIAPQ;anoop
8969;AHYFD4V3SISZ2UMN2RLAF472Q4IQ;Partha
8970;AHYFPG47CQW6OMLRJZSHPCQJXP2A;Amazon Customer
8971;AHYFYPIPAAEIIOCW7BEE7UHNOGHA;Biju Chalil
8972;AHYG77LWWFRTEUKZEO56B2OX5LUA;Ajit y.
8973;AHYH6AZT3U3U44CDW5Y563UYIIUA;Pradeep kashiram Tetgure.
8974;AHYHEG5TPFHDT5P2H6KWCNRKVFAA;khalil shaikh
8975;AHYHIMJX4LAYXAK6QRQ62U7GPDVA;Jai Ashvan
8976;AHYHKNM6SBOIEHGTSR3YR4QMEZMQ;VGRK
8977;AHYITN5O5VRJ4GJVYGJW3W6TRM2A;Bhanu Vardhan
8978;AHYIUARUTB7FHBZNQDO2RVV72XFA;Adarsh
8979;AHYJWLKBVY2CFWRJH3MNID4CRRBA;Kirti Yadav
8980;AHYKYPQWG6D57RWV5BGGMKG6D6WA;Nidha
8981;AHYLFL4VWQ2J4OOZXMEPISX5G64A;Isha Singhal
8982;AHYNWZDQUEHA3LHM2UGWGPEF5RZQ;Parikshit giri
8983;AHYPBUOGDWIPQZHL5OKLHPXJB2SA;KISHORE THOLANA
8984;AHYQION7F7POWPGNNAFXPK64RSNQ;Anil Kumar
8985;AHYRVZO75V7QCBX2UY42LN6TPVHA;Adarsh
8986;AHYS2KFHX6V5IVVSTAAB4RXD4IHQ;velidandi prasad
8987;AHYSFGBB7ME3WWWP6PX55YHNYFBA;shivendra sheel kulshrestha
8988;AHYSFJSMB2QV5236QBEYJ7TFBMEA;Nikhil
8989;AHYTLAOGOPXGT32G7WO2MNPWKISQ;Samir
8990;AHYTRVWVQPG2TVM4E45YUD2753AA;Vikas
8991;AHYU5NW2HTBFSIBPELM5BWRVFHDQ;neha keluskar
8992;AHYUM6XUA4K6V4QEAPT5MLQQIDPA;Dheeraj Agarwal
8993;AHYUQQD2MUJHFJXWYZ6KCZWI5IHQ;Pawan
8994;AHYUXACLEPZESEULAWJJLHKCI3YA;Sharath Pothuganti
8995;AHYUZ2BLKNN6UJLFYWCXCEFZTOVQ;Sugam Agrawal
8996;AHYWG4RZCXWYBUPMUCNYX76JWF4Q;Priyanka Devaraj
8997;AHYXJP46LXOTLZ5FXX53OWHFNWXA;Harshwardhan shinde
8998;AHYXOLBCMSIEDFBT2ZQZUWIT75UQ;Debabrata Das
8999;AHYXOMUJUKZHBWHP43ZAB265EDGA;AmazonCust
9000;AHYXTDSENFWKRKDQ5KOMQ6IJLGXA;akshay ahire
9001;AHYXZVXUY3QTBP7IBFIUBSZVH2XQ;Naveen
9002;AHYZC7TAK75CSXYF2V57TT2XB3VA;Kulasekaranslrk
9003;AHYZHOPWDYWIXWQIZM36GLF34W2Q;Anup Kumar Pandey
9004;AHYZLCABV6IHJ54AO3Y7CVPJEO2A;Devendra Singh Rawat
9005;AHZ3OEXV4JL4MNSPNLNCAKIDTGNQ;Amazon Customer
9006;AHZ4UBDUCUMY6IGCR67LB4P5RBXA;Sagar Rastogi
9007;AHZ5C4DKZMCI6CTANLO3RVEGSSFQ;Sharanabasava
9008;AHZ5DVZ5VTJKMDTENJO4AZF7E4RQ;R P Singh
9009;AHZ735URYHBXW26225HDL7K7OB7Q;ANIL KUMAR AR
9010;AHZAEVCLQBC6F6VVPI3OWSWZKGMQ;Santhosh
9011;AHZAHAH55JLBTMSUY3Z6R2ASMCDQ;Amazon Customer
9012;AHZAJIIJDRADTHCXCEM6QEKG5ZUQ;Thejas
9013;AHZBOE4W3PUVBX7VYDBE57VDPMBA;Alam Naushad
9014;AHZBPWQ7QCCQOXQMVWFSK5PGFP4Q;Malini
9015;AHZDDRQIN5ABLJXSOK7EZI2GZHYA;SATYAM STORES
9016;AHZDTJJ7PM3GN33LCJB2YWN4QCZA;Sangeeta Yadav
9017;AHZE7X4JEEFGO55ORGHVUFLEKD3Q;Amazon Customer
9018;AHZEXACAG3YWARLUXFF6G3LK52AA;DINESHBHAI T.PATEL
9019;AHZFKWGDBRQKNMNQ4ZPL52OZBRKA;Mukta Khan
9020;AHZG2MJP5M6GKLC6YVHOJTZ3ZAKA;Ashraf K
9021;AHZGHAB5A4VIMHKF2QTICSYPMJHA;Vinay
9022;AHZGL7KVNWGGBE7Y6SHNILECWSFA;Venkatram Rao K
9023;AHZGY66J5FAIJFO6MDNGIIOF5YGA;Ishani Roy
9024;AHZHDTTEM2NV5MW3BUGSBU63WTWQ;Neelam Chouhan
9025;AHZHIHTLOMIHI5DFCYLT2ZIBMUCA;Sameer
9026;AHZHKXL5TIRPYY5YI5IUSYODJZSA;Ankit Devidas Chavhan
9027;AHZJHJWFZLYD64GVP4PXVI2F4LXA;Manish Mehekare
9028;AHZJIQSIZULMCKUVKKUV7WG5PEKA;Nekitha V
9029;AHZKJ2F3AH7NRAMA5QYV5DKOBMAA;Kartik
9030;AHZLFVEFPM5G6NINL6C2U6DEUNZA;Pooja jain
9031;AHZMXBBTAGNP5FSXCLSP676YEJOQ;Ruchi
9032;AHZNIOL2ID4R7NAEE4BOVV3TOTSQ;Garima Katarya
9033;AHZNRDTV27KCO662Q5ZOX2ZC26OA;Riyu
9034;AHZNSNBVKQR4OGJAQHE4DCDA4YHA;Anirban
9035;AHZNT25EKPGFYYUQOSYG7E5M7WRQ;George George
9036;AHZO434YNBOOY33A2IHP3RCV6FOQ;Birendra Rai
9037;AHZQRNFYLWZV3PCNKMUXLLAL6Y5Q;Nupur Mallick
9038;AHZRUY7MR4SVM3HFJ2SZDGHZJ56A;Jm
9039;AHZRZRBWNNDHG2KXXLPRZVBTHTUQ;Mayank g.
9040;AHZS47WK6D5XJ6FS6DINGACMRQKQ;Murugan
9041;AHZSWCFTWESY2N2RK4BVWBMM4TZQ;Kishan
9042;AHZTLZNYRSIEOCNNYMQCXWTWA62Q;Murukadas P S
9043;AHZWJCVEIEI76H2VGMUSN5D735IQ;Amazon Customer
9044;AHZWXUWE3RGLDH4JJUK3HT3VMBJA;N. Lalhunchhungi
9045;AHZXKAGAJPIMZJD5XJ5QUIYR3ORA;Yuvashree
9046;AHZXNS63DN6MZDH3WSKYRLWSG3DA;dyneish
9047;AHZYN7O73FJWRPUQGZM5BEAZ3A4A;Sneha Mahat
9048;AHZZFBL24XXVLW6H44MOB6LBHH5A;Neetu
9049;AHZZISWHBQV4TL3MKOJTH22IUNIQ;Amazon Customer
9050;AHZZXJWETMZR7SH7C22KVUT7VHAA;Sushil K.
