review_id;id_produto;id_usuario
R100Y29EI0KGW9;B08H6B3G96;173
R101TILZBOMQ6F;B0814P4L98;7760
R101VJD80D1Z15;B0883KDSXC;1303
R10365HEDURWI9;B07F1P8KNV;2072
R10365HEDURWI9;B07GVGTSLN;2072
R103G2OV6OFA3Q;B085CZ3SR1;6922
R1042SYVJXWW5H;B01HGCLUH6;8191
R106IUE0WPQTUA;B0B2DD66GS;7812
R10758I9J937X1;B08QJJCY2Q;4963
R107X637OTGBDN;B09P22HXH6;4375
R107YDPAWIHVKN;B098K3H92Z;6327
R1088Q72E1W0DN;B0B21XL94T;2143
R1091DNAFCQ1ML;B08SKZ2RMG;2801
R109BR31BO9U9O;B08FGNPQ9X;1191
R10A14SK3WPO23;B08CKW1KH9;126
R10AUMHF2MJRRU;B09L8DSSFH;2744
R10AUP1PXSZ48T;B00B7GKXMG;2604
R10B9A5RIHMWPY;B09NL7LBWT;6726
R10BFD806POSOX;B08MTCKDYN;1897
R10D7UXTTY2ZIC;B095K14P86;8202
R10DO46U5X7BFU;B0BDZWMGZ1;8404
R10DQL9ALWH0DB;B00LM4X3XE;8222
R10DZEZJUT4T6K;B0BDG6QDYD;5352
R10EY3S2UI2CVF;B07VZH6ZBB;799
R10FKRAEORI9L;B093QCY6YJ;5354
R10FSXTXXK9XYF;B00KRCBA6E;8879
R10FUJSCR3VYHY;B01F25X6RQ;4101
R10FUJSCR3VYHY;B01F262EUU;4101
R10G3GXLZIE38O;B09C6H53KH;4953
R10HDAKYPSY8DY;B01LWYDEQ7;3488
R10HYVIHZWKK1K;B0B5GJRTHB;1332
R10I6UIAQIP9TN;B0B5LVS732;3164
R10I87E4DVQPCL;B00TI8E7BI;8268
R10IFN992C8DZK;B09B9SPC7F;7278
R10IL98NTGTQH1;B09NY6TRXG;6674
R10J01VHCKFB42;B07P681N66;4357
R10J01VHCKFB42;B0859M539M;4357
R10J6JPDPTB5ED;B09P182Z2H;6791
R10KEMT1N336ZD;B08MTCKDYN;3498
R10KIZHSVBEP0U;B09G5TSGXV;8562
R10KVN4LSVD459;B002PD61Y4;5860
R10L0LUK0SEJPL;B006LW0WDQ;163
R10LLYRO2Z4E2G;B0B2C5MJN6;2482
R10LMVOXP4TLSA;B00LM4W1N2;1475
R10LP9ZFPAKSTQ;B07KSB1MLX;3666
R10M9KZFIDFMAD;B07CWDX49D;1552
R10M9KZFIDFMAD;B07CWNJLPC;1552
R10MKW1UG3KEPV;B09TT6BFDX;7233
R10NC3D321N59G;B01486F4G6;3902
R10NGDU2C04L0B;B0765B3TH7;5440
R10OJHKOU9XFU1;B09L8DT7D6;6909
R10OPU90E2KOS8;B0BL11S5QK;1948
R10P5LB5B4388O;B08243SKCK;7319
R10P8JU3ISASFZ;B09XHXXCFH;5407
R10PB68FRUHT5V;B014I8SSD0;7180
R10PB68FRUHT5V;B014I8SX4Y;7180
R10PB68FRUHT5V;B07KSMBL2H;7180
R10POPC8HU427E;B0BBWJFK5C;2180
R10QDJFCO17945;B08D77XZX5;4043
R10QFC3QA5200V;B01EZ0X3L8;3185
R10RLPU4M73CP6;B00LZLPYHW;2591
R10RUXC7JD5S4I;B00NH11PEY;3456
R10RUXC7JD5S4I;B00NH13Q8W;3456
R10S2P5H6YODNY;B0B9959XF3;7740
R10S2P5H6YODNY;B0B997FBZT;7740
R10SL1Q7F6CHBK;B09W5XR9RT;6244
R10T102N4IHERO;B09T2S8X9C;3371
R10T102N4IHERO;B09T2WRLJJ;3371
R10T102N4IHERO;B09T39K9YL;3371
R10TNWC8M5M8E9;B00S9BSJC8;1577
R10TVE5WRTUL6T;B0B72BSW7K;437
R10U91ZIGVUEQI;B08TTRVWKY;6772
R10UNYZS2VXZ3G;B07H1S7XW8;1288
R10UVB3K1LK8T6;B09CKSYBLR;5336
R10VUNRCJ444H;B009UORDX4;727
R10W1YYH1W8HQ1;B00NH12R1O;1620
R10XDKD7Z4R4WL;B09C6H53KH;1648
R10XJXDKS199JT;B08QDPB1SL;4528
R10YPJXXLIT9PF;B086PXQ2R4;8773
R10ZCCIEHFV5NF;B078V8R9BS;7059
R110CR4AD558XA;B07FL3WRX5;677
R1115HIQP3BKKJ;B083342NKJ;5295
R111DGF0O8W1N8;B0B61GCHC1;7444
R112AEM8D2X3S7;B082T6GVG9;7918
R112HB5700T6SG;B07J2NGB69;3211
R113GHLAS618M5;B07TMCXRFV;6876
R113XKB6ZAUQF;B01JOFKL0A;8728
R114CSTYEOW1ID;B07Z51CGGH;8096
R1150W07XAD9VL;B08PFSZ7FH;1027
R115NGNFV75VQZ;B088GXTJM3;8684
R11666SEDDXZ66;B08FB2LNSZ;3635
R116YMD72TSY5Z;B09MZ6WZ6V;6215
R119BACSU1D5W0;B0B72BSW7K;5719
R11AIQ47T2I3TL;B096TWZRJC;4776
R11AYTN6DNN25S;B08HD7JQHX;6080
R11CTFK86N4XV0;B07YSJ7FF1;3882
R11CX4EPU303P9;B099K9ZX65;5396
R11D3U0V2XKDKF;B08Y1SJVV5;4211
R11D3U0V2XKDKF;B08Y1TFSP6;4211
R11D3U0V2XKDKF;B08Y5KXR6Z;4211
R11D9Q1R128JAS;B09Z28BQZT;8354
R11DCSCBEFMX5F;B09XJ5LD6L;6395
R11DL2AWM51JUU;B07989VV5K;1641
R11DLOHUC77VHV;B09ZPJT8B2;5418
R11E62NE328JVS;B09RF2QXGX;8001
R11EG1L6YLD853;B08LHTJTBB;3372
R11EN6UQ5L17PW;B07X2L5Z8C;7316
R11EOJ6WSV5QIN;B07Y5FDPKV;7566
R11ETJ640KDIRW;B08R69VDHT;4761
R11ETJ640KDIRW;B08R69WBN7;4761
R11F7S14S5Z1DR;B098T9CJVQ;1446
R11FM1DRG1FNOI;B08QX1CC14;4412
R11GWINZ2PW06X;B0B25LQQPC;2916
R11GZVOGK994MO;B08VGM3YMF;8655
R11H2N84QPASNY;B07XLML2YS;4884
R11HJ548X7I0KV;B0B5KZ3C53;8365
R11I303S1BQCT9;B09JN37WBX;6860
R11IIB56J49ZMK;B08CHZ3ZQ7;5360
R11JTLY59LQL00;B008QS9J6Y;3050
R11KVGFT3HQ3AS;B0873L7J6X;1419
R11LCNI4PZLK5B;B0B296NTFV;7560
R11LGEEJ1QQ8HI;B07L8KNP5F;8323
R11LLDBWK3KHUS;B0B8ZKWGKD;7944
R11MO8HH0GUD1M;B0752LL57V;7145
R11MQS7WD9C3I0;B08CF3D7QR;6723
R11NHZQ8OKA9U0;B0BFBNXS94;914
R11NPIORD8W3HB;B09C6H53KH;7970
R11NV4VR04QD1Q;B00NW4UWN6;5252
R11NVDOMRAN1N9;B09VC2D2WG;3844
R11O7WDJVC8065;B07L8KNP5F;3573
R11OLU6PWXKCS1;B075ZTJ9XR;6115
R11PAFU64U5LGV;B09XRBJ94N;2330
R11PB4N9WB3VCS;B09MT6XSFW;1992
R11PB4N9WB3VCS;B09MT84WV5;1992
R11PYCGN6PGQL9;B0758F7KK7;3595
R11Q826IS7DFMG;B075JJ5NQC;6439
R11RMBECT7059U;B00LOD70SC;1098
R11S82IA4CCOBF;B0B5GF6DQD;7400
R11TECZ2LD0OKP;B0B5ZF3NRK;679
R11TIPQDVW2QS6;B0B2DJ5RVQ;20
R11UPSK2R29X8M;B09J2SCVQT;1845
R11UZ87O5WB63U;B08JKPVDKL;1073
R11V5OCJYQY6WC;B07WVQG8WZ;4409
R11V9HX6ULC67;B07Q7561HD;3102
R11VGKTVQCTPW1;B09T3H12GV;3057
R11VQG0J80EBFL;B07WDK3ZS2;8004
R11VQG0J80EBFL;B07WFPMGQQ;8004
R11VQG0J80EBFL;B07WHSJXLF;8004
R120D3AP6AXFGR;B08GJ57MKL;7720
R120Q9PAHZEIEM;B08HV83HL3;3709
R120Q9PAHZEIEM;B08HVJCW95;3709
R120Q9PAHZEIEM;B08HVL8QN3;3709
R1214YKOSWOBHC;B01M0505SJ;2719
R121BDXPB86E0M;B09ND94ZRG;5191
R1229K72SC8VW6;B0B4DT8MKT;981
R122PZXYO9V78;B0B8ZKWGKD;3935
R122YI86MCVKBA;B08XMSKKMM;8327
R123XHZAU0Z0E5;B09P8M18QM;8364
R124CFJ8HVQXQW;B078W65FJ7;5933
R124UMGYOOTQZ1;B0B3RHX6B6;783
R125MD72MJH9VN;B07WG8PDCW;1923
R125QF7WMZW3NW;B09VGKFM7Y;8598
R125UHW97PT3OH;B09LHYZ3GJ;740
R125UHW97PT3OH;B09LHZSMRR;740
R125UHW97PT3OH;B09LJ116B5;740
R1260HX2KSZV0W;B07YNHCW6N;1611
R1278X0YFW7IYM;B07S9M8YTY;1744
R127MA65JNSOWI;B08W9BK4MD;3723
R127S7ET7LEPPH;B07LDN9Q2P;2425
R128LZ0DN2NZBZ;B0B3CPQ5PF;1648
R128LZ0DN2NZBZ;B0B3CQBRB4;1648
R128LZ0DN2NZBZ;B0B3D39RKV;1648
R129BK806X9B1Q;B08LPJZSSW;7473
R129CVNZPQBGK3;B009VCGPSY;4519
R12B5CYZJNMJ8U;B0B8XNPQPN;621
R12BP3F974Z6HW;B0B2DZ5S6R;8857
R12CEDLFCKZMHZ;B00GGGOYEK;378
R12CJ7K0V22F2T;B08D11DZ2W;6236
R12CWR7TITHMF8;B093ZNQZ2Y;4441
R12D1BZF9MU8TN;B09C6HXFC1;3693
R12D2U23M2187O;B097R2V1W8;8447
R12EIACNZU7VVH;B08MVXPTDG;6148
R12ESRILVR6D2C;B09JFR8H3Q;7486
R12GPK5AS5ZUZN;B09SGGRKV8;5622
R12GSMU9X7QCRL;B07YC8JHMB;4548
R12GZJTCB7VJLS;B08RX8G496;6625
R12GZJW2W11L5I;B07YWS9SP9;3007
R12HTO2PX060ZT;B07BRKK9JQ;2200
R12IKB9O73E02;B00LY12TH6;1971
R12IW90EHDETBO;B07Y9PY6Y1;881
R12J7UKQ0FX3O9;B09WN3SRC7;7077
R12KBR8IKSS7J2;B07GWTWFS2;487
R12LALSYGQEMTT;B0B8VQ7KDS;2189
R12LCASDHZOB5X;B0116MIKKC;3287
R12M631S82DWX9;B09J2QCKKM;8386
R12N4I2XRPP114;B01M5F614J;6273
R12NKL4CWR1GAZ;B09CMQRQM6;4839
R12NL8VVWSST6Q;B071VMP1Z4;4294
R12NQTT6JQ7IUU;B08L879JSN;1167
R12OJO04IKVP5R;B08D77XZX5;8099
R12PC58VMY3MZY;B0765B3TH7;5655
R12QP5JRRTJNES;B07LFWP97N;1682
R12QT09SFCET3;B097C564GC;3373
R12R4AASHS28DY;B09HS1NDRQ;5086
R12R6OUAVMTUIJ;B09NNJ9WYM;894
R12RIAF7LEVYRN;B0B61GCHC1;5531
R12RKF2K5CHXWV;B09FFK1PQG;4929
R12RV1CVRJOA3Y;B01L6MT7E0;7599
R12SFXHRPKR19Z;B088ZTJT2R;8397
R12TCJ1XMAA5LP;B0BD3T6Z1D;2266
R12TLXBNBGY3Y7;B07222HQKP;7045
R12TMIZDRWREBE;B0836JGZ74;6859
R12UEJEYKOVC8X;B0B25LQQPC;5037
R12UGEM1FH0OC6;B08RDWBYCQ;4769
R12V38GYJNML2L;B08LW31NQ6;371
R12VALC47YCIOT;B09GFWJDY1;6412
R12VH0YMA85Z6G;B00URH5E34;8670
R12W72FFLIE3W5;B09HS1NDRQ;4312
R12WIEV98SWMNB;B09B125CFJ;2935
R12XEPS4NQ1XIR;B00N1U7JXM;2017
R12Y07JTP88MO6;B09LD3116F;2807
R12YIJ3OV5GIBY;B08XMG618K;3846
R12ZDG5WML5E1Z;B0B9F9PT8R;8316
R13082370PJO1Z;B082T6GXS5;8916
R130ME1NWGGCRX;B0BBN3WF7V;1600
R130ME1NWGGCRX;B0BBN4DZBD;1600
R130ME1NWGGCRX;B0BBN56J5H;1600
R131UUX5RGGPM6;B0B935YNR7;1893
R131W5582A5499;B08KDBLMQP;6562
R131YF9XI5CCEX;B09CGLY5CX;7217
R1334GMRXCJFLO;B07HK53XM4;7047
R134725GEKQE0F;B09ZPM4C2C;1391
R1349PEO0YF938;B07N2MGB3G;4486
R135GA3VHX1SD1;B09163Q5CD;4040
R135SE2MJDL8AY;B085W8CFLH;5370
R1360ADBA61XQM;B0B2DD66GS;7876
R1366OOBBOMJI2;B07NPBG1B4;7726
R138ITHIJ8RJ6M;B082ZQ4479;8820
R138UM3OBL4EGD;B07VV37FT4;4545
R139XIZFXKTMW5;B09XB7DPW1;3910
R139XIZFXKTMW5;B09XB7SRQ5;3910
R139XIZFXKTMW5;B09XB8GFBQ;3910
R13ATADDWQX8CT;B0BLC2BYPX;7797
R13B46MR7D4UW6;B08461VC1Z;4717
R13B5RZ3XMANFO;B08LT9BMPP;7894
R13BCLN31UCTUC;B08FGNPQ9X;3887
R13BIW8MBG5VX1;B00TDD0YM4;1158
R13C8HGBSHKCE1;B083GQGT3Z;7435
R13CCSI2Y1TWIV;B0977CGNJJ;6541
R13CIOIUD1D8UM;B0B23LW7NV;6143
R13DVAUMRLLEK8;B0756K5DYZ;4245
R13E9GP8EQCMZ3;B07ZKD8T1Q;4800
R13E9T5RVFB29Z;B00935MGHS;3093
R13ESBS8Z3WZG0;B0756KCV5K;7655
R13F6K3KB7TV8S;B07Z1X6VFC;8842
R13G1K0IPVB3EA;B0B4DT8MKT;7768
R13H3ADGD1MXRT;B09RFB2SJQ;1222
R13HF7067D65NX;B00LY17RHI;6872
R13I84OJ7E8OJA;B07D8VBYB4;8377
R13ILSZ9UIVWZM;B09MM6P76N;3896
R13JBDK4SAAYFT;B0B4F1YC3J;181
R13JBDK4SAAYFT;B0B4F2TTTS;181
R13JBDK4SAAYFT;B0B4F2XCK3;181
R13JBDK4SAAYFT;B0B4F2ZWL3;181
R13JBDK4SAAYFT;B0B4F3QNDM;181
R13JBDK4SAAYFT;B0B4F4QZ1H;181
R13JBDK4SAAYFT;B0B4F52B5X;181
R13JBDK4SAAYFT;B0B4F5L738;181
R13JNSWNKVVI9T;B0B2DZ5S6R;6087
R13JQ20APUVZ1O;B08VGFX2B6;7845
R13JZJWRO3P3CG;B07LFWP97N;1166
R13KVD5NMA72K1;B078HRR1XV;7143
R13L5OV3OFG590;B078HRR1XV;2188
R13MW2BGCZLD8H;B0883KDSXC;5142
R13NH1L2MEEDOH;B09X5C9VLK;3257
R13OEY5VD2OOR7;B09JN37WBX;1710
R13OM9G76N34OR;B08J7VCT12;5445
R13P4JW3JTQ20L;B0814P4L98;4420
R13PRENBWGTJL4;B08CNLYKW5;8237
R13Q2BLBWFPEJF;B0977CGNJJ;61
R13QV6AOAYQU6G;B07T4D9FNY;3610
R13QZ3G3Z2NKZW;B08GJNM9N7;2585
R13S4RGKBN47XW;B0BNXFDTZ2;8782
R13SM3HJNFXCUQ;B07GXPDLYQ;7223
R13SXCYDWPZD7M;B08CNLYKW5;3335
R13T54P444JQ2A;B08235JZFB;7263
R13T7I5DKQIXSA;B08RDWBYCQ;792
R13UTIA6KOF6QV;B09HQSV46W;7574
R13UTIA6KOF6QV;B0B6F7LX4C;7574
R13UTIA6KOF6QV;B0B6F8HHR6;7574
R13UTIA6KOF6QV;B0B6F98KJJ;7574
R13UTIA6KOF6QV;B0B8CXTTG3;7574
R13VHF78WR3N1Z;B078WB1VWJ;4726
R13W8DDVDXK6T5;B013B2WGT6;1702
R13WAEJDI5RS36;B0789LZTCJ;3689
R13WAEJDI5RS36;B07CRL2GY6;3689
R13WAEJDI5RS36;B08HDH26JX;3689
R13WAEJDI5RS36;B08HDJ86NZ;3689
R13WAXAKPL2LIZ;B0718ZN31Q;6669
R13WG12278YLU8;B008LN8KDM;3448
R13WVC502PM2JO;B07SRM58TP;2173
R13XVC901RKGZP;B07T5DKR5D;2993
R13YBJ0OTSIBZ;B01D5H90L4;6595
R13Z8MSR50H9UK;B07CD2BN46;8120
R13ZLVXBTCNIUC;B07W7Z6DVL;2615
R13ZVLYNBP29HS;B08WJ86PV2;8155
R140SU5IGEW7FF;B081FG1QYX;58
R140SU5IGEW7FF;B081FJWN52;58
R142J5WJGIJ8CO;B00SMJPA9C;1671
R142MAX2YBGVW4;B09FPP3R1D;8955
R1433K3KOBJMRY;B09BCNQ9R2;867
R143FGMXO612N1;B099Z83VRC;5127
R143O8SM7QE4W5;B00HVXS7WC;4
R144IGLWP70M8K;B09MKP344P;6817
R144WYY5PBRA6;B09KPXTZXN;1450
R1458J40NJSVIT;B09J4YQYX3;2295
R145BZJOMF3WT1;B08HD7JQHX;6797
R145ESVWL5NKD8;B0BDG6QDYD;5580
R145H2IMWSHSP5;B0BG62HMDJ;982
R1467F9VL3DLSY;B085DTN6R2;7884
R146T7C5DJS2HC;B09VPH38JS;6865
R1475ZJ873I5NE;B07KKJPTWB;8707
R1482M3Z6TF62M;B08TGG316Z;3703
R148TZG032T23O;B09X1M3DHX;2369
R1491D1ND0TLA1;B07SBGFDX9;7241
R14A126YKLIWX;B0B5KZ3C53;8060
R14A3U8XTK1D7X;B08QX1CC14;4392
R14ACX2RTXLHYX;B00YMJ0OI8;8927
R14ALM4LONM07K;B09ZQK9X8G;1207
R14AS7M62D2KQM;B08MV82R99;122
R14BVAFCMFPDDX;B0814P4L98;2997
R14BZPIXU4V009;B07LFWP97N;3408
R14CFFXT17UAJI;B09F6D21BY;4920
R14CIKGGK258KG;B0756K5DYZ;6475
R14DHLF5YST1V5;B084872DQY;3443
R14DQ7KNNHLJA2;B08CRRQK6Z;6697
R14DYCKOFGZ3G4;B07SPVMSC6;4044
R14EGSF85GZV2Q;B08G1RW2Q3;5840
R14EM7EM0MGBC5;B085W8CFLH;3815
R14FBKM06QD50M;B015ZXUDD0;6313
R14FNF4GQL91JN;B00K57MR22;2483
R14GI2JBIZGJ61;B0B53NXFFR;7758
R14GI2JBIZGJ61;B0B53QFZPY;7758
R14GI2JBIZGJ61;B0B53QLB9H;7758
R14GIM1TQZM2WS;B06XPYRWV5;9030
R14GNLBYKUA03S;B095RTJH1M;8376
R14H0NECRS2LAV;B082T6GVLJ;5838
R14HS6TRQLTVE5;B07VSG5SXZ;7914
R14I4FF21R2OZG;B00935MGHS;7917
R14J3NXQ5NAC7R;B09Y5FZK9N;4517
R14JK9VQCXXEKU;B08L12N5H1;3531
R14JYWLSY6VOZW;B00S9BSJC8;6462
R14K1I1T1JA1QO;B075DB1F13;7937
R14K7AW0ZFZRGD;B09GFWJDY1;2968
R14KVXYDLAEBHR;B07989VV5K;7778
R14L1ELN40CL68;B08444S68L;2671
R14L1X0OOX0LFP;B01MF8MB65;6385
R14L8HWTVI4YOT;B086394NY5;518
R14L8SQPUEZAEJ;B07YC8JHMB;861
R14LR72Y74A8AE;B09VPH38JS;8821
R14MB9E0621MTM;B092R48XXB;1472
R14MFGZY1ZD0M6;B09VT6JKRP;964
R14N9HBE5EIUY0;B09HQSV46W;8690
R14N9HBE5EIUY0;B0B6F7LX4C;8690
R14N9HBE5EIUY0;B0B6F8HHR6;8690
R14N9HBE5EIUY0;B0B6F98KJJ;8690
R14N9HBE5EIUY0;B0B8CXTTG3;8690
R14ODWGQZ7FOGH;B07Z1Z77ZZ;7596
R14P5VL1FNT9AH;B09PL79D2X;3036
R14Q2PBO5QNTZQ;B07KSB1MLX;2543
R14Q3C6MLJ03P2;B086WMSCN3;3064
R14QI012PHPXKI;B0BCKWZ884;1403
R14QZDM2M04IAH;B00MUTWLW4;1878
R14R0I9YVONH86;B0B2CWRDB1;4483
R14ROZ9SPSVA1C;B07HK53XM4;1463
R14SXAZCRPQZNK;B07222HQKP;1978
R14T5CARLGB2KJ;B084MZYBTV;1761
R14TFXF7AOFJ1P;B07XCM6T4N;4740
R14UKNZTUGMLYJ;B08VRMK55F;4013
R14VFIZGF8DVCC;B0B298D54H;7153
R14WKFJ1BTMD1B;B01L6MT7E0;5626
R14X0EVJHHB3B1;B00GHL8VP2;2611
R14X4SYV6YO5SV;B00V9NHDI4;3052
R14X6K190U5P2;B01892MIPA;1640
R14YIMXOROB60G;B01I1LDZGA;333
R14YWOUBGKOP9M;B08PPHFXG3;3838
R14ZE6MPCOTRV6;B0798PJPCL;4511
R14ZFU2T66RJZV;B07QDSN9V6;4356
R14ZOPYFHOYYRQ;B0BMXMLSMM;7619
R14ZZJQPCODG9I;B07LDPLSZC;1016
R150MFQR8MGSDT;B08TTRVWKY;9047
R151B4W3HCJDLT;B0949FPSFY;4304
R152XS08W2OG38;B09CMM3VGK;4745
R153L369EOHI65;B07JJFSG2B;5208
R156J5Q0HIXPHD;B08498D67S;5694
R158W5SZQQ5YSS;B014SZO90Y;2280
R159078GR81Y7Y;B0B2DD66GS;8960
R159MVF48WN5LH;B09X79PP8F;6868
R15AE2SXC1IIK3;B07SPVMSC6;2998
R15B7E5SEJPSZC;B08497Z1MQ;7136
R15BZZ2VBVMJ4V;B0B9BD2YL4;3633
R15CXRO9889JGL;B08444S68L;5054
R15DH1CRJ7FWKD;B00NW4UWN6;1860
R15DQIQZ16IEL9;B0BNDD9TN6;5660
R15E6DDVQN9C2;B00H0B29DI;2914
R15FMRVH2UDP2X;B00BN5SNF0;8905
R15FO6TEAGIRJO;B009LJ2BXA;664
R15FTQ3OTL54HG;B07W14CHV8;2365
R15G3N5DHVIH7Y;B07X2L5Z8C;4666
R15G5H4WP7FUQI;B0994GP1CX;8657
R15G6PDX7J8A9A;B0BNDRK886;4107
R15G7XHEWED07R;B07DGD4Z4C;6691
R15GKRKHWQUWZ2;B0B65MJ45G;95
R15GKRKHWQUWZ2;B0B65P827P;95
R15GMMIQGLF7KU;B08QHLXWV3;806
R15H3DOQB6XN75;B08JD36C6H;3422
R15HVUSH6RX8V2;B09BF8JBWX;204
R15J54ID6Y9FF4;B07RY2X9MP;34
R15K7J32T1VXWN;B08VF8V79P;1435
R15LLQQDFS6UUR;B07DFYJRQV;3143
R15LLZLNGUHHTJ;B078G6ZF5Z;4221
R15LLZLNGUHHTJ;B089WB69Y1;4221
R15LP4CHWX2U71;B08CRRQK6Z;6722
R15MRX4VNCKX84;B01KK0HU3Y;6438
R15MT5JTR5BOXS;B094QZLJQ6;8784
R15OCQTCIZTAM2;B09C6FML9B;6011
R15OH35Q9GBPXD;B008QTK47Q;2668
R15OREDN2ZTOEY;B00KIE28X0;6291
R15PFT9ZSOZ1T5;B09JSW16QD;2872
R15PGRIFZVLZLP;B0B296NTFV;7983
R15PHQG6E08SRK;B07DL1KC3H;2776
R15QDC1Z7MA197;B071R3LHFM;1326
R15QNG3FMT58V5;B00AXHBBXU;8838
R15R4BV0MI9SH1;B0B21C4BMX;7006
R15RBOQE6F587T;B09SZ5TWHW;590
R15RS7QIKMBY5Z;B08HD7JQHX;4330
R15SV1BX6S6PS9;B00A328ENA;4870
R15TQGQAAQ9BO6;B01MQ2A86A;266
R15U5TQNV1VY4A;B07RX14W1Q;4250
R15UN38LGPS71W;B0B9XN9S3W;4174
R15V75C4M038Q1;B015GX9Y0W;5088
R15VZPEXXYZB7I;B07L1N3TJX;1390
R15W5KMQB95IV5;B014I8SSD0;81
R15W5KMQB95IV5;B014I8SX4Y;81
R15W5KMQB95IV5;B07KSMBL2H;81
R15W9YNUHPIVOA;B08GSQXLJ2;1498
R15WY8KFOZPEO0;B08461VC1Z;3453
R15X8TSLB82W2J;B07V82W5CN;4080
R15XQF7WAO4JPS;B0BM9H2NY9;6998
R15XRU3CK9QJH5;B07NCKMXVZ;6917
R15Y41S549H84B;B07LDN9Q2P;3851
R15YIPPTFN5V7W;B07CVR2L5K;707
R15YXHS43BMUK1;B09YLFHFDW;2593
R15Z1PSJ93SSWJ;B086PXQ2R4;3018
R1625BVG24Y7M;B06XMZV7RH;8097
R162GP63JEAKXQ;B07KSB1MLX;6433
R162NDM8UBR66B;B08XXF5V6G;3226
R16381PP969JBP;B0B82YGCF6;5881
R1648XOMK16YKC;B086JTMRYL;3420
R1665NO7B2DXWD;B08TZD7FQN;5447
R166LGSC344H4W;B0BGPN4GGH;8036
R1670TIBLR378H;B0B2CWRDB1;1961
R1677YPJIH6H3F;B09HN7LD5L;4576
R167KSSEHI9SV;B07TXCY3YK;1828
R1683BA4KIYFUI;B0B7NWGXS6;7132
R168AR72LPYI6V;B08CYPB15D;1494
R168J8VQSY0OH5;B08LKS3LSP;7061
R169DI8KX4KIS0;B07J2BQZD6;5356
R169IX82EZNIGB;B08FY4FG5X;544
R169VPW28GOZKX;B09HCH3JZG;6673
R169WUUXF4ZIUZ;B08HLC7Z3G;2698
R16CC39OV5RVVM;B07Z1X6VFC;4053
R16D88E4TNGL3M;B0B3MWYCHQ;2255
R16DNFM9D0S57B;B07JZSG42Y;8266
R16FEY4VDG9V22;B07XLML2YS;6018
R16FKQNXTMPBRV;B09XTQFFCG;3264
R16G76XSWF9WTZ;B0BFWGBX61;7592
R16G8AJOJIMF8H;B07CWDX49D;875
R16G8AJOJIMF8H;B07CWNJLPC;875
R16HBPHELGF3G;B07D8VBYB4;8287
R16HCZ0W1TRSMM;B09WN3SRC7;2632
R16HGOYD8RITO8;B0B3DV7S9B;4014
R16HPFUZ08GGKB;B0BMFD94VD;7326
R16HXTV0DXLCCP;B0B2DD66GS;3131
R16I46MPR0NO8S;B08JMC1988;1126
R16IEFUYCP8OE0;B08YRMBK9R;3339
R16IY5HPEMSUGV;B07DXRGWDJ;594
R16JCHEILBYOMW;B085194JFL;2920
R16JEBARKXZ8BX;B09NY7W8YD;2854
R16JFD8JNYYTIE;B0971DWFDT;2337
R16KH7YOYW7TU;B091JF2TFD;7165
R16LDZIOWBV5AK;B09LQH3SD9;6285
R16LV4RNJLN09N;B0BMGB2TPR;5573
R16LV4RNJLN09N;B0BMGB3CH9;5573
R16LV4RNJLN09N;B0BMGG6NKT;5573
R16MDWVEULVTGY;B09V12K8NT;880
R16MDWVEULVTGY;B09V175NP7;880
R16MDWVEULVTGY;B09V17S2BG;880
R16MGSPZZXR9Y6;B08RWCZ6SY;2712
R16MYN6NAOIILL;B0117H7GZ6;8450
R16N53F8X3IPIE;B07VV37FT4;2965
R16NO3UIEZYUMI;B083M7WPZD;6653
R16NWYD2LYHNFJ;B097ZQTDVZ;5746
R16PVJEXKV6QZS;B08CF3B7N1;4144
R16QI7DHVXJVCI;B0BBW521YC;1406
R16S2JKUS18GAB;B01L6MT7E0;7070
R16SAN9HROV4HS;B08DCVRW98;4009
R16SIFXH9BMQT2;B09F6VHQXB;6035
R16SXX1OBUEAMB;B00EYW1U68;3976
R16TI1N60Q41BB;B0B3MWYCHQ;2432
R16TO2UAY38GXA;B09NC2TY11;7820
R16UAQV9SOCSE;B0941392C8;4223
R16UMFRRYVRO2D;B08TTRVWKY;3353
R16URT7BDNOV2D;B08J4PL1Z3;6465
R16V2OB7NBKY0L;B09ZPL5VYM;4560
R16X8MLVQ82IY8;B086199CWG;6119
R16XVVFYUNVL5L;B0856HY85J;1195
R16Y48G8PM36BL;B097JVLW3L;1421
R16YH8SVJU5W61;B09F6D21BY;2418
R16YJN41HAWT0T;B07F366Z51;7100
R16YT7DTQMBX3D;B08QHLXWV3;2300
R16ZGZCQ1H0ED3;B09T3KB6JZ;1567
R170382TYOYO5I;B08HDCWDXD;5238
R170XLDGS3W2DH;B08LT9BMPP;2096
R1710I0LBXO0RZ;B00P93X2H6;8963
R171FM8L9EECPR;B078V8R9BS;1407
R171KJ25LHOUKY;B08RDWBYCQ;1543
R1723NE9TCCXVP;B00GZLB57U;7016
R172WRCQLOW97V;B071Z8M4KX;1482
R172WRCQLOW97V;B07GPXXNNG;1482
R172WRCQLOW97V;B07GQD4K6L;1482
R173QPQASTIM5E;B0BBW521YC;1111
R1747LGCOQKZPN;B07YC8JHMB;6959
R174KRUPEU2G7V;B08XNL93PL;2130
R175A66P22YRW5;B09TT6BFDX;4701
R175DY4RNX6VZB;B00E3DVQFS;6935
R175UKN3MEJOV5;B01IOZUHRS;2478
R175VFSB2A32HG;B08CF3D7QR;3563
R175ZT8BC8T0GJ;B07RY2X9MP;3604
R17618VX40XGBR;B0BNXFDTZ2;4365
R176EGN5WFKYMF;B08NW8GHCJ;7656
R176EGN5WFKYMF;B08V9C4B1J;7656
R176NMLL4UKOG4;B08D9MNH4B;3893
R1774TGNOXHCP3;B08M66K48D;3674
R17764XIRZDB5H;B08TDJNM3G;1676
R177X9L6ND6OA7;B0711PVX6Z;5944
R177X9L6ND6OA7;B07232M876;5944
R1785DO8M4HFFD;B08C7TYHPB;4569
R17867K1Z3HF91;B08VF8V79P;7589
R179TG3O7PDRPF;B07K2HVKLL;1925
R17AIJTSM1FUNS;B0B23LW7NV;609
R17AITIJSUGQPX;B0971DWFDT;6785
R17BVAUSS4GAE9;B07F366Z51;5850
R17CBHX9U3VWC0;B075TJHWVC;2576
R17CVFA9I53GML;B088Z1YWBC;8829
R17D4S6KU2SOBU;B0836JGZ74;896
R17E6HA16QAPSB;B09DDCQFMT;742
R17E9QT7OVVJVX;B0B2CWRDB1;5328
R17F67QP052I6V;B09X5C9VLK;7700
R17F6JLUKCCNJE;B0814ZY6FP;4766
R17FIVZES7T2LX;B0BHVPTM2C;2021
R17FVMZGPYPOYZ;B0BM4KTNL1;1085
R17G6J6XU7GMYG;B09RKFBCV7;8561
R17GETTD9A405E;B09P8M18QM;3564
R17GMX3E73L0PD;B095XCRDQW;3001
R17H2I7PYTIEIA;B09F6D21BY;1050
R17HKZQD6S4TMP;B07XLML2YS;8158
R17I7S12FBOI63;B09P564ZTJ;2433
R17IHHWVFSBEZZ;B017PDR9N0;7575
R17IJUZWVYY9UP;B09YL9SN9B;957
R17IUC88WS63E5;B09BL2KHQW;2939
R17JA5KOPU083U;B005LJQMCK;5559
R17JA5KOPU083U;B005LJQMZC;5559
R17JJCUW7LT3JK;B0B4PPD89B;3040
R17K7CV4XKY9NU;B09FHHTL8L;8242
R17KDJGM0QOT3P;B09XXZXQC1;7028
R17KECO74AO7FC;B00MUTWLW4;6122
R17KQRUTAN5DKS;B082LSVT4B;2174
R17KQRUTAN5DKS;B082LZGK39;2174
R17KQRUTAN5DKS;B098NS6PVG;2174
R17L9205IYOD;B00URH5E34;7497
R17LPFA7PQVV2Q;B0B1MDZV9C;2822
R17M1JPCDUNH21;B08WKFSN84;1007
R17M1JPCDUNH21;B08WKG2MWT;1007
R17M1JPCDUNH21;B09QGZFBPM;1007
R17M1JPCDUNH21;B09QGZM8QB;1007
R17NQ1RVQ187WB;B07YCBSCYB;7200
R17NRPNYVC5XVK;B08HD7JQHX;298
R17NZIN8DSAOFP;B08G8H8DPL;8931
R17OEBPM77XXFS;B014HDJ7ZE;6295
R17OGPT2IDXIGX;B07X2L5Z8C;5196
R17OSOGCSZ1TU1;B086PXQ2R4;5349
R17PHQ7LHY70GL;B09P1MFKG1;5723
R17PVKPPX1FJYC;B071VMP1Z4;1249
R17Q98YONHJWHJ;B08CKW1KH9;1645
R17QJ5UVWP6FA3;B07XLML2YS;877
R17R471IR13JMO;B08RDWBYCQ;2228
R17RCVE0E6A6XA;B09PDZNSBG;970
R17RIHK0XXQDH5;B07L9FW9GF;7312
R17RLWB0UMGULZ;B07WMS7TWB;162
R17RUD99JNP3QE;B09H7JDJCW;4322
R17S3I8NWLC4F1;B09ZTZ9N3Q;7515
R17S7B0QSFHJTC;B08SJVD8QD;1173
R17S7JVWFH1X6W;B01MQ2A86A;340
R17SDYK2YOVXU0;B09LD3116F;5221
R17SZCFHFXSBJ4;B07CVR2L5K;6210
R17T0PBEN71P6E;B07N8RQ6W7;2757
R17TPTBCK87IBF;B09FZ89DK6;3631
R17TQA9TZKL5LH;B09BF8JBWX;3259
R17U7AO7GNBOX8;B09V12K8NT;1370
R17U7AO7GNBOX8;B09V175NP7;1370
R17U7AO7GNBOX8;B09V17S2BG;1370
R17UGMBKG3DWY5;B084MZXJN6;5478
R17UGMBKG3DWY5;B084N1BM9L;5478
R17V0HLP8F6QN1;B00H3H03Q4;7133
R17WYXS17TYDER;B08L5FM4JC;5184
R17WYXS17TYDER;B08L5HMJVW;5184
R17WYXS17TYDER;B0BDRVFDKP;5184
R17WYXS17TYDER;B0BDYVC5TD;5184
R17WYXS17TYDER;B0BDYW3RN3;5184
R17YBU9W32A30N;B00N1U9AJS;6902
R17YPP58KBZRVP;B0148NPH9I;5212
R17Z4RNBHFK18Q;B0819HZPXL;6933
R17ZRY0K8T3ZVJ;B07SLNG3LW;5884
R181JO933138UE;B08DCVRW98;5742
R181U3E7BIFOGL;B01C8P29T4;5528
R1834GGPCPMNI7;B0BBFJ9M3X;6522
R1834GGPCPMNI7;B0BBFJLP21;6522
R183JTRIE1NM6Z;B0BNXFDTZ2;5550
R18455FQDOCS3H;B092BJMT8Q;1247
R18455FQDOCS3H;B092BL5DCX;1247
R18455FQDOCS3H;B0B15CPR37;1247
R18455FQDOCS3H;B0B15GSPQW;1247
R185CPLU005RPS;B00GGGOYEK;5844
R186EFJU37UPS6;B07WKBD37W;5919
R186H8YW34BQD5;B01486F4G6;6254
R186IO80N0J27F;B07R99NBVB;1013
R186LHMB2LEVGF;B078V8R9BS;4011
R187CEHOWSXVIR;B09SPTNG58;5224
R187KH5XJBPS86;B00LZPQVMK;3692
R188FGJWORTDSC;B0B4DT8MKT;2693
R188GMUPS02IZE;B06Y36JKC3;6889
R188HVUJ3OC30R;B0BNQMF152;2764
R188KHDVSCEEY0;B091V8HK8Z;966
R188MKEOB6CXNH;B09VH568H7;8082
R1891ACMV6D38V;B09NR6G588;2544
R189724SD6LLWF;B07JZSG42Y;3199
R189FSK478PCLU;B09C6FML9B;3681
R18A1K5678ELRR;B07VZH6ZBB;8504
R18AG9M9HHC6RB;B00LM4W1N2;2019
R18AIQACXT7PHC;B07WKB69RS;2479
R18BCRG4WYODGG;B0972BQ2RS;3079
R18BPTXYIORQ2D;B0B65MJ45G;4384
R18BPTXYIORQ2D;B0B65P827P;4384
R18D45T6ZYK9SS;B0841KQR1Z;8890
R18D5AL11YJ9ON;B00MFPCY5C;3860
R18D9LZAYX9JSY;B08BQ947H3;3070
R18ESJU4TI0EGY;B081FG1QYX;3585
R18ESJU4TI0EGY;B081FJWN52;3585
R18F8VXBV6TZLO;B07CD2BN46;2271
R18FB15M733QII;B09PL79D2X;3960
R18G29NPVIGLWJ;B0BHVPTM2C;1022
R18GKO5TQO1PXL;B08K36NZSV;1128
R18HLYU58YH1LI;B07PLHTTB4;3707
R18I768SMTQA1X;B09SJ1FTYV;7942
R18ICGMNS6POJN;B009DA69W6;3045
R18IERM1VRE4RO;B07DXRGWDJ;6979
R18IKG6HRO7KHV;B09NNGHG22;3673
R18J04KXIBBB6N;B06XSK3XL6;124
R18J8NK2242FA2;B07WKBD37W;7770
R18JSUF6RUDBJK;B09HK9JH4F;2284
R18JSUF6RUDBJK;B09L835C3V;2284
R18LTVF8A76SR3;B08LKS3LSP;6688
R18M0I706P5O3;B00N3XLDW0;7335
R18MNNVQYGQHHE;B09NY7W8YD;1009
R18MP1KLUE18PC;B08Y1SJVV5;7605
R18MP1KLUE18PC;B08Y1TFSP6;7605
R18MP1KLUE18PC;B08Y5KXR6Z;7605
R18ND09BJJWOI1;B0B8CB7MHW;5684
R18OC1M5ERXJ0;B071VNHMX2;8881
R18OKMWGX8SA0L;B0B3JSWG81;3791
R18ORA3QQMPD6D;B097R3XH9R;351
R18PMGZTANNTV7;B00EDJJ7FS;3963
R18PRSQIFU4R7M;B0BK1K598K;2008
R18PVOQF41S4PH;B07WGMMQGP;7345
R18PVOQF41S4PH;B07WHQBZLS;7345
R18PVOQF41S4PH;B07WJWRNVK;7345
R18Q7M2R00EW68;B0BFBNXS94;354
R18R5BIYTIVOX3;B08YRMBK9R;344
R18R92YT47JI00;B09WMTJPG7;4840
R18R9LYERVQDHJ;B09R1YFL6S;1520
R18T3RD211CPKE;B00LOD70SC;180
R18T6LNT4V3WIK;B094G9L9LT;1150
R18TBS4UYVK90T;B09KGV7WSV;8952
R18TEDAS6UADRD;B09M869Z5V;5332
R18V2LFU0A6Z1Z;B086JTMRYL;7230
R18VD7VF8AEMCV;B014SZPBM4;1926
R18W7JDXECM6J5;B016MDK4F4;6346
R18WAOEKUC44AI;B0926V9CTV;94
R18WQH7TYX092;B0989W6J2F;3735
R18X1NBWPX45CL;B01J1CFO5I;6237
R18XNHDAT5U193;B00RGLI0ZS;7007
R18Z15U25MM9WZ;B0B7L86YCB;5534
R18Z1ZRI0LMRT;B08B6XWQ1C;7833
R18ZEYSRNCERR7;B01KCSGBU2;5651
R18ZQ09EKVWZ9R;B0994GFWBH;572
R18ZQ09EKVWZ9R;B0B4G2MWSB;572
R190BAYCEPAT8R;B01N6IJG0F;746
R1919QG9AN4GQK;B083P71WKK;7260
R191UM8SYHWUQ1;B0117H7GZ6;444
R1925KJ9EPGG39;B09HN7LD5L;8503
R192P7ADK9SGET;B0BP18W8TM;261
R194PI32Y48S87;B0B2C5MJN6;2155
R194PSSW507V7K;B07XCM6T4N;5458
R195YCVDM72DUH;B07WKB69RS;3392
R195Z8O5JXM9OY;B099K9ZX65;8183
R1979FXJSU8GAN;B06Y36JKC3;3126
R197ZA6SKUG991;B08497Z1MQ;8123
R199HA6OB5QGOH;B07VV37FT4;3005
R199WTHV00BUR4;B07PR1CL3S;682
R19AK3DT3JOE82;B01GGKYKQM;7697
R19B3I4NRNXU86;B08VGFX2B6;3832
R19CZW6DWGE2WH;B082T6GVLJ;5187
R19DP6TCU06P4W;B00S2SEV7K;5467
R19E4QY5JWKCDD;B0BK1K598K;4070
R19EPBUZLA6R67;B09PNR6F8Q;7147
R19ER862292N5Q;B00RGLI0ZS;3021
R19ESU0Z989JZ;B09LQH3SD9;6163
R19EYLO6N0AKLG;B0B2DJDCPX;2780
R19F1VFEULFO9;B00LM4X3XE;325
R19F9OZQQEJOMR;B08MTLLSL8;2141
R19FHZ8XC2J59F;B09Z28BQZT;6622
R19G9M4DV85UZR;B00A0VCJPI;7149
R19GGFEAAXAUKK;B0B82YGCF6;7224
R19H4V5VDOUHHC;B08VGDBF3B;6283
R19HSC60H637CV;B08XMSKKMM;8540
R19ILBYMSDBQAC;B078JBK4GX;6218
R19IPICAE9A24Q;B0B4DT8MKT;5323
R19IYA3EBVQNHL;B00H47GVGY;813
R19JHRALQ1YOQ3;B08X77LM8C;3890
R19JWR6NN6DMRW;B09MJ77786;6350
R19JWR6NN6DMRW;B09RWQ7YR6;6350
R19K03O5BUU15B;B09FKDH6FS;3129
R19K6RVW961VVG;B01MRARGBW;9029
R19KN24ZE86FRJ;B09LV13JFB;5277
R19KRP5SDTN2NL;B08SCCG9D4;596
R19KS9NAHZME09;B099S26HWG;4050
R19L3YHA555YWV;B01DJJVFPC;5379
R19LI8LD47VTRC;B01M265AAK;7840
R19LU5HO0C5G6R;B09R83SFYV;2491
R19LZZQS4ZQGQ6;B0B25LQQPC;4273
R19M1F36BH6M45;B00CEQEGPI;7645
R19NL3QGC4DMZ7;B07TR5HSR9;4995
R19O1AZBIG1F5P;B06XGWRKYT;5060
R19O55T880XD8U;B01J8S6X2I;2799
R19OH78FQO2VN0;B08T8KWNQ9;533
R19Q6OQ19PWL5K;B0B9959XF3;1077
R19Q6OQ19PWL5K;B0B997FBZT;1077
R19Q8ONLFVVDNG;B078JF6X9B;795
R19QIA3XET90J7;B09ZQK9X8G;1892
R19QO4H7S5AZSB;B0BHYLCL19;5123
R19QUEKHANF087;B09V12K8NT;3223
R19REKQNB6DHVK;B09PTT8DZF;1196
R19S4YL4JL81R9;B07JQKQ91F;6355
R19S8PMWV5DGXC;B08D9NDZ1Y;1070
R19SVOH9M0O5AZ;B09MM6P76N;4689
R19TF5TUY71HKH;B0BGSV43WY;1664
R19THHR4XUW2L5;B078WB1VWJ;499
R19UEB6ST57UVR;B09VT6JKRP;396
R19V3GRW0VRBAC;B06XMZV7RH;3536
R19X0TLJFOL8RV;B09SPTNG58;1366
R19XRLSCH2Y5CF;B00HZIOGXW;6749
R19Y060OGX1449;B00UGZWM2I;3962
R19Y9MV672O2K9;B008YW3CYM;8866
R19Y9YVBF318KF;B09ZDVL7L8;1530
R19ZBL4YHKSF9E;B0B9RZ4G4W;498
R19ZEB8HMP8MQS;B09CTRPSJR;6051
R19ZQCPYHQWLK7;B08CF4SCNP;8089
R1A09WDPBYAYY5;B0B5GF6DQD;4185
R1A0NYJ6MOX3U3;B07B275VN9;1399
R1A0SO04CI28XA;B097RJ867P;5983
R1A0YQ72E7P6KT;B084MZXJNK;7128
R1A0YQ72E7P6KT;B084N133Y7;7128
R1A1W7XEE0YP4V;B094QZLJQ6;925
R1A1WNBXQ3ZV8U;B08SKZ2RMG;5388
R1A2F19DLEHURS;B0759QMF85;1584
R1A2H4LNTTSZKN;B09LHYZ3GJ;5190
R1A2H4LNTTSZKN;B09LHZSMRR;5190
R1A2H4LNTTSZKN;B09LJ116B5;5190
R1A2ZK71J84RUU;B09HS1NDRQ;7034
R1A3XYRF4ESBLP;B093ZNQZ2Y;1947
R1A4SOUGDN8TRQ;B08CGW4GYR;395
R1A5CC17IZ91M2;B09H3BXWTK;7957
R1A6I4INOCGWBG;B01M69WCZ6;4063
R1A7EDRAMKIXJ6;B096VF5YYF;3772
R1A8F37C7OKF8;B09Z7YGV3R;4130
R1A8G9G8J5Z3V5;B09YV3K34W;8819
R1A8G9G8J5Z3V5;B09YV4MW2T;8819
R1A8JNU8MFLA7O;B078JDNZJ8;2705
R1A8S1062HZ64L;B08W56G1K9;8928
R1A8VRVLZEPPCO;B0B298D54H;4648
R1A9K53T8ZSX14;B0B7L86YCB;2254
R1A9NXDM3RASAL;B06XGWRKYT;4986
R1AA1L9EH743MV;B07KCMR8D6;8276
R1AA3R2AQC9MOM;B0B244R4KB;4194
R1AAW2JH0C8ABZ;B091KNVNS9;452
R1AB17ZPSW1AE1;B08HD7JQHX;2790
R1ABBZP8P5GKQD;B01C8P29N0;1536
R1ABQ9XJSD1B9N;B09SZ5TWHW;6085
R1ADWIR5IE7VTW;B096YCN3SD;4916
R1AE3A4NSVM9SC;B09KLVMZ3B;2297
R1AEDQ9CAI6XXW;B09ZDVL7L8;3167
R1AELDOYHXC120;B09CYTJV3N;767
R1AEVMWF3LYR1W;B071113J7M;5813
R1AF6E3N2B9CB2;B09WF4Q7B3;3130
R1AFBZ5PYTHO1Z;B00NH11PEY;7941
R1AFBZ5PYTHO1Z;B00NH13Q8W;7941
R1AFCXRUZ8KCCK;B0B82YGCF6;1449
R1AGOOCPLSM5ZG;B08GM5S4CQ;1031
R1AHNATNU8WZ9Q;B008QTK47Q;1236
R1AHSDM5M325MM;B09NY6TRXG;6733
R1AHXLKGDRQUYJ;B07B88KQZ8;1408
R1AI9WFQ3G1DHX;B09MQ9PDHR;2380
R1AIDBLOPDFHFK;B089BDBDGM;2323
R1AIQQLE21YDXS;B0B3MWYCHQ;9034
R1AJ6U452B6VPM;B00MUTWLW4;7127
R1AJ8691TX1VPW;B08WJ86PV2;8624
R1AJYRLEYBQKHQ;B09NFSHCWN;8078
R1AKC2C4ZC3TTS;B00ABMASXG;1629
R1AKJKNRBIBCV4;B07XJWTYM2;936
R1ALJXQ6Z6WJSQ;B08D11DZ2W;2431
R1ALQKLZ6VYQ60;B09X5C9VLK;794
R1AM78XFWDU92S;B08LHTJTBB;8345
R1AN2NIKVZM6JO;B0977CGNJJ;2405
R1AN2V2QZ2S8KM;B07NTKGW45;4507
R1AN77ZWAV7W2O;B07K2HVKLL;7314
R1ANFA2SPBTDL;B07M69276N;6805
R1AOJATXAKRAZG;B084MZXJN6;161
R1AOJATXAKRAZG;B084N1BM9L;161
R1AP03CT7J9XZY;B00LY12TH6;2442
R1AP7ME9Q3JURN;B01EJ5MM5M;872
R1APGF7RYJ6OGH;B0994GP1CX;3867
R1APJCJMBLJK5J;B07LFWP97N;6005
R1APOT5W7NCQ0K;B09SDDQQKP;1237
R1APUQA31CW43L;B0B5KZ3C53;1772
R1AQZR852OXC6W;B0188KPKB2;7067
R1ARLE60GL6DTT;B097RN7BBK;3118
R1ARO6W0N7HC7F;B01M69WCZ6;5991
R1ARTHG7JGRQZM;B099PR2GQJ;6808
R1ARVYPXS4XPB7;B09C6HXFC1;2838
R1ASEJB3TZPPVG;B08Y7MXFMK;2581
R1ASISF519P4CO;B0B16KD737;1120
R1ASKR3Y6EFO9Y;B0989W6J2F;1937
R1ASXFOSQ5BCR7;B09ZHCJDP1;4506
R1ASXINH1OT6DR;B00B3VFJY2;1509
R1AT2O4Q8I5DEY;B08CT62BM1;8609
R1AT2O4Q8I5DEY;B08CTNJ985;8609
R1ATLW10SEN45D;B09NL7LBWT;945
R1ATYWNQEP9IRU;B08H673XKN;7782
R1AUCEV80AWV4E;B09M8888DM;602
R1AWHL4BABVEDS;B00W56GLOQ;2517
R1AWRF1U7C7UME;B0BHYJ8CVF;8801
R1AWZE3731748T;B08NCKT9FG;7556
R1AWZE3731748T;B0974H97TJ;7556
R1AY8EXPHPWDDR;B00LOD70SC;4649
R1AYA1JIHAVM50;B01FSYQ2A4;6761
R1AYCAKEY7OB6E;B088Z1YWBC;6032
R1AYTJ3HGDXBPB;B086JTMRYL;6472
R1AYVO4R25KJTA;B08CF3D7QR;2059
R1AYZQXNSM6U7F;B071VMP1Z4;5839
R1AZ0421422RJO;B09PNR6F8Q;8101
R1AZR3AI0IHB30;B09RFB2SJQ;6392
R1B00RU3SHI9Q9;B09VL9KFDB;948
R1B0APD6HVOT8V;B07XJYYH7L;4697
R1B1J4358749FT;B08RP2L2NL;2187
R1B2BRD05LJZX4;B08CDKQ8T6;2492
R1B2ONGGAFTI9D;B07D8VBYB4;3189
R1B2QSKDQHE9QB;B07KNM95JK;314
R1B2U1Q7GBEMF3;B094QZLJQ6;1853
R1B31T0G8VFWWH;B083RC4WFJ;302
R1B4DF1E33G2SC;B09MY4W73Q;1589
R1B4X8ITOATQ0C;B01IBRHE3E;2765
R1B72Y9UYMCWVG;B08CFJBZRK;3435
R1B73QMNM4YS1Q;B09MQ9PDHR;1587
R1B7GP3CDJYWX3;B0B2RBP83P;5253
R1B7Q58I1P83OY;B08NCKT9FG;1789
R1B7Q58I1P83OY;B0974H97TJ;1789
R1B80KWS9LCB8X;B07989VV5K;6345
R1B861YJE8YL2B;B01GGKZ0V6;3853
R1B861YJE8YL2B;B01GGKZ4NU;3853
R1B938V5HN71BQ;B09H34V36W;5389
R1B9BGU3D96MM1;B09VH568H7;3552
R1B9F9IRGMO01I;B09J2SCVQT;2795
R1B9M17A3N27E2;B08CDKQ8T6;7091
R1B9VBHIA1B6YJ;B0949FPSFY;7552
R1B9XZHVQ5HH89;B0972BQ2RS;2592
R1BB8COTPRTP6K;B09M869Z5V;324
R1BBQYI4QO69ID;B09L8DSSFH;5025
R1BBR0MU78BRXK;B09VKWGZD7;2193
R1BBUKP0LQXX24;B07SRM58TP;2411
R1BC08IFG4REKS;B01GGKYKQM;8790
R1BD0HURZRIGKV;B0B19VJXQZ;2975
R1BDGOIPZLHU2G;B00W56GLOQ;8535
R1BE774NJ5R2DX;B083RC4WFJ;8980
R1BF5SS2AD8WCT;B08RP2L2NL;5015
R1BFOK13WV2QLM;B09V2PZDX8;12
R1BFOK13WV2QLM;B09V2Q4QVQ;12
R1BFOK13WV2QLM;B09YDFDVNS;12
R1BFOK13WV2QLM;B09YDFKJF8;12
R1BG411LZ5XP61;B09GFN8WZL;4515
R1BGEH7KGHJ9CN;B00RFWNJMC;7081
R1BGEUL7PDFQ3;B098TV3L96;2903
R1BGNNW7TQ5MPS;B0926V9CTV;987
R1BI8J8CW8LH64;B01LYLJ99X;2811
R1BIBCTNJPJOX3;B09JPC82QC;8306
R1BISP21J4W67Z;B0187F2IOK;7261
R1BJGSXI1QZJ1E;B09127FZCK;2743
R1BJTSW0Q3XBG2;B08LVVTGZK;5814
R1BKYQ1GKAGGUM;B08FD2VSD9;4487
R1BL6NYV6D8W1M;B09MKP344P;3484
R1BLYOBTCRQS4K;B095K14P86;1277
R1BLZ8NFKP1FN8;B07L5L4GTB;6097
R1BNWIYBRSI1Z6;B0BMXMLSMM;5209
R1BO82C1MOQXP;B09H3BXWTK;6103
R1BODEGMFJ7WTL;B06XPYRWV5;7303
R1BP4L2HH9TFUP;B08CF3B7N1;113
R1BPNRYUL32FN5;B071VNHMX2;7242
R1BPV52HUSVZF8;B07G3YNLJB;7531
R1BQE9L2M5L12J;B07B275VN9;2555
R1BQTJ4030NWYZ;B07QCWY5XV;6459
R1BQY5JVY4A6ZN;B008YW3CYM;6487
R1BR8BOPOWGU0F;B0187F2IOK;2695
R1BRBMJQSQ0DYE;B083P71WKK;6680
R1BRNGXN1P2SNY;B0B7FJNSZR;4872
R1BT7T8Z44ABYG;B09X5C9VLK;6000
R1BTJA3264JTT5;B07B88KQZ8;1257
R1BTMJ9YWSTHY5;B08T8KWNQ9;1113
R1BUOT39KDHX4R;B0BHYJ8CVF;7480
R1BV2CXD5S6CGL;B017NC2IPM;4544
R1BVHMQAEEK6Q0;B09ZVJXN5L;4905
R1BWJBXPCDWW1E;B07S7DCJKS;4919
R1BWUDH6P42FOV;B08GYG6T12;4330
R1BY1F45H961AX;B09CTRPSJR;5476
R1BYNHCUKYRIY7;B07H8W9PB6;5477
R1BZN1SP6YIRH2;B0746N6WML;1669
R1C0OAF6VG7C6I;B09TMZ1MF8;1427
R1C13PY8A3WUC5;B08NCKT9FG;3724
R1C13PY8A3WUC5;B0974H97TJ;3724
R1C19Z7Y860MKY;B0B84KSH3X;1534
R1C2TIDQCPNW4A;B0187F2IOK;3457
R1C2TSG7V4E6OO;B0BHNHMR3H;7962
R1C2X37S59TO4B;B09F5Z694W;330
R1C3VSMXFDAFH3;B00LM4X3XE;6777
R1C41WPHWU3HQU;B01N6LU1VF;5179
R1C4CJG4YFPOQZ;B0B2CZTCL2;5152
R1C5A0KYEKBKJJ;B076B8G5D8;7134
R1C5UGJUKUS15H;B0B2931FCV;5430
R1C5WKDF78NSE7;B099SD8PRP;6279
R1C6OIUE3XPQJM;B07Z1X6VFC;7279
R1C6Z9AXP9ICQM;B084BR3QX8;3966
R1C72DNWTJGUI2;B0711PVX6Z;2256
R1C72DNWTJGUI2;B07232M876;2256
R1C7OH3WXNJHJ;B08JMC1988;7113
R1C7Q0M8AFXEVH;B00HVXS7WC;8440
R1C7QRPXGO6AI3;B08KDBLMQP;829
R1C8MVU3EIX56Y;B00NH11PEY;5107
R1C8MVU3EIX56Y;B00NH13Q8W;5107
R1CB3GDRVBHAIG;B0B86CDHL1;8034
R1CBYX6RCGU739;B09W5XR9RT;2608
R1CCAJOU1DMY14;B01N6IJG0F;3912
R1CCVQBZR4Q9VB;B08S6RKT4L;4427
R1CCZJGV16UVNI;B0B3TBY2YX;6268
R1CD68IZMR4O62;B01J8S6X2I;2737
R1CDARD5LUVUAJ;B09GFWJDY1;4481
R1CEANV7C25XJ6;B08FTFXNNB;134
R1CEC872UPQJTP;B07W7Z6DVL;8700
R1CENO6ESG485Z;B08L4SBJRY;2371
R1CENZ33411CCP;B0B467CCB9;4759
R1CEPOZCGKCSWH;B0B7B9V9QP;3291
R1CFPUFKST9QUV;B075ZTJ9XR;8552
R1CFS1H3NYJT22;B08VRMK55F;814
R1CFTT0Q5RRC8C;B08H21B6V7;8265
R1CFZQYTT6QE90;B08G1RW2Q3;4214
R1CHL5MG2PHSFJ;B08BCKN299;8716
R1CHWJNGGBUZD6;B07SPVMSC6;3442
R1CIASP6T84E5I;B07B88KQZ8;4202
R1CICFI88LJ1JV;B07CWDX49D;1513
R1CICFI88LJ1JV;B07CWNJLPC;1513
R1CIOU739KNQAX;B01MUAUOCX;2885
R1CJ0MB11B1FIY;B09F3PDDRF;4895
R1CJX9OC7AG847;B09P564ZTJ;7519
R1CK70KKIQTXQY;B00OFM6PEO;4061
R1CKI4SPAMK1GB;B07RX42D3D;5247
R1CKJ6H0A3FZI0;B07NTKGW45;6073
R1CKJXFP143T9U;B0756CLQWL;3921
R1CKLC9EOIW0CO;B0883LQJ6B;285
R1CLB7L1MCFLZ5;B09JSW16QD;7541
R1CLH2ULIVG5U3;B0789LZTCJ;8725
R1CLH2ULIVG5U3;B07CRL2GY6;8725
R1CLH2ULIVG5U3;B08HDH26JX;8725
R1CLH2ULIVG5U3;B08HDJ86NZ;8725
R1CN84T7CDAFE;B084MZYBTV;131
R1CND8STT3PIJ9;B00LZLQ624;601
R1COHLUY0DPGX5;B0BMM7R92G;2979
R1CPM2M1SFJD0Q;B0846D5CBP;2957
R1CQTXZAM4625F;B09MT6XSFW;5348
R1CQTXZAM4625F;B09MT84WV5;5348
R1CRK2KTT4Z4C5;B00N3XLDW0;6056
R1CS1EB6REPXU6;B078W65FJ7;4849
R1CSJT44WVD786;B09163Q5CD;3668
R1CT7PUFT9SH87;B0B72BSW7K;5964
R1CTAKZMHTLVVO;B08YDFX7Y1;5704
R1CUCX33DRNLV3;B09XBJ1CTN;5893
R1CUUHI7XOHG6J;B095XCRDQW;2397
R1CW2N7FWCQ2E9;B08C7TYHPB;5761
R1CYG59TJESUGN;B084MZXJN6;8815
R1CYG59TJESUGN;B084N1BM9L;8815
R1CYYHWHYX2NX1;B09DSQXCM8;513
R1CZD6C0CHJ2A9;B09H39KTTB;1732
R1CZP476IRR94Y;B094QZLJQ6;2486
R1CZUTGXQ7ZX2T;B075S9FVRY;2237
R1D0DZR0T2ZNBP;B09F6VHQXB;1956
R1D0FB7K1UOFSJ;B0912WJ87V;2560
R1D0MOCMENKIT1;B0B97D658R;8978
R1D0W9ZGHTA55S;B097JVLW3L;7787
R1D1CF1TVUQET4;B07T9FV9YP;1840
R1D38AX8G0RVNS;B00LM4X0KU;6549
R1D39QP2DCGN5D;B09ZPL5VYM;2973
R1D3IFV0IYNC39;B073BRXPZX;1312
R1D5KHBDG240AT;B09JKNF147;6703
R1D5OAMYO4526T;B09V2PZDX8;3770
R1D5OAMYO4526T;B09V2Q4QVQ;3770
R1D5OAMYO4526T;B09YDFDVNS;3770
R1D5OAMYO4526T;B09YDFKJF8;3770
R1D64K0KL2EG2Y;B0981XSZJ7;1898
R1D6BKF30HRM19;B07Z1YVP72;7327
R1D75XFJREJIF7;B008P7IF02;2449
R1D7A93DR9F1F8;B00NFD0ETQ;944
R1D7K5GBWOXM3R;B00RGLI0ZS;5557
R1D7LUGU7FIF6R;B08D64C9FN;355
R1D8C001FIVRSU;B09FFK1PQG;6366
R1D9GBPIVP6Z8M;B08S7V8YTN;8584
R1D9GKU0IJATXF;B08J82K4GX;8256
R1D9RWNUO50OL2;B00YQLG7GK;8165
R1DAI3K8QBX111;B0B2PQL5N3;5519
R1DC9LG4LVK25;B09KH58JZR;2942
R1DC9VBYLSSEB;B00NH11KIK;2809
R1DD7V7FUTYL3H;B07LG96SDB;7419
R1DEEK0SEY9KIW;B00GE55L22;5532
R1DEIU4ZMKS7RY;B0117H7GZ6;8073
R1DEKW8DZTEK4A;B0B5GJRTHB;5118
R1DEOWB5K6A6Z2;B09G5TSGXV;3556
R1DFQV12SBF48C;B08TM71L54;8518
R1DGW1VG83PPCR;B09Z7YGV3R;2815
R1DHC6KSI9M5AM;B08KS2KQTK;4824
R1DID47Y3SOM8N;B09MB3DKG1;8457
R1DIINFPSDUN2C;B07R679HTT;7170
R1DIQOKB8QYLUH;B08CNLYKW5;1144
R1DIZ1VVBM3XF3;B09MT94QLL;7594
R1DKS4CX2ELE9L;B07YY1BY5B;852
R1DKS4CX2ELE9L;B08HV25BBQ;852
R1DLFFF7N1G9JT;B00P0R95EA;1220
R1DLM3QOLR43NS;B09NC2TY11;4716
R1DLWFDXTPMUND;B097XJQZ8H;6398
R1DM63YLI499R0;B07HK53XM4;471
R1DMAEV6DQYUOD;B09MQSCJQ1;1576
R1DMSSN400Y30K;B09SGGRKV8;3096
R1DN62U7XKE8ZR;B08VS3YLRK;2268
R1DN8SF3OFPFAQ;B09MDCZJXS;8322
R1DNIFUE8H5EEW;B0BCYQY9X5;4814
R1DO5MB8H8GCUI;B00TI8E7BI;1360
R1DO6BQM7OB7KF;B075JJ5NQC;4391
R1DOIQMYQSIX2Z;B08YXJJW8H;8602
R1DOJAY4KQGAI6;B09MDCZJXS;7443
R1DOXKQXS4PKV4;B0BGSV43WY;2662
R1DOYFCE2U82WE;B014HDJ7ZE;6537
R1DOYU0KALNQNK;B0B21XL94T;1719
R1DPAVSP4Y3AGN;B0B3TBY2YX;6379
R1DQD1BRKH1AIO;B0083T231O;6339
R1DQZ8A8C7WBD8;B09P182Z2H;3849
R1DRVWDPCVUHMK;B09H7JDJCW;7882
R1DSBS8TI7TATL;B07H5PBN54;4311
R1DSJOGV3DFZK2;B092BJMT8Q;5755
R1DSJOGV3DFZK2;B092BL5DCX;5755
R1DSJOGV3DFZK2;B0B15CPR37;5755
R1DSJOGV3DFZK2;B0B15GSPQW;5755
R1DSLJ58BW45MG;B078G6ZF5Z;1177
R1DSLJ58BW45MG;B089WB69Y1;1177
R1DSMD8RKWG5SN;B08K9PX15C;2701
R1DSP7AK9O1EG0;B07F1T31ZZ;8117
R1DT0RIGH4S3FB;B07XCM6T4N;6304
R1DT640UVVDQCJ;B0B466C3G4;7282
R1DU2WDA81XR8N;B07LDN9Q2P;6063
R1DU2WW6ZJRU4M;B07DKZCZ89;8544
R1DUEJXRERZVJ9;B0187F2IOK;3654
R1DVAMEM902WBM;B09LH32678;2253
R1DVF8WQYO780;B09KGV7WSV;7934
R1DWE4B2XWK08G;B083RD1J99;4975
R1DWGT4USEVGYK;B00LZPQVMK;6171
R1DWLT7YCZATFU;B0BBWJFK5C;2700
R1DWVFYYKKIK74;B0B2DD8BQ8;5935
R1DXJ48GMFWOZD;B07GWTWFS2;3606
R1DXRMVWV2OVE8;B071SDRGWL;6941
R1DXRMVWV2OVE8;B077Z65HSD;6941
R1DXRMVWV2OVE8;B0974G5Q2Y;6941
R1DYZ7SHA1FWJ0;B00LY12TH6;8328
R1DZ4NVSGNARIJ;B00YQLG7GK;4266
R1DZ7H2MK3UDMT;B08XLR6DSB;6610
R1E0D9EUXYTD6P;B07KSB1MLX;4790
R1E0E2U9FSYVCE;B092X94QNQ;3526
R1E0GBU7BQ6CSV;B0B21C4BMX;6377
R1E0XZJHFH6TXM;B08CYNJ5KY;5290
R1E17Z1ZU7IEFH;B088ZTJT2R;4630
R1E187080D8HAU;B07PR1CL3S;5546
R1E1AMYN17K7HJ;B00GHL8VP2;2485
R1E1LTXU1CPT48;B0BPBG712X;5273
R1E6GYG29CA7RM;B09JPC82QC;816
R1E6PBJHMY4C1G;B09SJ1FTYV;8692
R1E6XVW96KXGKP;B00LXTFMRS;7197
R1E7GPZ569TBIZ;B09KLVMZ3B;5424
R1E8B0LMBUZ21K;B09P1MFKG1;6566
R1E92T2MFYX7MK;B0BPBXNQQT;8199
R1E9O49QVK1MOR;B016XVRKZM;4751
R1EAHDQFHPDQUT;B08MV82R99;7181
R1EBFTZINSJ0LG;B07XLCFSSN;8413
R1EBFTZINSJ0LG;B0B8SRZ5SV;8413
R1EBFTZINSJ0LG;B0B8SSC5D9;8413
R1EBMHE2BXR1ZF;B0117H7GZ6;4651
R1EBS3566VCSCG;B0B1YVCJ2Y;4015
R1EBS3566VCSCG;B0B1YY6JJL;4015
R1EBS3566VCSCG;B0B1YZ9CB8;4015
R1EBS3566VCSCG;B0B1YZX72F;4015
R1EBS3566VCSCG;B0BC9BW512;4015
R1EC5MKPYJIUG3;B00LZLPYHW;191
R1ECNC3Z6G8AI6;B07Z1X6VFC;3727
R1EDPIX8TYMOOX;B07DKZCZ89;7425
R1EFI61RMD0Z15;B08HLZ28QC;8075
R1EFJNZ479B858;B09TMZ1MF8;1148
R1EFUHICJGU63W;B07S851WX5;1831
R1EG7C09VOFN8O;B00LOD70SC;4234
R1EGA4C6RWIIZ3;B08TR61BVK;3376
R1EHAVJCYTK59O;B075TJHWVC;1526
R1EHLWVCNS1GYC;B0836JGZ74;3022
R1EI6L4P0NUWLK;B07V82W5CN;7706
R1EKLLUH4KRRS9;B01N90RZ4M;5967
R1EL7FF3GX730L;B08HLC7Z3G;4779
R1EL7KUX3CVDVU;B09DSXK8JX;8875
R1EL7KUX3CVDVU;B09PLD9TCD;8875
R1ELYUWQAI1L3E;B00935MGHS;1235
R1EM1ELIZK4UQO;B08GM5S4CQ;8974
R1EMA2HNG6WLD0;B08LVVTGZK;3742
R1EMLFPYSZQRV0;B0BHNHMR3H;6396
R1ENC0P3ZUKQO;B08CFCK6CW;1891
R1ENCB49VUPLIC;B094YFFSMY;6397
R1ENHRHV4PYK80;B08VGDBF3B;2277
R1ENIO169KEJPW;B078W65FJ7;3567
R1ENNLA4ML94UZ;B00GZLB57U;6915
R1ENQGYVMS224D;B009VCGPSY;8331
R1EO91IQFDEPU8;B096NTB9XT;1379
R1EOXYGHBYOOB9;B08HDCWDXD;7630
R1EOYHZWCRSV7B;B0B4F1YC3J;8944
R1EOYHZWCRSV7B;B0B4F2TTTS;8944
R1EOYHZWCRSV7B;B0B4F2XCK3;8944
R1EOYHZWCRSV7B;B0B4F2ZWL3;8944
R1EOYHZWCRSV7B;B0B4F3QNDM;8944
R1EOYHZWCRSV7B;B0B4F4QZ1H;8944
R1EOYHZWCRSV7B;B0B4F52B5X;8944
R1EOYHZWCRSV7B;B0B4F5L738;8944
R1EQ6Z6IDFUDQU;B0B217Z5VK;6098
R1EQ9Z8CW9646C;B08MTLLSL8;6495
R1EQV38U53I993;B09QS8V5N8;6479
R1EQV38U53I993;B09QS9CWLV;6479
R1EQV38U53I993;B09QS9X16F;6479
R1EQV38U53I993;B09QS9X9L8;6479
R1ERI9BP1ALOX3;B09CTRPSJR;3390
R1ERT7AXR5RE2;B00LHZWD0C;432
R1ESBYDNXT6O96;B01MQ2A86A;5894
R1ESIEKPGAYA29;B08CF3B7N1;3988
R1ESPXIP4APAI5;B09R1YFL6S;3643
R1ESX1X8D1NBKP;B07WJXCTG9;7764
R1ETYQQ9DO5CT3;B0085W2MUQ;3367
R1EU51LVE60B7C;B0BK1K598K;7794
R1EU6W1X8DZQN1;B0BBFJ9M3X;2394
R1EU6W1X8DZQN1;B0BBFJLP21;2394
R1EUC6Y0ZY18QE;B09MY4W73Q;6913
R1EUG815WO4EYL;B08C4Z69LN;1039
R1EUIL016YP3DX;B09L8DT7D6;3220
R1EURXJL39I8LN;B0B54Y2SNX;3342
R1EUV4ATCRZ8QQ;B00P93X6EK;8586
R1EV61F6P7A11I;B07WVQG8WZ;4780
R1EVL6MX9LL7WN;B0B3X2BY3M;2131
R1EWNSTI0FM8DP;B09NNJ9WYM;7215
R1EXCFKOXU8V4G;B0B217Z5VK;4606
R1EYIK2EGG3W2H;B08D77XZX5;1460
R1EYK2W81FR1YN;B07RD611Z8;6464
R1EYKC1W1EPYIL;B01I1LDZGA;2106
R1EYL0456QZ6TD;B09MT94QLL;7901
R1EZ4UBKOJYKKC;B09JKNF147;6996
R1EZC4VZXSJG4L;B09Z6WH2N1;4613
R1EZC4VZXSJG4L;B0B8ZWNR5T;4613
R1F0HJV54WA6Y1;B008LN8KDM;8919
R1F0IEQUUDWM18;B0B5YBGCKD;4812
R1F0O9EAQGRSQS;B09L8DSSFH;39
R1F10MFQBXZA8W;B08QX1CC14;7463
R1F1ZMII16AUTP;B072J83V9W;2421
R1F215HE3H6ZGT;B09LMMFW3S;1081
R1F2SW4YE5GUXJ;B08TT63N58;1704
R1F39THH27Q2Z;B00P93X6EK;5266
R1F3K6BW2IEZBJ;B0BBMPH39N;8468
R1F4WX53SB8ZKQ;B09VPH38JS;6116
R1F56P7OJH1IMZ;B00E3DVQFS;5992
R1F57B71LOMGVR;B0BP18W8TM;7476
R1F5TB9ITVZPUQ;B09YLFHFDW;1617
R1F6CCFSHMMDWL;B08WJ86PV2;6933
R1F6I0EPG64UKU;B0BCKJJN8R;1062
R1F825IH6SWCFF;B08XMG618K;4984
R1F88W61P4OKYN;B07CD2BN46;5461
R1F97CSIBQ7F3H;B09VKWGZD7;3830
R1FA1HH6VL1RAL;B0BR4F878Q;6801
R1FAH4M3BSL55F;B0B9LDCX89;5371
R1FANNDP3KWHH8;B00K32PEW4;8968
R1FAUB93NWC6U5;B01MF8MB65;7377
R1FB9GYR8LJQBN;B08RDWBYCQ;1047
R1FBBD2SP4W76F;B0832W3B7Q;6255
R1FBE05UZD56IF;B07P434WJY;8956
R1FCJNCO47BBLU;B08D75R3Z1;4017
R1FCXDQ5IID48F;B07M69276N;2031
R1FDKQ7C8HRHK8;B07VTFN6HM;2577
R1FEDIXZYRE83X;B00P93X6EK;4286
R1FEIDBQF2KF9N;B097JQ1J5G;1720
R1FETO75Q18Y6N;B0B97D658R;2332
R1FFF30F0OPJ84;B07Z53L5QL;1296
R1FGNEOQQOF3QC;B09Z6WH2N1;4271
R1FGNEOQQOF3QC;B0B8ZWNR5T;4271
R1FGO0SSUJD2TV;B078HG2ZPS;356
R1FHCHWONZZ0YJ;B08D75R3Z1;6038
R1FHFXAGKZ127T;B09GFN8WZL;8252
R1FIDRTPFM02B2;B07YNHCW6N;1283
R1FIJ9CPDW3WLE;B0BNQMF152;3138
R1FIR49JO1CT41;B0B2CWRDB1;7364
R1FIRMYTZRF479;B07J2NGB69;8667
R1FJKIHIO54SOW;B01GGKYKQM;2630
R1FKF3ZE0DND0Q;B077BTLQ67;7661
R1FKOKZ3HHKJBZ;B014I8SSD0;2139
R1FKOKZ3HHKJBZ;B014I8SX4Y;2139
R1FKOKZ3HHKJBZ;B07KSMBL2H;2139
R1FKQR9LSBVLH2;B07XLCFSSN;3725
R1FKQR9LSBVLH2;B0B8SRZ5SV;3725
R1FKQR9LSBVLH2;B0B8SSC5D9;3725
R1FLMETFTLS1GQ;B08CS3BT4L;4094
R1FMMOPHEXIHKO;B08HQL67D6;3822
R1FN1REHXYLMZ;B09MKP344P;6223
R1FNXA35SQ0AGR;B07L5L4GTB;2770
R1FNYNKTOZYQOM;B00J4YG0PC;5837
R1FP5V2LZY38TZ;B07DC4RZPY;7666
R1FPO08RUBD4EV;B0746N6WML;973
R1FQD9T17LXHLF;B09F6D21BY;7228
R1FR1SGYIKT2UT;B08VJFYH6N;2208
R1FR7S9JNBVXBT;B08J4PL1Z3;3473
R1FU3HL7CR7VVB;B09B9SPC7F;7799
R1FU65T3QMAHXJ;B095K14P86;5149
R1FUD6WTEWE55Z;B01C8P29T4;8699
R1FUPYVQBR42LV;B0BBMPH39N;435
R1FUZJ0GWDCLUS;B0B2CPVXHX;3609
R1FV12XCLPA07M;B09XHXXCFH;7465
R1FVCFYT4SGY76;B00TI8E7BI;4434
R1FVMAOCOXBG2H;B08G8H8DPL;6021
R1FVWKC3ORTKKX;B07KRCW6LZ;7654
R1FWK8U9SNC5ZM;B0949FPSFY;2124
R1FX2ZCKMJB7HV;B09YLWT89W;280
R1FXYA8WISUWTK;B07SBGFDX9;5683
R1FYDS9NWE2BJN;B08TT63N58;3398
R1FYTHP32JRK5P;B00EYW1U68;2316
R1FZWI2NPCR3IO;B0B2X35B1K;5488
R1G0KB7WIUAYV6;B09NFSHCWN;8185
R1G0Q0UJ7FBXGP;B07WJXCTG9;5763
R1G19TM00P58C;B01LYLJ99X;4909
R1G1M7XDU4T4HP;B09SJ1FTYV;1092
R1G1RT7104E5RE;B086WMSCN3;8806
R1G1WGHDY6EN6V;B0B298D54H;4878
R1G2C7XV8CAM7W;B0B5B6PQCT;8228
R1G2C7XV8CAM7W;B0B5CGTBKV;8228
R1G2C7XV8CAM7W;B0B5D39BCD;8228
R1G2C7XV8CAM7W;B0B5DDJNH4;8228
R1G2WWLFIFDIPM;B07Z1YVP72;5281
R1G3NQY6VPZ0W2;B07NKNBTT3;7905
R1G4I5FLAHM16P;B071SDRGWL;2711
R1G4I5FLAHM16P;B077Z65HSD;2711
R1G4I5FLAHM16P;B0974G5Q2Y;2711
R1G4SA1P865EIS;B08PV1X771;4747
R1G4SA1P865EIS;B09F6S8BT6;4747
R1G5OOXJUH8OOQ;B00A7PLVU6;2039
R1G7J0WCVPAH6R;B09CGLY5CX;3623
R1G7WNTY9MC6H4;B07QZ3CZ48;2644
R1G81NIXTA4Q20;B01D5H8LDM;1517
R1G8BV220OV6QB;B09LQH3SD9;410
R1G8GRI01F5Q5F;B0B3G5XZN5;1497
R1G8K5ZMYOL0YS;B00LM4W1N2;8985
R1G8SZJG03IY67;B00MFPCY5C;5254
R1G925OR87GNKK;B015OW3M1W;423
R1G9BQDKBF78M7;B07GVR9TG7;7098
R1G9EQA21P73JD;B01MY839VW;618
R1G9Y353J4EWAK;B00N1U7JXM;2501
R1GA29NLMK5T1;B0B61GCHC1;2762
R1GBNN50EN0PFS;B095XCRDQW;5392
R1GBVQ0ZBHBV86;B07VV37FT4;7980
R1GDKJE36JWPX7;B07FJNNZCJ;3622
R1GE3ZFKDOX0KC;B07LG96SDB;1468
R1GE4SBKIMYD21;B09NNGHG22;1652
R1GG4OCTVMJ08P;B0148NPH9I;6195
R1GGE338ZSBHFP;B099K9ZX65;3670
R1GGNZYCTLDM0X;B08VFF6JQ8;6928
R1GHL3EYAQ4ZMT;B094JNXNPV;8462
R1GIHFG8L6RSW2;B08GJNM9N7;3773
R1GJIXYJ1WCO16;B07YNTJ8ZM;1588
R1GJXMBEY4O49A;B08MZQBFLN;7330
R1GKC3NL9J667A;B0B244R4KB;5098
R1GKE5LP5F6CT4;B0085IATT6;1834
R1GLNKHFKXA0CK;B08RWCZ6SY;5232
R1GMZP3OAY2PQ4;B0BNQMF152;2439
R1GNNZDXKP43DG;B09LHYZ3GJ;2217
R1GNNZDXKP43DG;B09LHZSMRR;2217
R1GNNZDXKP43DG;B09LJ116B5;2217
R1GOBOH4PV5F5E;B0BG62HMDJ;1922
R1GOM8MCTLY767;B06XR9PR5X;1578
R1GORSR46QQ6SN;B00ZYLMQH0;8251
R1GQ8VSBRXN2GB;B0832W3B7Q;647
R1GQGOJ2RHOS26;B0B467CCB9;8192
R1GQH74NUCJZZ7;B0BMXMLSMM;6319
R1GQJT5423OND1;B08FN6WGDQ;2991
R1GQJYYLCFOXJ8;B09QS8V5N8;1090
R1GQJYYLCFOXJ8;B09QS9CWLV;1090
R1GQJYYLCFOXJ8;B09QS9X16F;1090
R1GQJYYLCFOXJ8;B09QS9X9L8;1090
R1GQKFSLO6JQPG;B0B2DJ5RVQ;768
R1GQRPLQMYKNC6;B07DKZCZ89;2437
R1GQXAGB604WC1;B089BDBDGM;5548
R1GR1N3BCB3VVZ;B0B21C4BMX;5390
R1GS92IDBGXYCS;B09HSKYMB3;9044
R1GSE3A3Y8JFOQ;B01MQ2A86A;584
R1GSPMTXEMBLHP;B0B467CCB9;5494
R1GTW2UMC0N8KZ;B08TDJNM3G;4132
R1GV21LOE1079G;B09T3KB6JZ;928
R1GVL4PLXBCL2L;B07MP21WJD;3508
R1GWIC0YK34JRS;B08WWKM5HQ;3154
R1GXNHN7WJM2G7;B07WG8PDCW;8361
R1GY383SEEC577;B07LDN9Q2P;8752
R1GYAYF8LG0P4Y;B06XSK3XL6;4462
R1GYEM1YCJ5DD1;B088ZTJT2R;3003
R1GYFU7950VBK7;B0B21XL94T;6666
R1GYI0Y69RU13;B09Q8HMKZX;5898
R1GYK05NN6747O;B085194JFL;1404
R1GYY0PDUBZVOK;B0BJ966M5K;1025
R1GZC1U1UELK8E;B09DSQXCM8;4792
R1GZGDHSXXGJHC;B01LYU3BZF;7183
R1GZSDMDXLI6UA;B08461VC1Z;4714
R1H0YNK5FI6IM9;B0841KQR1Z;6804
R1H10C8T2140MN;B07LG96SDB;3480
R1H13BW2E325NO;B09H39KTTB;4778
R1H22LPZ4C01LF;B07YQ5SN4H;3972
R1H2SUFJGR1SC5;B00OFM6PEO;6324
R1H428OSIRK1PP;B09P858DK8;4444
R1H44VOQWJQYKK;B07F1T31ZZ;2166
R1H4NEOQ6UEAUO;B0B217Z5VK;6881
R1H5ZT10PEDXJ6;B07YL54NVJ;5733
R1H6XVMAKGROHM;B0B298D54H;6088
R1H77M0601ZL6T;B09X7DY7Q4;4982
R1H7KY4OIM4XC3;B09JN37WBX;5847
R1H7L32HFCGUIR;B0BF4YBLPX;5845
R1H7L32HFCGUIR;B0BF54972T;5845
R1H7L32HFCGUIR;B0BF54LXW6;5845
R1H7L32HFCGUIR;B0BF563HB4;5845
R1H7L32HFCGUIR;B0BF57RN3K;5845
R1H7N6CO2XOFSO;B09T3KB6JZ;2084
R1H7NLDDU8PSE6;B0926V9CTV;1048
R1H7XDUE2AFTOJ;B09SFRNKSR;7422
R1H8KH8U0Z46S2;B01KK0HU3Y;5052
R1H8WXNDG50VLO;B08MWJTST6;8131
R1H9QE5M69Z3VS;B08WKFSN84;5541
R1H9QE5M69Z3VS;B08WKG2MWT;5541
R1H9QE5M69Z3VS;B09QGZFBPM;5541
R1H9QE5M69Z3VS;B09QGZM8QB;5541
R1H9W7ECR79TX2;B081FG1QYX;3293
R1H9W7ECR79TX2;B081FJWN52;3293
R1HA5IN5GZZEKJ;B06XGWRKYT;2400
R1HAZS2PLM3RRQ;B0711PVX6Z;901
R1HAZS2PLM3RRQ;B07232M876;901
R1HBCLTEUAY2M3;B09J2SCVQT;2002
R1HBDBX7X0PPVY;B0978V2CP6;5818
R1HBS1IAS9P3EK;B0073QGKAS;1737
R1HBTSY0F2IO9D;B00SMJPA9C;9010
R1HC3ZLVI3VC2L;B07YZG8PPY;4463
R1HCEZCBOONRT6;B09GFWJDY1;8950
R1HD4L4O8FYBVJ;B07F1T31ZZ;5995
R1HDNOG6TO2CCA;B082LSVT4B;8859
R1HDNOG6TO2CCA;B082LZGK39;8859
R1HDNOG6TO2CCA;B098NS6PVG;8859
R1HDU0OEUM7U2H;B078XFKBZL;4219
R1HDUYLE83VR3D;B00LY1FN1K;1787
R1HFQQWKU1B7T9;B09Y358DZQ;1477
R1HFRZM6ZBIQP8;B01MF8MB65;8574
R1HG6W50P22SO6;B097RJ867P;1402
R1HINIS5AG6PXD;B01MQ2A86A;4773
R1HIYUVKS08YJP;B0941392C8;4460
R1HJB9OT30WHJL;B00JBNZPFM;7366
R1HKJTBFVLO3DB;B094JB13XL;809
R1HKJTBFVLO3DB;B09BNXQ6BR;809
R1HL2KTGD7AU9J;B072NCN9M4;1068
R1HLEVV8WMVM3R;B09T2S8X9C;6826
R1HLEVV8WMVM3R;B09T2WRLJJ;6826
R1HLEVV8WMVM3R;B09T39K9YL;6826
R1HLV52BSW2J74;B088ZTJT2R;5271
R1HMNBP2MAYYGJ;B07SBGFDX9;5597
R1HOQAPL2PXKNX;B08ZJDWTJ1;2013
R1HOV97NOJFX4W;B0B9BD2YL4;474
R1HP18PZMA7RRO;B08FGNPQ9X;713
R1HP1ZGFB28GM7;B07SLMR1K6;8654
R1HPQHT13QYKBK;B07FL3WRX5;125
R1HQBX8OVYYO7W;B08SCCG9D4;3624
R1HRCJ7XQY80Z7;B08CRRQK6Z;7737
R1HRIY8O1PGOO5;B09MZ6WZ6V;2462
R1HRQS0EW6WD1C;B01EJ5MM5M;4109
R1HS0F8PB696H;B08KRMK9LZ;1962
R1HS4KCJJK9X3U;B07JJFSG2B;6152
R1HSB3HYXUOWMN;B08PZ6HZLT;580
R1HSU2YSMNNHKF;B07Q4NJQC5;2963
R1HT6XM787V7FV;B08CF3D7QR;8696
R1HT915CFN9EXH;B07VTFN6HM;2668
R1HTJYYR59HC3S;B08QJJCY2Q;9040
R1HTW1Z8CLVRAF;B0759QMF85;219
R1HU969QEMB97J;B0B8SSZ76F;8909
R1HUWMLHIVMIKD;B09NL7LBWT;1343
R1HWDFBGDTAD8T;B071113J7M;1921
R1HWV58EX5INPJ;B076VQS87V;2595
R1HX6VQS2UYU8R;B07B88KQZ8;2004
R1HZ9B0WMCF7N2;B00ABMASXG;1315
R1I0EQAJVORCDA;B00W56GLOQ;6809
R1I1N1NYQ2TMVX;B00EDJJ7FS;7005
R1I3ZV1S9Z08AL;B071VNHMX2;4853
R1I4DIVJ3IZNGG;B07W9KYT62;8381
R1I4MAFYK4CVTO;B07DL1KC3H;2154
R1I66H8DGGS985;B08LPJZSSW;3334
R1I75CYBWWYB2G;B0B9XN9S3W;3324
R1I8HU4RYFCVYW;B08M66K48D;3317
R1I8JVDSJD2ODS;B0B2CPVXHX;1046
R1I8MWON0D5I5L;B082FTPRSK;7066
R1I8OS16C2AHO1;B0BBMPH39N;2391
R1I8UMWC4FQ0AX;B01J0XWYKQ;4489
R1I98SU56895RX;B08WWKM5HQ;1954
R1I9TU0BB63YQ;B07BRKK9JQ;3155
R1IBNDHUOM6FD6;B07YQ5SN4H;3656
R1IBV1QIKU5QG7;B07YC8JHMB;3868
R1ICHIF70ULN6O;B099SD8PRP;6905
R1ICRMTTWYOFPK;B08QJJCY2Q;8865
R1ID5DTYN1L39B;B09GFN8WZL;8286
R1IDV66IOQUN6C;B097R45BH8;3406
R1IF6OX5EMCHRA;B09Z28BQZT;3404
R1IFSFNW29TL7R;B09LRZYBH1;731
R1IGS6R7QZHIL3;B081B1JL35;3755
R1IGYOAGJ9FW5U;B09Z6WH2N1;8929
R1IGYOAGJ9FW5U;B0B8ZWNR5T;8929
R1IHK1MJBO1L8X;B009P2LITG;323
R1IIJGUS2SSR7Q;B08MCD9JFY;4208
R1IIZGEPBEPGD3;B07S7DCJKS;5829
R1IJSUBZFGYZ3J;B084N18QZY;620
R1IKAF2X8JVXQS;B07TTSS5MP;6096
R1IKS35P0F8TAJ;B09KRHXTLN;1011
R1IL2YSPHL7Y9J;B0BNQMF152;3645
R1IM78YLKWJZ1B;B07VZH6ZBB;5157
R1IMH92PEPVZ3Y;B083RC4WFJ;1965
R1IMONDOWRNU5V;B096MSW6CT;8026
R1IN06KIK8ENHU;B07TCN5VR9;5634
R1ININDVW54554;B09Y5MP7C4;4105
R1INKZP3Y4L085;B07L3NDN24;840
R1INL4UFJMHNYR;B09XX51X2G;8346
R1INLMM4RCIDYQ;B00GGGOYEU;3615
R1IO6YQ3NZVJIK;B08MZQBFLN;5889
R1IODQVRWH6ZY2;B07KKJPTWB;8797
R1IPFAF5DDZQ57;B08G43CCLC;490
R1IQL0D1Z5I492;B07J2BQZD6;2898
R1IR8LR4A6GBLG;B00S2SEV7K;4318
R1IRK5NMYFJN5T;B07P434WJY;8128
R1ISB08X01VDS3;B085CZ3SR1;1365
R1ITYM212PMU7Y;B082ZQ4479;3207
R1IU2CXD6J2VT9;B07JB2Y4SR;1717
R1IU46EQPTHDU;B0B31FR4Y2;5672
R1IUQMDNCMSXAO;B08PZ6HZLT;1071
R1IUZ4ZBSB7KQ2;B01892MIPA;4421
R1IVPB2D1II1QZ;B0B1F6GQPS;3782
R1IVSKQW9YSH7V;B09RFB2SJQ;8608
R1IW3BMCWR5WKN;B08K36NZSV;5754
R1IW58DJL28MGC;B088Z1YWBC;7142
R1IWN9BPDUY3BS;B08VGFX2B6;8551
R1IY2IDRUJX5O5;B09V2PZDX8;3250
R1IY2IDRUJX5O5;B09V2Q4QVQ;3250
R1IY2IDRUJX5O5;B09YDFDVNS;3250
R1IY2IDRUJX5O5;B09YDFKJF8;3250
R1IYLE1NMK9R12;B076B8G5D8;6164
R1IZDBZW18XJPH;B09LHYZ3GJ;1374
R1IZDBZW18XJPH;B09LHZSMRR;1374
R1IZDBZW18XJPH;B09LJ116B5;1374
R1IZIEXJ4GIYSS;B07D2NMTTV;7505
R1IZL1YZY4XUKJ;B07VJ9ZTXS;7727
R1J03LTLYLJTQY;B08G28Z33M;5734
R1J0541W0XS1ER;B08T8KWNQ9;902
R1J0JL7TOG1YNE;B0B4DT8MKT;6611
R1J0Q9G0ZOG6PA;B0BLV1GNLN;8569
R1J14TB65SWAKO;B07L8KNP5F;8006
R1J21BZ29NGQF9;B085194JFL;5590
R1J2HEVC2FWFAN;B008P7IF02;670
R1J3D9HLJQKZTS;B0BMVWKZ8G;8848
R1J414M799OFD8;B01CS4A5V4;1268
R1J5H4FDTO6GBX;B005FYNT3G;8273
R1J6WTXOR5BCPR;B01EY310UM;8108
R1J6XAH9EKY79T;B0BD3T6Z1D;52
R1J7BOV2DXMCNY;B09YV575RK;1647
R1J7N8RPXX1S3X;B098QXR9X2;1041
R1J7T1CF1601BH;B083GQGT3Z;4990
R1J7T5AF9JYH0A;B008QS9J6Y;631
R1J878MPQE23PD;B0BHYLCL19;7750
R1J8EL6DD8FXI4;B06XSK3XL6;1994
R1J8O3B5JA0UAZ;B08Y7MXFMK;2761
R1J8XIRST0HDN6;B08H673XKN;3310
R1J90WSEGDNEMJ;B09MY4W73Q;3149
R1J9OKSG2W4I8B;B082KVTRW8;7823
R1JA8CJ88GCQBW;B082KVTRW8;7813
R1JB53IQ0AXIHW;B00K32PEW4;5610
R1JBK2TF7A2F05;B08N6P8G5K;3786
R1JCAOH6CT4ZDX;B0B8ZM9RVV;2542
R1JCIP3VLGLT7E;B07F6GXNPB;480
R1JDICDMH5NNRY;B08X77LM8C;6113
R1JDR1FHLPPOX7;B09MFR93KS;7701
R1JE1EDZWAW8GG;B08YD264ZS;846
R1JEG3UOIZGFZW;B0B2PQL5N3;7178
R1JEMHPSAGZKDW;B099Z83VRC;5748
R1JENN8Y0UV8G;B0B9JZW1SQ;363
R1JEOGWKLERZIC;B0856HY85J;59
R1JEUHJMZ3O6MW;B09BW2GP18;7549
R1JFI2SFXY2RHT;B01L7C4IU2;402
R1JGF7WFAYR6SA;B0B6BLTGTT;548
R1JGKZGY686LSU;B073BRXPZX;4263
R1JGOZA805HVQF;B09ND94ZRG;2230
R1JGV8KAD50B2H;B08VB2CMR3;3467
R1JGV8KAD50B2H;B08VB34KJ1;3467
R1JH7M7L4615A2;B08FN6WGDQ;8904
R1JHP7LI8PMNM;B0B53NXFFR;7523
R1JHP7LI8PMNM;B0B53QFZPY;7523
R1JHP7LI8PMNM;B0B53QLB9H;7523
R1JHTSAJC61WZ3;B071R3LHFM;2094
R1JIP74022FMDC;B08VGM3YMF;7213
R1JJLPIVVGYYVD;B08VRMK55F;826
R1JJS4OLQE80Q4;B09X76VL5L;8335
R1JKFY2MLYJM5Z;B0B9RN5X8B;3539
R1JKJ6JRX7SGEL;B07XCM6T4N;7520
R1JKLP968JFII9;B09XX51X2G;5851
R1JL2OE1X4IQ6V;B07H1S7XW8;1302
R1JLHUKHV02599;B00B3VFJY2;9022
R1JNM12EEHAKDU;B075DB1F13;1473
R1JO87DOGUEQHC;B094JB13XL;2196
R1JO87DOGUEQHC;B09BNXQ6BR;2196
R1JOBS3O6CQO4P;B09NNJ9WYM;4331
R1JOWRTOHMS9W3;B07K2HVKLL;331
R1JOZFF0PN5PHU;B082ZQ4479;4173
R1JP2R3R8V3AVL;B09FPP3R1D;8519
R1JP6NH8K5NZU5;B0B4SJKRDF;1492
R1JQG83T7U855F;B074CWD7MS;6320
R1JQHFJM4G2WI6;B0B694PXQJ;7407
R1JQYEGHAEV3LM;B01EZ0X3L8;8703
R1JRI27AL0H5MD;B00NM6MO26;1908
R1JRJHAW9JYVQ5;B07YSJ7FF1;2023
R1JRRVOFWQAC4C;B07P681N66;1722
R1JRRVOFWQAC4C;B0859M539M;1722
R1JS6GSMVKIL88;B01M0505SJ;4781
R1JSFOA0TD4S1A;B0B5LVS732;8596
R1JSM9LLIPIPIE;B00SMFPJG0;6046
R1JSV6H34UH2MI;B00P93X6EK;4271
R1JTUZX1N4PB0Q;B07MKMFKPG;8555
R1JU5B0EE4G4ZV;B07YL54NVJ;4038
R1JU8Q6B3XA8CB;B09C6H53KH;1164
R1JVBADF2L2AG5;B07LDPLSZC;8831
R1JXCQXDJH1CEV;B07KR5P3YD;67
R1JXDDZO9EMZD4;B07YQ5SN4H;7385
R1JYP2Y4BB5L6K;B08Y57TPDM;369
R1JYZM5JZE1ZCZ;B09JSW16QD;5905
R1JZ7EB8RY3DOO;B01GZSQJPA;4810
R1K0ML8QPZZSH7;B09LMMFW3S;148
R1K17D4QNJXNP6;B09NR6G588;7207
R1K208FSP9EL6F;B07ZKD8T1Q;6325
R1K28XXUFE3XNT;B0BP89YBC1;6416
R1K3DKKD38K4YV;B09FKDH6FS;6587
R1K3HET5H2KKAR;B07VZYMQNZ;427
R1K3LZVZXMPW97;B0BBWJFK5C;8669
R1K4ZOFHBZVZNA;B08G28Z33M;8868
R1K5FLRLAUZLKF;B0711PVX6Z;1977
R1K5FLRLAUZLKF;B07232M876;1977
R1K5FQR6CYMQAV;B0B4HJNPV4;4539
R1K5FQR6CYMQAV;B0B4HKH19N;4539
R1K5FQR6CYMQAV;B0B4T6MR8N;4539
R1K5FQR6CYMQAV;B0B4T8RSJ1;4539
R1K5TK6UQ9WLRX;B073BRXPZX;5404
R1K6D5I67P8INJ;B07JNVF678;5340
R1K6D5I67P8INJ;B07JPJJZ2H;5340
R1K6IPHKQQ03AJ;B097R25DP7;5096
R1K70M5N1R1FLT;B08SBH499M;994
R1K7B181E6KQQ3;B07LDPLSZC;3336
R1K8DTC1CSURL;B07S7DCJKS;8422
R1K987VOWZ2H3F;B0856HNMR7;2045
R1K9QL3Y422K6J;B08FY4FG5X;1056
R1K9VOKVDAH1FT;B01J8S6X2I;3551
R1K9WE1GDB2PP0;B09CMP1SC8;3460
R1KB6EXTCM1C1H;B01MY839VW;1824
R1KBRXW0AL249U;B07KY3FNQP;1698
R1KC6358QHQUG6;B09NNZ1GF7;5005
R1KCIHR6YIA803;B07WNK1FFN;3340
R1KD19VHEDV0OR;B07JGDB5M1;6713
R1KD19VHEDV0OR;B07JH1C41D;6713
R1KD19VHEDV0OR;B07JH1CBGW;6713
R1KD19VHEDV0OR;B07JW1Y6XV;6713
R1KD19VHEDV0OR;B07JW9H4J1;6713
R1KD19VHEDV0OR;B07LGT55SJ;6713
R1KDTPUO1RHWGT;B00SMFPJG0;5180
R1KENVOUNW6R1X;B08GM5S4CQ;2147
R1KF7DT0S28EXC;B08HQL67D6;8394
R1KF9HPUVJTM0I;B095JPKPH3;1914
R1KF9HPUVJTM0I;B095JQVC7N;1914
R1KFS9LDEOT49N;B0B3XXSB1K;4492
R1KFS9LDEOT49N;B0B3XY5YT4;4492
R1KGLT77FP3X13;B09RF2QXGX;8558
R1KGMYE82EPYDO;B003L62T7W;5078
R1KGPK8S5IYLBR;B017NC2IPM;2657
R1KHCRDEEREQG7;B00LM4X0KU;4167
R1KHM1E2FS5LHX;B0762HXMTF;3056
R1KII9H1CWAA05;B08235JZFB;4738
R1KIQPBI7LXLZY;B09R1YFL6S;4051
R1KJ85AGYAQR4S;B09NY7W8YD;836
R1KJ8O69J9KEI2;B0B694PXQJ;1020
R1KKVZ2RMAQXRO;B0162LYSFS;7880
R1KL1PIXVKYROE;B07G147SZD;979
R1KMSZQENOGR9;B07Z1YVP72;6926
R1KMZ68IN7744Q;B07YL54NVJ;7430
R1KN9SD017A7RE;B09ZDVL7L8;1630
R1KNLZI3NA0IPB;B08YD264ZS;1052
R1KOD8YMT3FJ7I;B0B5LVS732;5344
R1KOFVG8EPNCLM;B09MKG4ZCM;6050
R1KOODMSYFQFQK;B088GXTJM3;1014
R1KPESOANRAUT2;B00LY17RHI;320
R1KQ8JLFP0TG78;B08MVXPTDG;6740
R1KQN0FQ8TQUYP;B07GVR9TG7;4534
R1KQQ073FBUGOE;B0746JGVDS;8243
R1KRTG4TU6MUCU;B09NY6TRXG;7919
R1KS2EJEP1K3AO;B09NNHFSSF;2121
R1KTDK3ZQXXKD1;B08Y5QJXSR;7538
R1KTHYCCXHUBFI;B00S2SEV7K;3968
R1KTIYVU8CINBK;B00935MD1C;2958
R1KUI19PS7DV2O;B09BVCVTBC;4600
R1KUXERHI948E7;B0B5ZF3NRK;8664
R1KVE2R9JJGTG;B00E3DVQFS;1253
R1KWEO556IO34F;B0187F2IOK;6665
R1KWGTMTWTIMQ9;B09J2MM5C6;6581
R1KWLMO9CERVVU;B09JKNF147;835
R1KWYGPK5B25QW;B01N6LU1VF;5657
R1KXPKQ4SPO0PI;B07T5DKR5D;830
R1KXQ01LUEJWGE;B084N18QZY;2579
R1KYGT5PRP2IEC;B00H3H03Q4;4664
R1KYNNIQ0JW7C8;B091V8HK8Z;6721
R1KYR1BYKCW4XR;B079S811J3;8545
R1KYTADP38QAD0;B06XMZV7RH;1679
R1KZ1EN293BV13;B0856HNMR7;5727
R1KZ4GHZKT2TPA;B082ZQ4479;6751
R1L0EKJ498BUV8;B08G28Z33M;7057
R1L15IJRIO4PAL;B0B2X35B1K;1118
R1L2JNO4Y3BHYF;B0BP7XLX48;2658
R1L2Q95DMEF1SY;B075S9FVRY;5524
R1L38OH40ISFFV;B009P2LITG;321
R1L56U9MGEY65D;B01LONQBDG;1982
R1L5CFYAFEBGQY;B06XFTHCNY;108
R1L5U7V71A020J;B008QS9J6Y;7152
R1L60WAZORSA1X;B091JF2TFD;820
R1L6PX82T6UT6P;B01M4GGIVU;4323
R1L6PX82T6UT6P;B01M5967SY;4323
R1L8EBC22RKCG5;B0BMTZ4T1D;6241
R1LA2HMRSTZGUS;B07ZJND9B9;8954
R1LAI2YEEUW0E0;B08CYPB15D;6130
R1LAN9221WZNQC;B01F7B2JCI;6577
R1LB16AI14U5D7;B097R4D42G;8729
R1LB6DCH3CVZ4M;B09H39KTTB;3744
R1LB6DVEJPMA1Q;B09KH58JZR;7860
R1LBKT3YDVVW86;B078JT7LTD;6267
R1LBZ0AGEZPCJS;B07RCGTZ4M;1981
R1LCIITYYC3DTG;B083M7WPZD;2115
R1LCM6KSBLNTZE;B084872DQY;1755
R1LCV30N6RKEEM;B0B467CCB9;5260
R1LDGC41ZEL8NC;B08WD18LJZ;658
R1LDIIH0E88Q70;B07T5DKR5D;2419
R1LEGNMFUU1PIG;B0BBWJFK5C;7352
R1LEUKJKGS4LB3;B086199CWG;8646
R1LF03KFL5GO3P;B07DZ986Q2;5583
R1LFPZC0A29D8D;B09GFN8WZL;6950
R1LG1DNA516T7L;B08MTCKDYN;8339
R1LG3XV2XYCQQB;B09Q8HMKZX;2613
R1LI60GXHA0P4R;B0B9RN5X8B;3622
R1LJCG64HWSE2H;B07RX42D3D;7190
R1LJNC0Q9BR7UW;B006LW0WDQ;6927
R1LK4Q221ZFEZJ;B09TT6BFDX;4255
R1LK91F22JFZ41;B09XB7DPW1;717
R1LK91F22JFZ41;B09XB7SRQ5;717
R1LK91F22JFZ41;B09XB8GFBQ;717
R1LKX7E6XKVV27;B01NBX5RSB;4912
R1LKZJQ84LWHYF;B09HS1NDRQ;2806
R1LMKF935MRJMW;B0856HY85J;2548
R1LN12XSMIYTOW;B08D75R3Z1;7759
R1LN1C5CM8PCGA;B07FXLC2G2;4454
R1LNA5SHXIW7IM;B08CT62BM1;4240
R1LNA5SHXIW7IM;B08CTNJ985;4240
R1LP0ND0ZDZGGH;B097R45BH8;1447
R1LP3M16YU1CM;B07GLS2563;7461
R1LPMCFZIBBS1E;B09GB5B4BK;3490
R1LPNPFT8RUFN7;B0B2CZTCL2;3720
R1LQ6NZSPIU0AF;B08SJVD8QD;3999
R1LQLK7CAVMIWT;B08XMSKKMM;7704
R1LQVBM4K06W5S;B09MKG4ZCM;5937
R1LRB29GJ35245;B09GBBJV72;93
R1LRD22T6K2R3B;B08HLZ28QC;4603
R1LREWJCMBQIRO;B08SBH499M;1251
R1LRIP1E8ZWQHM;B0BDZWMGZ1;8319
R1LRN5EFJ0Y717;B08S74GTBT;7626
R1LSBBVTFFMUBD;B07MSLTW8Z;4303
R1LSVKDGASJ3ZX;B00K57MR22;7929
R1LTHOMTCR3MDP;B07Z51CGGH;7354
R1LTO3BLRTV1QR;B08TZD7FQN;8908
R1LTT7I3WIEJOM;B0162K34H2;555
R1LU60M8E0H6MN;B08D9NDZ1Y;4172
R1LU6AOHGKF97O;B015GX9Y0W;785
R1LUISQ85F9MSU;B09MY4W73Q;1454
R1LUV2WJODYVJ2;B003B00484;8031
R1LVGTLDN1T30E;B09NC2TY11;8634
R1LW6NWSVTVZ2H;B002SZEOLG;6483
R1LW6NWSVTVZ2H;B0088TKTY2;6483
R1LW6NWSVTVZ2H;B008IFXQFU;6483
R1LWQEOFIRU2NO;B0B7DHSKS7;2617
R1LXC8W3AJAQ3I;B01DEWVZ2C;8563
R1LXC8W3AJAQ3I;B01DF26V7A;8563
R1LXTDC37JH60V;B08QJJCY2Q;2852
R1LYEOV92R84LX;B015ZXUDD0;2108
R1LZ27Y25RX1VL;B0B466C3G4;1763
R1LZN1V8UCR9IU;B07XLCFSSN;2621
R1LZN1V8UCR9IU;B0B8SRZ5SV;2621
R1LZN1V8UCR9IU;B0B8SSC5D9;2621
R1M0NVGZXK8NGO;B094JNXNPV;1405
R1M11VMLH6I3TN;B0BLC2BYPX;4833
R1M1FEBTZ4UHXZ;B09RZS1NQT;5994
R1M1HGIX59ETCA;B09RFB2SJQ;1333
R1M33EDRD5XY8P;B078JBK4GX;5228
R1M3HZPOB2BCPA;B08SBH499M;2831
R1M3L7485NFGSE;B009DA69W6;1344
R1M41TK6XDE47C;B09VCHLSJF;1485
R1M41TK6XDE47C;B0B3MMYHYW;1485
R1M45F72399D3L;B008FWZGSG;1248
R1M5GUL7S1N7EK;B0978V2CP6;8118
R1M63KP70YH4TU;B09QS8V5N8;3351
R1M63KP70YH4TU;B09QS9CWLV;3351
R1M63KP70YH4TU;B09QS9X16F;3351
R1M63KP70YH4TU;B09QS9X9L8;3351
R1M6LN7UHLOFD5;B09M3F4HGB;6202
R1M7J8UDV9HJV9;B08PFSZ7FH;4018
R1M9SWXRIZJVWU;B08MZNT7GP;8653
R1M9VDE36VD2MJ;B08PSQRW2T;2177
R1M9VDE36VD2MJ;B08PSVBB2X;2177
R1MB58FBZOQYHE;B09TP5KBN7;6211
R1MBN704BJGOUR;B09P18XVW6;2961
R1MBN704BJGOUR;B09PLFJ7ZW;2961
R1MC4M4R6ZDUBE;B009P2LIL4;5473
R1MC6HR3Y1OZWE;B09WF4Q7B3;1637
R1MCQ2MLQ7C4DU;B07V5YF4ND;5959
R1MD4LW015PP00;B09Q8HMKZX;8961
R1MD9WI5AP8ZQV;B07DZ986Q2;8219
R1MDDB3FYXXEVL;B077T3BG5L;2664
R1MEGOIYHS8OLM;B0B8CHJLWJ;1779
R1MGSYIMCSNMTO;B08SMJT55F;6900
R1MI8HNTIFTDYT;B01MF8MB65;922
R1MIY4MLC7OEMH;B00LY17RHI;325
R1MJD5E998G25Q;B099SD8PRP;158
R1MJHZXZ09ETAE;B009LJ2BXA;4611
R1MJS2XFJ5XTYU;B07F366Z51;5255
R1MJZTN0DNDU71;B07GWTWFS2;464
R1MLFHXV5FZHKJ;B0B7FJNSZR;7965
R1MLGZDQDKIVIF;B002PD61Y4;967
R1MMO2YNT4C36L;B0765B3TH7;3386
R1MNK92W012DJ0;B07NC12T2R;240
R1MOAI12S1FJV1;B07JJFSG2B;5293
R1MPD1Z1RVWED5;B083M7WPZD;8398
R1MPFKYPRMO5YT;B092JHPL72;7595
R1MPZFZKGIYFRW;B01HGCLUH6;7401
R1MQP6KOMV9PHC;B0BJYSCWFQ;6994
R1MRHN8DMJZGJY;B00H3H03Q4;7558
R1MSAB5BD0D8JE;B09XB1R2F3;8072
R1MSGOZTOMZE4B;B094DQWV9B;483
R1MT0UWLT7MBYN;B0846D5CBP;6538
R1MTTFP4GWHWC8;B093ZNQZ2Y;5236
R1MTUFX2G4V92J;B09XB1R2F3;2293
R1MU7OXDCRE59A;B00OFM6PEO;4287
R1MUW41R427BHI;B0B244R4KB;7398
R1MV1NKC23DWPI;B08Y1SJVV5;2678
R1MV1NKC23DWPI;B08Y1TFSP6;2678
R1MV1NKC23DWPI;B08Y5KXR6Z;2678
R1MVQCC2Q3ABZ1;B08S6RKT4L;3862
R1MWEBTA35BES8;B07JB2Y4SR;564
R1MWKBSQIK2J04;B09GYBZPHF;143
R1MX1ES6AZNSD8;B07DGD4Z4C;7633
R1MXAL2G4J2CB4;B09NVPSCQT;7754
R1MXAL2G4J2CB4;B09PNKXSKF;7754
R1MXGMA3JKL1YI;B08TV2P1N8;2688
R1MXV3ILO9VTIP;B08CYPB15D;3438
R1MZ1L3RMRV8LO;B00NH12R1O;4999
R1MZ8SNMN1RGHO;B00LHZW3XY;2070
R1N02TVQHTIFVX;B0BM4KTNL1;6755
R1N1J6DCG6LIYP;B07NRTCDS5;2817
R1N2RQSGT02EZJ;B09RWZRCP1;1259
R1N2RQSGT02EZJ;B09RX1FK54;1259
R1N31UERSTNV5O;B09MKG4ZCM;7581
R1N337GWNU3IOM;B07D8VBYB4;7712
R1N33NHFCLHH1Z;B09WRMNJ9G;3880
R1N3LBU331N1YS;B0873L7J6X;5523
R1N42PBKDI68TK;B09MMD1FDN;5269
R1N5J4AH4O9X4T;B08GM5S4CQ;6650
R1N5UJPJ5YGBU5;B09V2PZDX8;9001
R1N5UJPJ5YGBU5;B09V2Q4QVQ;9001
R1N5UJPJ5YGBU5;B09YDFDVNS;9001
R1N5UJPJ5YGBU5;B09YDFKJF8;9001
R1N6IARF74XEVV;B08498D67S;6043
R1N6J3UIYH39UI;B08B6XWQ1C;1163
R1N6RV1W0LKGWB;B08TV2P1N8;7487
R1N6Y6SLVTC950;B081B1JL35;23
R1N81GRGOUWSG0;B08TR61BVK;5063
R1N8K5CG19N1KY;B09939XJX8;7457
R1N8R67WYJGKMJ;B09J2MM5C6;8149
R1N9BISDU5DUKY;B09R83SFYV;8846
R1N9K09PK3ETZK;B08243SKCK;8173
R1NA3LLEM31J5M;B08GM5S4CQ;8126
R1NAAWWJ35RMQR;B00SH18114;387
R1NAE9JMVSXVA1;B003L62T7W;1821
R1NAJ7CT76Z9SF;B00URH5E34;4979
R1NARG7VJ59AD3;B097R25DP7;7533
R1NAS02DEDJ7WL;B08CS3BT4L;581
R1NAZ6M4QBUJMK;B08PV1X771;4169
R1NAZ6M4QBUJMK;B09F6S8BT6;4169
R1NBKTUA3TDF0X;B00A0VCJPI;6109
R1NBO3NP1WH1V8;B0B6BLTGTT;2240
R1NBOC4RGKIP9G;B09HCH3JZG;5878
R1NBVCQUPQGZSG;B086JTMRYL;8302
R1NBW7YR79U41D;B08MVXPTDG;2489
R1NCNL2F8KAM4L;B086GVRP63;6284
R1NE7OSB0O86A5;B0B5YBGCKD;8494
R1NECHJ8DC9INS;B071SDRGWL;8144
R1NECHJ8DC9INS;B077Z65HSD;8144
R1NECHJ8DC9INS;B0974G5Q2Y;8144
R1NEXD5T49KYP9;B096VF5YYF;3776
R1NGVE16U4ZUIR;B09RWZRCP1;3360
R1NGVE16U4ZUIR;B09RX1FK54;3360
R1NGVP9RH0O5FM;B09VC2D2WG;2206
R1NHGLXW1QKLBC;B0BN6M3TCM;3224
R1NI7YG9KNMCX2;B0BBMGLQDW;4455
R1NJ3CZKH3NT4T;B08RHPDNVV;6454
R1NJ40Y3GL2XGK;B0BJYSCWFQ;2346
R1NKFA299UAXBR;B005LJQMCK;6039
R1NKFA299UAXBR;B005LJQMZC;6039
R1NKNVVZBRBSKX;B078W65FJ7;6348
R1NM9CFXWMQWWF;B07PR1CL3S;6491
R1NMPVJYSJ118G;B09X1M3DHX;8062
R1NNMXA39722T8;B0BQ3K23Y1;978
R1NNND9Z9O7ZFX;B00OFM6PEO;5487
R1NOCFUD15CTS7;B08WLY8V9S;9050
R1NOL0GE16P06G;B08L5FM4JC;685
R1NOL0GE16P06G;B08L5HMJVW;685
R1NOL0GE16P06G;B0BDRVFDKP;685
R1NOL0GE16P06G;B0BDYVC5TD;685
R1NOL0GE16P06G;B0BDYW3RN3;685
R1NOMIUDTGHCGD;B00935MD1C;1993
R1NOP9O1UWSJJC;B005FYNT3G;414
R1NQ7H9M8N8EVK;B081NHWT6Z;3529
R1NQQIZHCDSRL8;B085LPT5F4;5654
R1NRFX7JSECICX;B08K9PX15C;5793
R1NRMX4OA3SKEO;B08S6RKT4L;4952
R1NSRWB0V1BQKD;B086394NY5;4148
R1NT2YXBX91W6Z;B084MZYBTV;2227
R1NV8Q97WIK4LE;B08TDJ5BVF;7624
R1NVGNWTYT0WZV;B07GLSKXS1;8396
R1NVL27P8VGTP1;B0BG62HMDJ;598
R1NW1X48RSET1Z;B07DXRGWDJ;940
R1NWPQN902104;B09BL2KHQW;8487
R1NX8T5TN04CZ1;B085W8CFLH;3497
R1NXPLBQC25OFZ;B0BHZCNC4P;3205
R1NXQAUJ3LO3OW;B07JB2Y4SR;4503
R1NXW7PGVND2LE;B0B1YVCJ2Y;3634
R1NXW7PGVND2LE;B0B1YY6JJL;3634
R1NXW7PGVND2LE;B0B1YZ9CB8;3634
R1NXW7PGVND2LE;B0B1YZX72F;3634
R1NXW7PGVND2LE;B0BC9BW512;3634
R1NYFIH8430TSL;B07Y1RCCW5;7634
R1NZ6RZXK2W0S7;B09GYBZPHF;930
R1O1AW1X4YELU8;B00GGGOYEK;7301
R1O1OR760KAMN2;B0762HXMTF;3071
R1O1T0NB6M5CU4;B0B5B6PQCT;8357
R1O1T0NB6M5CU4;B0B5CGTBKV;8357
R1O1T0NB6M5CU4;B0B5D39BCD;8357
R1O1T0NB6M5CU4;B0B5DDJNH4;8357
R1O2HX15IC0KCM;B0BPBG712X;1799
R1O343U978W7T3;B07Y1RCCW5;5815
R1O350T6VW5RR3;B00ZYLMQH0;1508
R1O3A2CX9YG69H;B08TV2P1N8;7507
R1O3ABBLOBUAOQ;B0BK1K598K;4082
R1O4EEFOQBZ0JO;B08497Z1MQ;6529
R1O4LXS46WUDK6;B07T5DKR5D;2864
R1O4RWDUJDLH8G;B0814LP6S9;7714
R1O4UBO1Z22XD2;B09TMZ1MF8;6739
R1O4Z15FD40PV5;B08N1WL9XW;538
R1O4Z15FD40PV5;B08P9RYPLR;538
R1O4Z15FD40PV5;B09NHVCHS9;538
R1O4Z15FD40PV5;B09NJN8L25;538
R1O4Z15FD40PV5;B09NKZXMWJ;538
R1O4Z15FD40PV5;B09NL4DJ2Z;538
R1O4Z15FD40PV5;B0B3MQXNFB;538
R1O4Z15FD40PV5;B0B3N8VG24;538
R1O5UQG385C46V;B0085IATT6;2119
R1O692MZOBTE79;B08L12N5H1;1615
R1O6L77S7X03S7;B015OW3M1W;5831
R1O6LVSV52T4PJ;B0758F7KK7;3147
R1O7BQ61DXRVWW;B0B4HJNPV4;4103
R1O7BQ61DXRVWW;B0B4HKH19N;4103
R1O7BQ61DXRVWW;B0B4T6MR8N;4103
R1O7BQ61DXRVWW;B0B4T8RSJ1;4103
R1O89JBSE4EPL4;B09DSXK8JX;934
R1O89JBSE4EPL4;B09PLD9TCD;934
R1O8LE9DENM39V;B08GTYFC37;4527
R1O8VW90GF66XT;B07DFYJRQV;4756
R1O99FX1SFVXWL;B09R1YFL6S;4046
R1OARKAJGLAKQ4;B09WRMNJ9G;6400
R1OAWG0HEQ62FT;B0B97D658R;3427
R1OBNL676FOQDS;B00LHZWD0C;5537
R1OC5OKQ1ZHRT4;B08K9PX15C;1902
R1OD2KDJ4RH6QE;B081RLM75M;8798
R1OD5NFQAXPGR0;B09B125CFJ;8614
R1OES56UGU6UD1;B07S7DCJKS;6494
R1OF0G9O7Z6VSU;B08D77XZX5;2383
R1OF1W4L7V2MFV;B07JGCGNDG;5551
R1OFIM5CH5R92R;B07Z51CGGH;2364
R1OFN67CO7XLBV;B00GZLB57U;3925
R1OG8IBJAU5BIT;B0972BQ2RS;7648
R1OGL3O5NB3GXJ;B07P434WJY;5824
R1OHAWNCB4K26S;B096VF5YYF;8043
R1OHBRJRE6GHDZ;B084872DQY;4580
R1OI6WSW06GR1S;B09KGV7WSV;2203
R1OIEL27NJ0RCO;B074CWD7MS;2862
R1OJUIJC0SV7DS;B0883LQJ6B;6010
R1OK31HXJ4T85Y;B0978V2CP6;6842
R1OKF4SQ0N13U2;B07LDPLSZC;4837
R1OKGK70LYSD46;B08H673XKN;8141
R1OKIDKNCYKZFS;B07TTSS5MP;4378
R1OKN1Z9UGIGNG;B00LXTFMRS;615
R1OMQV5UFU8OAK;B00A328ENA;4822
R1ONWKUQ97UR0Z;B08H6CZSHT;8279
R1OO2ED6615EX1;B0BPJBTB3F;5522
R1OPAHCYQF1OK4;B08TV2P1N8;6054
R1OPHG3293Q2SZ;B097JVLW3L;68
R1OQ97JT4BL5EI;B07SYYVP69;8781
R1OQKLY9Q4GY95;B07R679HTT;2463
R1OQRF5LZIEHR4;B09RFB2SJQ;4276
R1OQURWFW1ZVPV;B00O24PUO6;2310
R1OQW9NGBM2EHB;B07RX14W1Q;5079
R1ORJ2TKW4MHLY;B00GZLB57U;1299
R1ORPCJXGPUPVE;B008YW8M0G;7870
R1OSGTXB5R9DNV;B07B5XJ572;2582
R1OSNR3MGFRFSP;B07YFWVRCM;6513
R1OT133BOUEYND;B014SZO90Y;8461
R1OTV47779RDA9;B07MKMFKPG;1575
R1OUF0QLKOUA1Z;B06Y36JKC3;8254
R1OUFD8RNQEGRO;B00UGZWM2I;4209
R1OUTZ9YCQLAMM;B07JQKQ91F;1574
R1OVFYKWEJAVU4;B098QXR9X2;5112
R1OW9TWGTIS29M;B07TXCY3YK;2956
R1OXLNAD6QN3PK;B0B8VQ7KDS;6636
R1OXPIKY99VS78;B08YXJJW8H;4507
R1OXPNJF31B34Y;B08F47T4X5;4660
R1OYJYTUTJGQNJ;B098JYT4SY;1794
R1OZ6VY8C0AKZB;B09X79PP8F;4789
R1OZH39239I73K;B08D9MNH4B;7734
R1OZZ5G1ZCM0EO;B083P71WKK;8759
R1P01XZPNVOUL6;B09F3PDDRF;5804
R1P01YOSWKVLQ3;B0B59K1C8F;473
R1P08EMGTQXLEZ;B084DTMYWK;5781
R1P0BZF3X3CT7I;B00Y4ORQ46;3075
R1P0HMRSS4MV42;B08CRRQK6Z;8224
R1P18CRYE9Z987;B0B5YBGCKD;8839
R1P1QHB04XGZML;B07GLNJC25;2152
R1P2BGW89EV4L3;B09N6TTHT6;8527
R1P2VLNHZAHSCU;B09LV13JFB;1678
R1P3GEEP9IQDDU;B07YFWVRCM;4230
R1P3SC4CEA50V1;B00RFWNJMC;8374
R1P43OQ1EQ8EIT;B00EDJJ7FS;6150
R1P555HGXOI7HS;B0B21XL94T;5213
R1P56R44Z4N1H6;B01C8P29N0;6352
R1P61XNPIFGZLF;B09NNZ1GF7;271
R1P646TWS98DH3;B08TZD7FQN;8337
R1P673FG5GG9AO;B09P858DK8;3524
R1P6WSNKIOGFEN;B09CTRPSJR;8244
R1P7N12X78US49;B09P1MFKG1;1471
R1P7PAXB06JTJU;B08VGFX2B6;1134
R1P8LA1US4WV0S;B00TDD0YM4;2420
R1P8SL54VCWSMQ;B07MDRGHWQ;1424
R1P8SL54VCWSMQ;B07MKFNHKG;1424
R1P99UNR6WTZP4;B07FJNNZCJ;2521
R1PA4J2DPWMUX4;B09N3BFP4M;269
R1PAALMCY8OGOR;B0B5V47VK4;4801
R1PAUHTSKMIAIB;B07GXHC691;549
R1PBGQY0ZXI2DD;B08LVVTGZK;1848
R1PBLR66RA2JLZ;B09LQQYNZQ;5607
R1PC85VCE15LM6;B07VX71FZP;780
R1PCC1YKW3I4G8;B08PSQRW2T;2754
R1PCC1YKW3I4G8;B08PSVBB2X;2754
R1PCNR9B02HU9B;B09W9V2PXG;1910
R1PD5KYOWDRSRF;B09NNZ1GF7;1949
R1PDJF9WLDOJZS;B00E9G8KOY;2637
R1PDWR0TBE0Y7C;B07VQGVL68;4431
R1PEE4BCM8AE46;B00JBNZPFM;445
R1PELVV3KOBO73;B09J4YQYX3;3053
R1PFE2ODTMG96C;B076B8G5D8;3304
R1PFTUO42S9ALO;B0752LL57V;9028
R1PGWAY5TEWLT4;B08DPLCM6T;7547
R1PH3YZVBU4KKT;B09F5Z694W;5589
R1PHM7L7T8WXRZ;B08WKCTFF3;4552
R1PHO0AIE206X2;B01MF8MB65;3085
R1PIOZ70CD7P9D;B09GFN8WZL;7267
R1PJIEUCR1A06F;B00A7PLVU6;9030
R1PJNXT9PME2I1;B07JF9B592;5144
R1PKIMKR1E8X8T;B0BF4YBLPX;560
R1PKIMKR1E8X8T;B0BF54972T;560
R1PKIMKR1E8X8T;B0BF54LXW6;560
R1PKIMKR1E8X8T;B0BF563HB4;560
R1PKIMKR1E8X8T;B0BF57RN3K;560
R1PKO3C46KVSKW;B0BBVKRP7B;4807
R1PKZ6WASMYMSG;B084DTMYWK;1185
R1PL89R0J82DJV;B015OW3M1W;2788
R1PLCFQQFJ5O5X;B07RY2X9MP;6263
R1PLX62UCX8BEO;B09FZ89DK6;7971
R1PMRQ6KVUO5UV;B08GJ57MKL;1378
R1PO9JZJI1SP0V;B09C635BMM;8338
R1POJ3SHK8MNS0;B08S74GTBT;1205
R1PPN2ZEJNHJMZ;B01KK0HU3Y;4847
R1PQT6I4G8V4UP;B00Y4ORQ46;8436
R1PQZNZQJTBMBQ;B00ZRBWPA0;2378
R1PR50BDQOEIIO;B0912WJ87V;645
R1PRZD3XZDNYN9;B08JW1GVS7;6934
R1PSYUMKHDXHVU;B06XMZV7RH;2104
R1PTY9JK5PT866;B08JQN8DGZ;4058
R1PU0LE5YRKY3Y;B06XR9PR5X;1731
R1PUDD2V2KQP06;B08S74GTBT;137
R1PUJMNHTMHNWS;B01HGCLUH6;7525
R1PUXDH1YJ1C7P;B0B8CB7MHW;5172
R1PWCV334TATWX;B01N1XVVLC;4154
R1PWLZEPRIUF0B;B09CTRPSJR;5564
R1PYVXH6MGUQLU;B09RWZRCP1;1928
R1PYVXH6MGUQLU;B09RX1FK54;1928
R1PYXQO11OT86M;B07QHHCB27;4817
R1PYZJZNO9WTLJ;B082T6GXS5;5571
R1PZ0SMCXPJO9C;B08XXVXP3J;5085
R1PZ2XBD6GD0UY;B072J83V9W;5069
R1PZBQBPYS1J63;B07VJ9ZTXS;4180
R1PZJRA2K6Y7HE;B08S7V8YTN;1119
R1PZLXZL2ME6XT;B09SZ5TWHW;1330
R1PZZYC3LAWBDJ;B07LG59NPV;4583
R1Q0759SBMZ8Q0;B07KNM95JK;6684
R1Q08JSHK5T03E;B07VX71FZP;4743
R1Q0PEVL6X8WZJ;B082T6V3DT;4302
R1Q23Z4DE0QT8Q;B07KCMR8D6;1808
R1Q2CQ1NAM4TCN;B0BCKWZ884;1175
R1Q2LLFMPBKRC5;B00LZLPYHW;5032
R1Q323BB35OP30;B0B4HJNPV4;2422
R1Q323BB35OP30;B0B4HKH19N;2422
R1Q323BB35OP30;B0B4T6MR8N;2422
R1Q323BB35OP30;B0B4T8RSJ1;2422
R1Q3L7BERE4C6;B07HK53XM4;8501
R1Q4N7W1AGXVR1;B08GYG6T12;5864
R1Q4Q235B1LFNX;B015GX9Y0W;6217
R1Q4TKNZ1AO3CT;B081NHWT6Z;7079
R1Q5I4OT08XBBP;B07NRTCDS5;2639
R1Q6E8EBLHDKEC;B07WKBD37W;1295
R1Q6IO5RWUTRT8;B0BM9H2NY9;1560
R1Q6MS7EA3RQY5;B09LH32678;3048
R1Q6Z3DZDJMDPN;B0BBLHTRM9;4928
R1Q721FI3A7XLK;B08MTCKDYN;7866
R1Q7JAGLTGSLIR;B09PDZNSBG;2063
R1Q8U0KHBE4RAJ;B07JGCGNDG;8751
R1Q9BAGEC9G5VN;B00LOD70SC;5033
R1QA870NJWIODF;B08B42LWKN;7844
R1QA870NJWIODF;B09Q5P2MT3;7844
R1QA870NJWIODF;B09Q5SWVBJ;7844
R1QAI2QLFV2ST1;B09ZPL5VYM;1970
R1QALRWVTEDXMH;B09T2S8X9C;1318
R1QALRWVTEDXMH;B09T2WRLJJ;1318
R1QALRWVTEDXMH;B09T39K9YL;1318
R1QAZXMA5885V5;B0B2CZTCL2;7258
R1QB2R2UJ7S2TI;B09SJ1FTYV;178
R1QB481QG82BJO;B08VB2CMR3;2458
R1QB481QG82BJO;B08VB34KJ1;2458
R1QBBG7QM57OF7;B08FD2VSD9;7001
R1QBFW8U0VSW9;B00A328ENA;194
R1QCWFZKUGG13I;B094DQWV9B;4841
R1QERTKSSSD95F;B09GP6FBZT;3627
R1QETDIPRCX4S0;B085DTN6R2;6411
R1QF0ET8A7E6WA;B08H5L8V1L;8092
R1QF8TBA1FDIL8;B09YLFHFDW;606
R1QGJPE1M4YZKR;B08GTYFC37;6108
R1QH3BPFU8VE89;B07ZKD8T1Q;5950
R1QHY0304RCZS6;B09H34V36W;2687
R1QI1HTJPGLS5O;B09W5XR9RT;2520
R1QIQ59JU5UE4V;B0763K5HLQ;2508
R1QIWMR6C3F3U0;B094DQWV9B;2718
R1QKCIUA11Q764;B08MWJTST6;3608
R1QKEORLV97GNT;B096NTB9XT;9020
R1QKKV15C79IXH;B0B935YNR7;248
R1QKN9JPJ1FWMZ;B09BCNQ9R2;7438
R1QL22IXTM3HYM;B00S2SEV7K;4006
R1QMN1WQJIWAB7;B0141EZMAI;5891
R1QNTQB56PMUJL;B00MFPCY5C;8379
R1QO6EVD5EQ2MJ;B0836JGZ74;3217
R1QOW7Y2I3X8LQ;B00RGLI0ZS;722
R1QPBRC7ZDKAB6;B0B31BYXQQ;3311
R1QPP4497NVNZ0;B08VJFYH6N;3991
R1QPQWXB4IZHD9;B07F366Z51;8727
R1QPUP4Q0343RD;B0972BQ2RS;9015
R1QQCCPJOZKCPA;B07924P3C5;8056
R1QSF7UGCDTRKX;B00B7GKXMG;540
R1QT715X5TOYH0;B0B935YNR7;7031
R1QTNL2ADP427;B09DL9978Y;7814
R1QTUL5N1ZE9S3;B00BN5SNF0;3004
R1QV3OMDYZ42VP;B09RZS1NQT;8893
R1QVT2JWXS2Y8Q;B07DJLFMPS;3599
R1QYJE3308FNC3;B07H5PBN54;6602
R1QYLVRY3M6HLE;B083RD1J99;215
R1QYOV6VB55XDP;B0BDZWMGZ1;2053
R1QYUQNHKB4A2N;B0117H7GZ6;2012
R1QZAKLANOSUFY;B08MV82R99;1464
R1R02S6NW8I5BS;B08SCCG9D4;488
R1R07DE8BH5DW4;B08498H13H;556
R1R0861UO92Z4S;B07N2MGB3G;7029
R1R099R1LF5U9A;B01IBRHE3E;2931
R1R0YDAA1E3OBE;B07YC8JHMB;8475
R1R1JK1E1KZYX8;B0B5GJRTHB;5855
R1R27B4L8L4Z6X;B08SJVD8QD;8391
R1R2O42N4O1S1A;B07D8VBYB4;72
R1R2V16C9M5EE5;B0148NPH9I;8216
R1R37QKX0HRTS;B09X5HD5T1;4025
R1R38EQG1H6453;B092JHPL72;4359
R1R39X4XI4GF5N;B09Z6WH2N1;5495
R1R39X4XI4GF5N;B0B8ZWNR5T;5495
R1R3NYQMODNGM8;B0856HNMR7;8623
R1R498JDWJDUOK;B09NR6G588;1594
R1R4DU6U8Z5A9C;B09LH32678;4987
R1R5HVWWX3D0P9;B08J82K4GX;6718
R1R5LTMWOXI38M;B0B4HJNPV4;634
R1R5LTMWOXI38M;B0B4HKH19N;634
R1R5LTMWOXI38M;B0B4T6MR8N;634
R1R5LTMWOXI38M;B0B4T8RSJ1;634
R1R5N0IDIGA9IS;B00GE55L22;8872
R1R6MZFWPE1DN6;B07QCWY5XV;5173
R1R6QT7MSELRON;B008QTK47Q;3049
R1R7KPNEQCF7IS;B07H1S7XW8;5195
R1R7Q9BYUN7EJM;B08JV91JTK;8786
R1R7T8TNV9C1DX;B07SLNG3LW;1619
R1R7YLZ1PZNMYX;B07P1BR7L8;5836
R1R8U1O073H76A;B07GLSKXS1;4335
R1R9QY3F8M6CXP;B085HY1DGR;7299
R1RANSDWMZLOFX;B07J9KXQCC;4317
R1RAVFTKKIOGQ6;B0B61GCHC1;582
R1RBGFBH1U37L;B09XTQFFCG;6201
R1RBKHL1S7T79X;B097RJ867P;2749
R1RC5PYP8XJQ7F;B076VQS87V;8423
R1RDMIVEKQR627;B09X76VL5L;6586
R1REJSSQVMNGVO;B00ZYLMQH0;2307
R1RFN16MM6BMUM;B004IO5BMQ;3054
R1RGEWDBRHHG1G;B0162LYSFS;550
R1RGSA8QU78640;B095JPKPH3;5338
R1RGSA8QU78640;B095JQVC7N;5338
R1RIAS936O3KJB;B09474JWN6;1061
R1RIP30E4OV9HY;B008YW3CYM;589
R1RIXV8K7LNZPG;B01M265AAK;1810
R1RJ8AHYBK38PD;B0B65MJ45G;8711
R1RJ8AHYBK38PD;B0B65P827P;8711
R1RKF5FDPIB99E;B07Y5FDPKV;7499
R1RLWIOVF1FTHT;B01EY310UM;3521
R1RMEFMJ2K9U77;B0BCKJJN8R;6687
R1RNRZ1O5EQLX2;B09M3F4HGB;5579
R1RNS2YZ7FXVD1;B09P18XVW6;7587
R1RNS2YZ7FXVD1;B09PLFJ7ZW;7587
R1RO3J9EEFFHMF;B09J2SCVQT;1951
R1ROPAJBYWFX3L;B07WVQG8WZ;5499
R1RPBTYBT8DYMT;B083P71WKK;3109
R1RPVBVR6TBTIP;B09X1M3DHX;8874
R1RPZJJNQM76M1;B07PR1CL3S;6434
R1RQCLLYGGFIZ;B07RX42D3D;7225
R1RRH5FRHDD5BO;B09127FZCK;789
R1RT1L8WRAQY5D;B08HLC7Z3G;496
R1RTA2FATK1OYI;B08D11DZ2W;3716
R1RTAR9ZHEKJKA;B01LONQBDG;5456
R1RTOHK5EM9WPX;B0B7B9V9QP;3475
R1RUG6JNEQNLSV;B01DGVKBC6;5154
R1RUKN8RB2RKOV;B01N4EV2TL;7148
R1RVGK0UX9CXVV;B0162K34H2;2803
R1RVSNGA4SCXX4;B0B9BD2YL4;1905
R1RWY2VHKKRTGR;B0BD3T6Z1D;8499
R1RXFMVZ8EKN3Q;B014SZPBM4;898
R1RY147GD1ET8M;B0123P3PWE;2663
R1RYD1G1L822TU;B07S9M8YTY;3927
R1RYKPXHJHJ9A4;B075ZTJ9XR;5500
R1RYTXARLTEC3K;B0814ZY6FP;6520
R1RZDRQI3RD780;B08QX1CC14;3267
R1S08DNN0E78R7;B08Y7MXFMK;871
R1S0L7740D7M8W;B07PFJ5VQD;8824
R1S0L7740D7M8W;B07PFJ5W31;8824
R1S0S55YJ1UNXW;B0756CLQWL;4022
R1S2PH1JD9B9XB;B09F6D21BY;7221
R1S3TX7C3GKBWE;B08S6RKT4L;7713
R1S44OPPSOZH8F;B09P182Z2H;842
R1S48QX02VP0F8;B07VQGVL68;6654
R1S4Y5TIEL5G8R;B07QHHCB27;3032
R1S4YGGQJ3UWOL;B08QDPB1SL;750
R1S57TIOL6E20F;B0BBMGLQDW;6910
R1S5F9QI0M1VBZ;B002SZEOLG;8267
R1S5F9QI0M1VBZ;B0088TKTY2;8267
R1S5F9QI0M1VBZ;B008IFXQFU;8267
R1S5FD0D8T44R5;B07DXRGWDJ;4446
R1S5FKLP0IY3KE;B07TC9F7PN;8698
R1S5FUVJK5BDKV;B09T2S8X9C;7283
R1S5FUVJK5BDKV;B09T2WRLJJ;7283
R1S5FUVJK5BDKV;B09T39K9YL;7283
R1S5MM420VK5O;B07NKNBTT3;6044
R1S6VK3U765LYF;B08LHTJTBB;6062
R1S7Q7UW9FO9LY;B08S74GTBT;8792
R1S8HH7X7WWELD;B003B00484;7675
R1S9OCH99PFHGW;B098K3H92Z;4906
R1S9ULEQ5XTNFO;B07GXHC691;6947
R1SBQDN9157ZTO;B08GTYFC37;2535
R1SBTL4GCVQYN7;B09RMQYHLH;6613
R1SD1W9T3GM23X;B084BR3QX8;4128
R1SEP4WEGNE51N;B083P71WKK;4566
R1SFABVO7E4KZO;B084MZXJNK;5941
R1SFABVO7E4KZO;B084N133Y7;5941
R1SFNUH4BC29Q4;B0883LQJ6B;5493
R1SGD2AC3S8KEG;B07QHHCB27;5663
R1SGO9WPFCHYNN;B09127FZCK;8362
R1SH5KG6YVLJ0H;B084BR3QX8;3213
R1SHIIE6M72825;B09HQSV46W;36
R1SHIIE6M72825;B0B6F7LX4C;36
R1SHIIE6M72825;B0B6F8HHR6;36
R1SHIIE6M72825;B0B6F98KJJ;36
R1SHIIE6M72825;B0B8CXTTG3;36
R1SHQ7Y1O213S7;B0B8CHJLWJ;3237
R1SHRMSVKCLPBV;B07K19NYZ8;4402
R1SHRXW0RRW5A8;B07VJ9ZTXS;4474
R1SHVTKMHHOREL;B09V12K8NT;6907
R1SHVTKMHHOREL;B09V175NP7;6907
R1SHVTKMHHOREL;B09V17S2BG;6907
R1SI1FFO31ZKVB;B009VCGPSY;5265
R1SIGI0M0INPVB;B0B53DS4TF;8760
R1SIJVA8560EVD;B07LFQLKFZ;6800
R1SJ4CTWGTJ76Q;B09DL9978Y;2733
R1SLOPXHKI14S6;B0B8VQ7KDS;6188
R1SLP1FDAIRDIA;B07W4HTS8Q;279
R1SMWZQ86XIN8U;B082LSVT4B;6767
R1SMWZQ86XIN8U;B082LZGK39;6767
R1SMWZQ86XIN8U;B098NS6PVG;6767
R1SN0D4DFBKAZI;B08PV1X771;7572
R1SN0D4DFBKAZI;B09F6S8BT6;7572
R1SN2CUL4M8ZMG;B09LHXNZLR;8748
R1SNDKJ3F47REI;B09T3H12GV;6469
R1SNHI5TU1ORFH;B0BHZCNC4P;8258
R1SO4U2YQ4QVI7;B0B7FJNSZR;4490
R1SOHNFLA9IKXL;B08H6B3G96;6689
R1SOOON7GH1FJU;B096YCN3SD;4765
R1SPFVN2778DYH;B08TTRVWKY;6871
R1SPKNBAZ5I7N1;B09FKDH6FS;734
R1SQ6MJK0SVC2A;B09GP6FBZT;5726
R1SQ7OGFR4JRUR;B002SZEOLG;3584
R1SQ7OGFR4JRUR;B0088TKTY2;3584
R1SQ7OGFR4JRUR;B008IFXQFU;3584
R1SR34QE2CLNQX;B07F6GXNPB;5788
R1SRW5MRZ2F6VG;B083J64CBB;6682
R1SSAFQAM97XHV;B08KDBLMQP;5315
R1SSASOUEVFGI9;B01JOFKL0A;8482
R1ST7955NYDAIL;B07GLNJC25;4634
R1STE4UF85D4HE;B008QTK47Q;2677
R1STWXMMXCIH5R;B08VGDBF3B;6312
R1SUUZASWMKX38;B082ZQ4479;1091
R1SVR7X4MBEVT;B07QDSN9V6;758
R1SWA127EAXE3Z;B08MC57J31;3933
R1SWDMF0MUV9S6;B08TM71L54;8311
R1SWHPJDUW2G3M;B07ZJND9B9;2886
R1SWNKZP36AU1J;B09VZBGL1N;2741
R1SWNKZP36AU1J;B09Y14JLP3;2741
R1SWRY6BH8CTRE;B098R25TGC;6214
R1SX47T0QOY50H;B07VNFP3C2;7380
R1SX5L77L2CD6V;B08PV1X771;4532
R1SX5L77L2CD6V;B09F6S8BT6;4532
R1SXNGZHUU7T1A;B00A0VCJPI;2825
R1SYBQLTPFCW20;B07YTNKVJQ;1242
R1SYBQLTPFCW20;B08DDRGWTJ;1242
R1SYS92X1W5JGW;B008QS9J6Y;1876
R1SZB32SSCJBY5;B07PR1CL3S;3769
R1SZXE4S0X94AV;B086JTMRYL;6512
R1T0W8Y2RD3FQP;B0B72BSW7K;5802
R1T19FVDX8Z7T2;B00GHL8VP2;577
R1T1HIPZYE4LDI;B00DJ5N9VK;8966
R1T1NCJKM7VXA6;B0BNXFDTZ2;7307
R1T3DO26SFI3TL;B09N6TTHT6;8471
R1T3FLH3DTF6HS;B09MMD1FDN;6376
R1T3IMKX5I23BL;B08RZ12GKR;8578
R1T3MQ9K7LNI8D;B07KNM95JK;7818
R1T3OG0I4EWZ3U;B07H3WDC4X;5306
R1T49OPXXOLBI5;B09NY7W8YD;5372
R1T4TKPYU5EJCB;B00LM4X0KU;2026
R1T583O5CK7Y4T;B09Q3M3WLJ;5554
R1T6TU1EH6B8FD;B099SD8PRP;3546
R1T72BEQOOS87D;B01D5H8ZI8;1551
R1T78WUQICUVWR;B0BGSV43WY;8248
R1T820289T9SW4;B08CS3BT4L;4077
R1T86QSHNGWS2;B07J2BQZD6;3463
R1T919CASQEMR1;B097RJ867P;7227
R1T99LYGHCHHML;B07222HQKP;8571
R1T9AFIN8C42UZ;B00P93X6EK;1538
R1TAJ9HUYXKRQY;B09C635BMM;4507
R1TBHUMR0RV7AZ;B09BW2GP18;4677
R1TBI06WZKGIRG;B0BPCJM7TB;71
R1TBL4GV1NUX07;B098K3H92Z;1267
R1TC8NPQAQ5J3C;B0752LL57V;4352
R1TD8NMUP7Y7JR;B092R48XXB;4627
R1TDHOL1G54W34;B015OW3M1W;2085
R1TFFJ5ON6ATEO;B08L12N5H1;8973
R1TFPBGO0PT14P;B09Q3M3WLJ;7325
R1TFXCJ8YR6S8Z;B09VH568H7;8189
R1TG4AO6RXHQNZ;B08D75R3Z1;3600
R1TGDKQE54FA2J;B07GXPDLYQ;5318
R1TH2LQCYPBXMS;B08FTFXNNB;4095
R1TH605MW6JF29;B00GE55L22;2331
R1TI7GK9XO06OA;B00LY12TH6;5350
R1TJKL76C0W8AT;B01NBX5RSB;2327
R1TJUP2ZEUKJZF;B0BP18W8TM;946
R1TJWF170RZB5I;B09JFR8H3Q;812
R1TK3BJ0V4TTCW;B0BNXFDTZ2;7340
R1TK93TBAVEFG6;B0B61GCHC1;1730
R1TKOA0N93W0AF;B078HG2ZPS;8529
R1TL181OM5ZWSJ;B09PDZNSBG;1168
R1TL5WY2M25VGJ;B0B84QN4CN;7621
R1TLCKD66VSYHG;B09DDCQFMT;5783
R1TLRJVW4STY5I;B009P2LIL4;6535
R1TM2Y96J4GB3H;B008QTK47Q;5069
R1TM8DUKLOEWBV;B09Z28BQZT;5469
R1TMCXV8ZLNR4Q;B07Y5FDPKV;4176
R1TOKDZGUZS111;B08X77LM8C;5128
R1TOMRGD2ASPF;B076B8G5D8;8405
R1TOO76VMEWVRB;B08WLY8V9S;6102
R1TOT1Q6G43B7U;B01EJ5MM5M;9007
R1TPVT7TXNNW2;B09Q8HMKZX;5382
R1TPXU0SVYZPZK;B09MMD1FDN;1803
R1TQ2SCBEDK1NZ;B08JV91JTK;3059
R1TQ5TYNE44TQS;B08WJ86PV2;4066
R1TR4LHDJK4QWM;B07T4D9FNY;7724
R1TS0MH0S4ZXZP;B0B7L86YCB;8565
R1TTVJ336C14LC;B08KS2KQTK;3984
R1TUD04IXLDRMV;B0B59K1C8F;4525
R1TUZAFJG24UKV;B01GZSQJPA;4609
R1TWNRM3JLQ2JF;B017PDR9N0;7802
R1TWYPGF1F4VJW;B07YNTJ8ZM;5879
R1TXSJNPJK3GGM;B095K14P86;8599
R1U0718A15KBBU;B08Y55LPBF;5558
R1U0718A15KBBU;B09F9YQQ7B;5558
R1U0718A15KBBU;B09RFC46VP;5558
R1U0ELVGODA4FE;B08ZXZ362Z;7550
R1U1S7X7BPSZBU;B09VCHLSJF;9001
R1U1S7X7BPSZBU;B0B3MMYHYW;9001
R1U2VOC38FXAK5;B08J82K4GX;7960
R1U3JI1Q9O92SE;B09RQRZW2X;1469
R1U3VNQN5M4IED;B098QXR9X2;1110
R1U4128PGOJW3J;B09KH58JZR;5842
R1U4G4C65P8D4G;B083RC4WFJ;4719
R1U4HHWBLSHIIC;B00LM4X3XE;1114
R1U5XLD5P7F7FU;B00Y4ORQ46;3957
R1U7C8WLUNQGS1;B09NFSHCWN;985
R1U7FGBOZ7LLXT;B07KKJPTWB;7268
R1U7NNCJTZHVTB;B07TMCXRFV;5680
R1U84J3FQUIM6L;B0B53NXFFR;5071
R1U84J3FQUIM6L;B0B53QFZPY;5071
R1U84J3FQUIM6L;B0B53QLB9H;5071
R1UBTZ9MAS7G8V;B09T2S8X9C;1774
R1UBTZ9MAS7G8V;B09T2WRLJJ;1774
R1UBTZ9MAS7G8V;B09T39K9YL;1774
R1UCB8TXKZ7JE0;B07SLNG3LW;2326
R1UCY8XB55U6XH;B0B2931FCV;1436
R1UEW20K7UFQ57;B092JHPL72;2356
R1UEYEMD03OA5C;B0B3MWYCHQ;2368
R1UF72K40NHBF1;B0763K5HLQ;2358
R1UFECRZY2H7ZR;B09DSXK8JX;7176
R1UFECRZY2H7ZR;B09PLD9TCD;7176
R1UFG84I7N9718;B081NHWT6Z;7516
R1UGY1AUWR3H1S;B00GG59HU2;5844
R1UHC2M2KPN7W4;B09RKFBCV7;1674
R1UHCZ5GEKZFZL;B08CHKQ8D4;801
R1UHCZ5GEKZFZL;B09HV71RL1;801
R1UHIUJB5KVIQJ;B097R4D42G;4189
R1UHYB97GFXYMT;B08TT63N58;5633
R1UJ8BCYXWICT8;B0994GFWBH;8227
R1UJ8BCYXWICT8;B0B4G2MWSB;8227
R1UJCPI3A1IO62;B00EYW1U68;3768
R1UJJ36GMAT8P8;B093ZNQZ2Y;1668
R1UJODUANPA0J0;B09F3PDDRF;2745
R1UKGB5AFT0U5N;B08C4Z69LN;7103
R1UL38ZEBW713N;B09Y358DZQ;3265
R1ULBGLCI3H1YU;B08KHM9VBJ;1548
R1ULQ43S9KU1K1;B09N3BFP4M;5601
R1UMU1N5S0KAZR;B0BBFJ9M3X;6256
R1UMU1N5S0KAZR;B0BBFJLP21;6256
R1UNAIG317Z7UH;B01MQ2A86A;7959
R1UO8F94EK9479;B09TT6BFDX;1681
R1UOQIASAHX1RT;B01L7C4IU2;937
R1UOXH0VDEH21G;B095PWLLY6;5322
R1UQ0AYNB30CZS;B094JB13XL;773
R1UQ0AYNB30CZS;B09BNXQ6BR;773
R1UQJ38MFDF636;B07WKB69RS;8691
R1UQMESC400YOE;B07CVR2L5K;8249
R1UQOSA7I0B6CT;B0B4SJKRDF;6041
R1UQW9R4RDH3P8;B0162K34H2;7062
R1UR1TZLC731PQ;B07DJ5KYDZ;6394
R1URGIVAZHUKNJ;B01L8ZNWN2;6604
R1URJDO4NTW2ML;B09JS562TP;3471
R1URJDO4NTW2ML;B09JS94MBV;3471
R1UTEEMGPZ5T12;B07TR5HSR9;1054
R1UTSUUY3RC5VJ;B07RX42D3D;5361
R1UUDX7FZOB74Y;B0BHZCNC4P;4127
R1UUEAIVGFS3CT;B09NY7W8YD;278
R1UV6JTZUUJW6R;B08WLY8V9S;3865
R1UVGU3RQMOG49;B008FWZGSG;4037
R1UVYM31CNIFTO;B01L6MT7E0;4160
R1UW9TNRNUY15B;B099Z83VRC;7219
R1UXT7KA6M4R0Z;B07TCN5VR9;4464
R1UYMUD8SY2H9V;B07QCWY5XV;5641
R1UYOQA2722J9E;B07GWTWFS2;3796
R1UZ4DMD2H0S1H;B00EDJJ7FS;1795
R1UZCDEE5WMPNY;B07TC9F7PN;6280
R1UZJ01XMNK62P;B08WLY8V9S;1958
R1UZWXA61RMVAG;B082ZQ4479;2539
R1V0UIG80MWSGS;B08S7V8YTN;6921
R1V27KSTIYDLNO;B08MTLLSL8;8442
R1V2IV4QBCAWUG;B09HK9JH4F;5637
R1V2IV4QBCAWUG;B09L835C3V;5637
R1V2N0TIMCANVI;B073BRXPZX;3852
R1V3MB7YGA2UND;B095RTJH1M;7757
R1V45KR4JDINGH;B09Q3M3WLJ;2095
R1V49G7PD8Y93G;B07L9FW9GF;1854
R1V4J4B7RXHG8T;B08L12N5H1;5961
R1V4PTSXK0QY54;B00TDD0YM4;3320
R1V4XNUIURS7GC;B09XX51X2G;5888
R1V51JJ6JQXQU6;B09MY4W73Q;3470
R1V5NJVJMX27HK;B087FXHB6J;2243
R1V5XKRZ49DQK3;B08WKFSN84;458
R1V5XKRZ49DQK3;B08WKG2MWT;458
R1V5XKRZ49DQK3;B09QGZFBPM;458
R1V5XKRZ49DQK3;B09QGZM8QB;458
R1V6GDYE2IBX8O;B09C6HXFC1;8547
R1V7G94DCYII33;B0B56YRBNT;3447
R1V7IZD8XNZ208;B07KSB1MLX;5708
R1V82XUZ6QXB7R;B0BMM7R92G;7753
R1V9WVGGU6G0SZ;B078W65FJ7;8901
R1VANIESY8QF0E;B08MVSGXMY;5055
R1VBNBY9DR8FJ9;B00H47GVGY;7665
R1VBNTH3HSMVMB;B07XJYYH7L;7120
R1VCGAPSS4LWYQ;B00ZRBWPA0;6686
R1VCNIW9SC311F;B08C7TYHPB;2131
R1VD5AUGPRPO7H;B09ZTZ9N3Q;8525
R1VDA6PEVBN4E3;B08CTQP51L;5376
R1VGL0ZOWEIDPZ;B01M69WCZ6;275
R1VHBXS1C5UHWA;B00LY1FN1K;7074
R1VHI2ZGJSCFVO;B09RKFBCV7;2314
R1VHLDAFRQLBMI;B09939XJX8;250
R1VI6TV1VNY0H6;B07W4HTS8Q;1743
R1VIJFIRWTTF1F;B0B1MDZV9C;5562
R1VJZH5L1SRLPA;B09LMMFW3S;6582
R1VK57CI0VREP;B08D6RCM3Q;8093
R1VLU5EP1LPYG5;B08CHZ3ZQ7;6948
R1VM09M39X39Y;B08MC57J31;8283
R1VM0YRY453I9F;B08CZHGHKH;5092
R1VM1MXG5JB9MB;B08X77LM8C;4264
R1VM993161IYRW;B01M6453MB;8298
R1VMENOQG4X4G8;B07H3WDC4X;2306
R1VMGF3IL5KE9D;B09H39KTTB;760
R1VMPT5F3R92O1;B0B25DJ352;7673
R1VN3PBKU8OEGA;B09WRMNJ9G;3676
R1VNKAJ163SXLP;B07N42JB4S;3173
R1VOJ065EWW8BS;B0BJ6P3LSK;4597
R1VOPN2U7TR5UG;B07T9FV9YP;4494
R1VOXBV87EI37W;B09JPC82QC;7329
R1VQUWXWHW7F39;B0756CLQWL;5474
R1VS2WU12H9Z2C;B0B2RBP83P;8359
R1VS3VC0CZ24XB;B08CTQP51L;6004
R1VS6ME7USZQ76;B0993BB11X;6633
R1VS6ME7USZQ76;B09MZCQYHZ;6633
R1VSKOXXZVR2QQ;B09P18XVW6;3701
R1VSKOXXZVR2QQ;B09PLFJ7ZW;3701
R1VTQ25LXQX5UD;B003B00484;5614
R1VU19BJMXT73J;B005FYNT3G;7449
R1VV21T3X0IM3E;B07VSG5SXZ;8860
R1VVLMK1TC1KVO;B095K14P86;8854
R1VVM3Y8P761OK;B07KKJPTWB;120
R1VVNP7FCJG1NN;B08F47T4X5;3489
R1VWPJ2GCK1V4P;B09SB6SJB4;6117
R1VWQ34O0MNDLC;B01M6453MB;7989
R1VX9N9I41ZY6F;B08G28Z33M;4141
R1VY2XWEWPHWWO;B00NFD0ETQ;738
R1VZ6UI5AM70RB;B00YMJ0OI8;1727
R1W0BCUHO313HC;B08XMG618K;5954
R1W0S8Y1MEZEOL;B09YL9SN9B;643
R1W4Z589RU74EY;B0B61HYR92;3482
R1W5S1B40S9QFL;B0BNDRK886;699
R1W63TB4MX8482;B00NFD0ETQ;5351
R1W6GXERH9XYVJ;B08VRMK55F;308
R1W7FVZ8OGOZN4;B09WN3SRC7;6567
R1WAPDS97JZKIA;B07WJXCTG9;8184
R1WB0TXVLEXMUH;B091JF2TFD;8169
R1WBRQ50IN70OF;B09VZBGL1N;2032
R1WBRQ50IN70OF;B09Y14JLP3;2032
R1WE2LG38IKMZL;B01D5H8ZI8;4244
R1WFAYRPS9QE0I;B009UORDX4;2758
R1WFNBBN36KYRH;B08TZD7FQN;3979
R1WFXJNNGSCEPV;B003L62T7W;1499
R1WG1ARVL9YH61;B07XJYYH7L;7491
R1WG388SX6A8SS;B07WDK3ZS6;7206
R1WG388SX6A8SS;B07WDKLRM4;7206
R1WG388SX6A8SS;B07WGPKMP5;7206
R1WG388SX6A8SS;B07WGPKTS4;7206
R1WG388SX6A8SS;B07WHQWXL7;7206
R1WG388SX6A8SS;B07WJV6P1R;7206
R1WGHB13Q2OLYA;B08R69VDHT;4436
R1WGHB13Q2OLYA;B08R69WBN7;4436
R1WGISGIIXAU1B;B09JS562TP;1749
R1WGISGIIXAU1B;B09JS94MBV;1749
R1WGQ33LIJEOSH;B07F1T31ZZ;6064
R1WGYKGMT7EHPY;B0B2DJDCPX;8680
R1WHY9P0NTWTUZ;B07TC9F7PN;7363
R1WINQHG1SD7FW;B07WGMMQGP;7266
R1WINQHG1SD7FW;B07WHQBZLS;7266
R1WINQHG1SD7FW;B07WJWRNVK;7266
R1WJ8T3U9P42IU;B0BFBNXS94;8469
R1WK9XGOKLW4ZN;B08VS3YLRK;2512
R1WKGP3JNWFPZA;B00AXHBBXU;4242
R1WL0UPYXNV0DD;B00LM4X3XE;5862
R1WLBATEAWUA8W;B0BDS8MY8J;2480
R1WLR0EBTL2IX6;B07BRKK9JQ;7557
R1WO9OM8O2713U;B06XPYRWV5;8847
R1WOCZISS1XXUR;B08G8H8DPL;522
R1WOPI53IJ9804;B092X94QNQ;8771
R1WOXRK1I1XUD1;B09GFLXVH9;2684
R1WOXRK1I1XUD1;B09GFM8CGS;2684
R1WOXRK1I1XUD1;B09GFPN6TP;2684
R1WOXRK1I1XUD1;B09GFPVD9Y;2684
R1WPHPSV5DKHQJ;B0B3DV7S9B;83
R1WSD60MD51CKK;B08QW937WV;4844
R1WSNRYZ7VK0KB;B0B3MWYCHQ;7277
R1WTLGHP5CFLH;B09C6H53KH;2839
R1WU3UJKULS586;B08CFJBZRK;5512
R1WVE2XLG4MKR0;B0BMM7R92G;7451
R1WVLTHBMN7N0E;B0B2DJ5RVQ;2821
R1WWYE6UETR0U5;B09DDCQFMT;8617
R1WX5RVYVOE2Z8;B088GXTJM3;7289
R1WXATOTR9V2BE;B07T4D9FNY;8940
R1WXD21WPVTX5W;B0BBFJ9M3X;5272
R1WXD21WPVTX5W;B0BBFJLP21;5272
R1WXGPSPH00BY2;B018SJJ0GE;1945
R1WY278AMA2M2L;B09VH568H7;6077
R1WY4BGMPQ0EYI;B0B8CHJLWJ;860
R1WY5QNGHALX9Z;B08HQL67D6;7188
R1WZU792ROLKVF;B09MDCZJXS;3113
R1WZZ9OM0LBYFR;B092R48XXB;254
R1X00FRQGJ1J7M;B07VNFP3C2;8832
R1X07P7FPU0WD8;B0BD92GDQH;8871
R1X0SKU3MLH5BS;B07QMRHWJD;866
R1X1019MPG8CR4;B082FTPRSK;5468
R1X10TKU9WRYCY;B07GLNJC25;7396
R1X3FG1SX99UKT;B01MY839VW;8032
R1X4YGIN6CWPH4;B09MDCZJXS;4388
R1X5M1FCOWKT0B;B09CYTJV3N;4042
R1X5N0V34Q3ZMA;B0B8SSZ76F;5342
R1X5NW4ANBMMRM;B09XB7DPW1;6587
R1X5NW4ANBMMRM;B09XB7SRQ5;6587
R1X5NW4ANBMMRM;B09XB8GFBQ;6587
R1X6T4WG7148OB;B08HV83HL3;2467
R1X6T4WG7148OB;B08HVJCW95;2467
R1X6T4WG7148OB;B08HVL8QN3;2467
R1X7186WUECR3;B07WDKLDRX;3528
R1X7VRLKNOLTGJ;B016MDK4F4;2599
R1X8YG3O4ADXD1;B08PZ6HZLT;1973
R1X9I04FF3QE0A;B08Y7MXFMK;2136
R1X9IA818SXS5X;B08H5L8V1L;3161
R1X9VVCTEHSYMY;B09NNHFSSF;152
R1XBA7N59GDUL8;B0758F7KK7;295
R1XBQN0IY6V5VX;B0856HY85J;4254
R1XBT0HSF7NCKJ;B009P2L7CO;8209
R1XBU0BS4M545R;B07S851WX5;7298
R1XD0A6A2KGJZ6;B0B5B6PQCT;370
R1XD0A6A2KGJZ6;B0B5CGTBKV;370
R1XD0A6A2KGJZ6;B0B5D39BCD;370
R1XD0A6A2KGJZ6;B0B5DDJNH4;370
R1XDPHF5KVF70;B07T4D9FNY;1673
R1XDQKBJ04AVJP;B00RGLI0ZS;5799
R1XF8C95D03EEC;B07MP21WJD;8862
R1XFCHMC5NZ1Y5;B07NTKGW45;2373
R1XINIJIB8NIAC;B01LYU3BZF;5709
R1XIUI1I006DHG;B078JT7LTD;5134
R1XKM8QOGIHV22;B07H3WDC4X;7431
R1XLI27TRADFPX;B00LY12TH6;2311
R1XLQ3KU8NRG4P;B08YRMBK9R;303
R1XLVF86V89I0C;B07ZR4S1G4;6583
R1XM35GH40FPTQ;B0B21XL94T;6939
R1XMBPKJ1QP1Q9;B01M4GGIVU;7545
R1XMBPKJ1QP1Q9;B01M5967SY;7545
R1XME75YUKM2OB;B00UGZWM2I;1357
R1XMM783W6HJM9;B08QHLXWV3;2562
R1XN72FU6Q37IH;B08Y1SJVV5;1480
R1XN72FU6Q37IH;B08Y1TFSP6;1480
R1XN72FU6Q37IH;B08Y5KXR6Z;1480
R1XNL0XA54KUAZ;B09KPXTZXN;7044
R1XNTF1614VIVX;B08WKCTFF3;2522
R1XO0RGL2VW166;B08FTFXNNB;3101
R1XO3PU241VKRL;B071R3LHFM;7879
R1XOLM25PDOJSP;B08XMG618K;890
R1XPA9CXQ07FQW;B07V82W5CN;1265
R1XRDM19EARF9P;B0B2RBP83P;2150
R1XRT2636AEQEO;B09TY4MSH3;2245
R1XSLD1GQ10QW7;B07K2HVKLL;5695
R1XSSAS2EQFOVQ;B00LUGTJGO;4207
R1XULCDQK9G8I7;B09JN37WBX;2452
R1XVC6NEYU3ZHV;B01DEWVZ2C;3499
R1XVC6NEYU3ZHV;B01DF26V7A;3499
R1XW3BIC0SBBJY;B092X94QNQ;4881
R1XY9CHD5RF3GK;B092JHPL72;3314
R1XYEVCQ9QZ69I;B07WKB69RS;7118
R1XYZODV57P3LI;B071VMP1Z4;6287
R1Y0X6TPG7EJ3V;B0BF4YBLPX;8110
R1Y0X6TPG7EJ3V;B0BF54972T;8110
R1Y0X6TPG7EJ3V;B0BF54LXW6;8110
R1Y0X6TPG7EJ3V;B0BF563HB4;8110
R1Y0X6TPG7EJ3V;B0BF57RN3K;8110
R1Y2FUQ6U2C4TT;B098T9CJVQ;479
R1Y30KU04V3QF4;B09W5XR9RT;9043
R1Y4ORK41SINB2;B00GE55L22;3218
R1Y56E8635Y7QD;B09ZTZ9N3Q;4754
R1Y6IA0PNODPA;B07GXHC691;6973
R1Y6YHN4M285CN;B086GVRP63;5778
R1Y7NG3L23T92Q;B0BMGB2TPR;3975
R1Y7NG3L23T92Q;B0BMGB3CH9;3975
R1Y7NG3L23T92Q;B0BMGG6NKT;3975
R1Y816Y6XQ56H1;B01MF8MB65;1442
R1Y8IAT73QZGHC;B07TR5HSR9;3798
R1Y9J4QQ06U3WN;B07VX71FZP;929
R1Y9N553TGL8LN;B0B296NTFV;6016
R1Y9VHIT18ERYP;B08HV83HL3;8747
R1Y9VHIT18ERYP;B08HVJCW95;8747
R1Y9VHIT18ERYP;B08HVL8QN3;8747
R1YAD59EAWIPJS;B0BNV7JM5Y;1917
R1YAD59EAWIPJS;B0BNVBJW2S;1917
R1YAJKA5XF1GJY;B0BPCJM7TB;5143
R1YCJPR648EPXQ;B00S9BSJC8;3733
R1YCLZFS3H9P60;B0B2DD66GS;2201
R1YCURS5X1FQES;B078V8R9BS;7741
R1YCVCHRY2S75S;B00LZLQ624;6547
R1YDBBZUKFOLJH;B07VSG5SXZ;4306
R1YDORG7TANTE7;B09X76VL5L;1741
R1YDTGG09KKA7E;B0B7DHSKS7;5225
R1YFAMDJ7P0SY3;B0B3XXSB1K;7529
R1YFAMDJ7P0SY3;B0B3XY5YT4;7529
R1YFWBTKE811UK;B08497Z1MQ;8363
R1YFZYNSZI9FAG;B09YV42QHZ;7986
R1YFZYNSZI9FAG;B09YV463SW;7986
R1YFZYNSZI9FAG;B09YV4RG4D;7986
R1YGEHICFHX12U;B00E3DVQFS;329
R1YGKMW5AF14T9;B00S9BSJC8;9021
R1YHHQ223HBPE9;B09DG9VNWB;5136
R1YHYHQQN3NVED;B098QXR9X2;3214
R1YI2RI1JC36SO;B08KHM9VBJ;4156
R1YKAB3FD4RLRW;B09M869Z5V;644
R1YKND3U30I2MF;B0B1F6GQPS;6661
R1YL4JGE8C96OO;B084N18QZY;3630
R1YL8BCUH3Z6IN;B01EZ0X3L8;8907
R1YLD6RPVA8MU9;B078JDNZJ8;382
R1YLUKFUNEFOS8;B0BGSV43WY;2409
R1YM20O66MTQUR;B07SLNG3LW;4572
R1YMUWEBTRFUJL;B0B3RHX6B6;4465
R1YMUX3PF91A1L;B00JBNZPFM;7004
R1YMZK0C9NM9TJ;B095XCRDQW;7528
R1YN1N7YNW7AIJ;B0756K5DYZ;6248
R1YNKT2ZV9UMI9;B00P93X0VO;8150
R1YNME95M4J2H7;B07WMS7TWB;6786
R1YO7O7DO2O5U6;B01M69WCZ6;3345
R1YONSMZERBPET;B07KY3FNQP;7975
R1YP1C1QB10QCD;B0949FPSFY;6517
R1YPRPCDNAPQGM;B09MJ77786;8516
R1YQKXTIBLGEMJ;B08WD18LJZ;5999
R1YR2TZI534FFY;B0BB3CBFBM;5041
R1YR3D0NQE0YA6;B078XFKBZL;3188
R1YR920UPA7YH0;B09MT6XSFW;1271
R1YR920UPA7YH0;B09MT84WV5;1271
R1YRGKI6652QR;B0B5ZF3NRK;923
R1YT2C41FFR9NG;B09LMMFW3S;1410
R1YUVBDM5U1VP;B08H5L8V1L;374
R1YVJDFTPY1227;B09NBZ36F7;2659
R1YVS42PE19S0D;B01892MIPA;4668
R1YVU5NMCJDX8M;B09N6TTHT6;588
R1YW7MKK4NW4V9;B0BBWJFK5C;7220
R1YWFT51T2HFXX;B09TY4MSH3;7546
R1YXOQ6ZZI33LZ;B0BM4KTNL1;5863
R1YXRZNZVOXVNK;B07DWFX9YS;3504
R1YXTYLLFSDN6F;B08235JZFB;8619
R1YZQUQ2V6NQK6;B078HRR1XV;5753
R1Z01G5G30GIQ3;B09H39KTTB;4903
R1Z13D8JB8JB67;B07BRKK9JQ;7831
R1Z1D54NCQ2XXA;B078WB1VWJ;4056
R1Z1QLVITW84J4;B07Q4QV1DL;8513
R1Z1QLVITW84J4;B088ZFJY82;8513
R1Z1YO987IN6WA;B085W8CFLH;7456
R1Z2TE2D9DSTWJ;B079S811J3;3476
R1Z33CAT0B5EQM;B099K9ZX65;3756
R1Z3JXTI330QGA;B0BMZ6SY89;8239
R1Z655ELTMOH4N;B0BMVWKZ8G;1336
R1Z7A1FJINTOUW;B07BKSSDR2;8029
R1Z8IGSA8ZO3WN;B08XNL93PL;8643
R1Z9SVTENNC9JG;B094YFFSMY;2083
R1ZAZH2LQQV1BO;B01DJJVFPC;5714
R1ZBD2ZB2ZYEWX;B083342NKJ;7836
R1ZBMWBRCRX6M1;B07HK53XM4;1735
R1ZBU0U8R5KBQD;B07B275VN9;3183
R1ZCNUY4FGIBT4;B09FZ89DK6;5222
R1ZCONBNFKG8ZC;B0883LQJ6B;1037
R1ZCZPBQQ9KJK5;B08VGDBF3B;8046
R1ZD2CRP65AO8B;B0756CLQWL;7285
R1ZDKQ5659C68H;B09LHYZ3GJ;2899
R1ZDKQ5659C68H;B09LHZSMRR;2899
R1ZDKQ5659C68H;B09LJ116B5;2899
R1ZEDLFB9T6IJU;B07P434WJY;2113
R1ZFK8N1J8X6BY;B014SZPBM4;4366
R1ZFP957X6NEUB;B087FXHB6J;1819
R1ZFZHJQD4WTQL;B01DGVKBC6;4879
R1ZGPABQCCVHXY;B00LXTFMRS;2305
R1ZHN7T42QYEMK;B08NW8GHCJ;1942
R1ZHN7T42QYEMK;B08V9C4B1J;1942
R1ZJ2RU3C1TION;B09BL2KHQW;3876
R1ZK4MSQURH3VQ;B09XB1R2F3;4626
R1ZKAUAWGCN68M;B00A328ENA;5646
R1ZKGW1E97R6UE;B01N1XVVLC;6008
R1ZKTL2UFMHHOQ;B08W56G1K9;1199
R1ZMG6JMM25J27;B00P93X6EK;1856
R1ZMYNJKIPID9R;B00B7GKXMG;7388
R1ZN9HBT8L7C6Z;B07HK53XM4;6875
R1ZNM3HOV64QED;B07Q4NJQC5;5470
R1ZOXK6L3BJ049;B0B4KPCBSH;3743
R1ZPSHX28L5WL0;B09GFWJDY1;3437
R1ZQIZ7XIUXVKP;B08LPJZSSW;1026
R1ZQQKZCCG4KD2;B096VF5YYF;311
R1ZR7S45YOQHKX;B00S9BSJC8;1590
R1ZSCBBOGJ8VB;B076B8G5D8;7329
R1ZTKPOECNMEUH;B08RX8G496;2689
R1ZTUD2LMQZ1O0;B09SPTNG58;2558
R1ZUANXQSKI8Q8;B0814ZY6FP;1711
R1ZVNKQLPAUPBF;B013B2WGT6;3029
R1ZVVISXKO1JOK;B09GFWJDY1;4217
R1ZW4PQHUECROJ;B07P681N66;5511
R1ZW4PQHUECROJ;B0859M539M;5511
R1ZW56KYUKB2QU;B082T6GXS5;4031
R1ZX1J20BL0RDU;B071VNHMX2;3298
R1ZXJ9R8WX5DF7;B075JJ5NQC;1388
R1ZXKR6UFH5VNW;B0B2DJDCPX;8371
R1ZY5HA6LYGSK9;B0B8SSZ76F;6854
R1ZYG8KT7IKN0F;B0846D5CBP;45
R1ZYMEO92ST8E2;B00P0R95EA;5413
R200QONLM29B4B;B09NS5TKPN;6282
R200U4666Y0M6S;B012MQS060;2435
R200UL35KLRW7R;B08GJ57MKL;2652
R2013OLVZQH22B;B0BHNHMR3H;8280
R201OWMIXG3WK2;B0978V2CP6;6486
R201RFHN6XKRPR;B07L3NDN24;4617
R205BUIEOZSB27;B07LG96SDB;7838
R207CYDCHJJTCJ;B096MSW6CT;2944
R207DKP7LXNDSC;B07NPBG1B4;8094
R207L99B0HON4H;B07Z3K96FR;4192
R2088N9Y90R4IZ;B078JF6X9B;9026
R208N2LRQAPM3F;B0BJYSCWFQ;3241
R208QSDKUOWNF6;B09BCNQ9R2;1250
R20902QQAPEVUE;B0BCVJ3PVP;1197
R209MH0VOGQ7EF;B09GFLXVH9;4241
R209MH0VOGQ7EF;B09GFM8CGS;4241
R209MH0VOGQ7EF;B09GFPN6TP;4241
R209MH0VOGQ7EF;B09GFPVD9Y;4241
R20A9E5E100YPR;B0B2DJDCPX;8805
R20AXB80IQO0DK;B00GHL8VP2;3517
R20B3Q5JIZ96QC;B0819HZPXL;8154
R20BW7AKMPLR7O;B08TR61BVK;687
R20C8843BM8Z3U;B00NNQMYNE;6611
R20CNK6VJGER17;B0B86CDHL1;4969
R20E3IUW7O236Z;B09ZPM4C2C;8613
R20EGFOQRBXT5B;B09P22HXH6;4292
R20EKADK19NV0G;B072NCN9M4;6470
R20F4XL6H69YXD;B09RMQYHLH;7978
R20F9Z88XI969Z;B08ZXZ362Z;810
R20FESVOJ2K0RP;B07Z53L5QL;8436
R20FTANBPFA653;B08N1WL9XW;4777
R20FTANBPFA653;B08P9RYPLR;4777
R20FTANBPFA653;B09NHVCHS9;4777
R20FTANBPFA653;B09NJN8L25;4777
R20FTANBPFA653;B09NKZXMWJ;4777
R20FTANBPFA653;B09NL4DJ2Z;4777
R20FTANBPFA653;B0B3MQXNFB;4777
R20FTANBPFA653;B0B3N8VG24;4777
R20GD0WE2KXSVM;B084MZXJN6;2176
R20GD0WE2KXSVM;B084N1BM9L;2176
R20GDL1J7ZSXHQ;B0994GP1CX;4836
R20H2HQK57AY6M;B07K19NYZ8;6457
R20HG64QT9A05Z;B00P93X2H6;4564
R20I0S1U3RR780;B08MWJTST6;2446
R20I705WTEEW1V;B01DJJVFPC;2216
R20IACRIZKZAQF;B08444S68L;5259
R20K0WT99IF7SW;B01I1LDZGA;5120
R20KDGMHU5A66W;B09P858DK8;3671
R20KWTHWBPSFVT;B08RX8G496;1825
R20KZD07FRNQKL;B07RY2X9MP;7788
R20LI4O45SMFP7;B07FL3WRX5;5890
R20LSQBJM9GWDK;B08GJ57MKL;5426
R20LZMIZSXKAM8;B071VMP1Z4;8139
R20M6JOASW88SS;B08SCCG9D4;3953
R20M9438YP7Z2E;B0B2DD8BQ8;2001
R20MFO7K9BOV48;B0BPCJM7TB;1340
R20NRWZ90XNLVG;B09C6FML9B;493
R20OTH46ZTVPQN;B0B5YBGCKD;5262
R20OZCEE82GU0W;B094DQWV9B;1349
R20P3T7U9RKSBG;B07GLNJC25;3938
R20PJKJTCF9RXN;B009LJ2BXA;3020
R20PP3QU2OXVOH;B08VGFX2B6;3338
R20Q4B16AEFTPT;B09GFN8WZL;5888
R20R8KWXWTCHQ2;B09NC2TY11;843
R20RA7F53RKEWU;B00EDJJ7FS;4238
R20RBRZ0WEUJT9;B01486F4G6;3190
R20SPV6WPX1ZU1;B015GX9Y0W;8736
R20TA215T3VGHG;B09F6VHQXB;816
R20VE3E3KEIW0K;B084MZXJN6;399
R20VE3E3KEIW0K;B084N1BM9L;399
R20XIOU25HEX80;B09KLVMZ3B;2317
R20XKKJEEML1C9;B086Q3QMFS;6047
R20Y7L8T8S0B2V;B06XGWRKYT;7859
R20YKGEYEPCEGL;B015ZXUDD0;7511
R20YUGVFVISC0B;B08LW31NQ6;2251
R20Z8QRT7O6F3H;B0B8CB7MHW;2844
R20ZKROW9KONFG;B09LQH3SD9;2900
R2100TLJUT7YQM;B00N1U7JXM;4271
R2107RZYEL68HX;B00J4YG0PC;4091
R210WJI15JCSRE;B01GGKYKQM;6456
R210Y022QTMB31;B07SYYVP69;4973
R2118P20L5XNMT;B08RZ5K9YH;6176
R211TH789OFH2F;B0949SBKMP;7107
R2127U989S6ZZU;B0B9BXKBC7;8726
R212U2C7WSD2JX;B01M5B0TPW;1224
R213I1AK7MT44H;B0B61DSF17;5765
R213ILI3XNVHQ0;B07XLCFSSN;2287
R213ILI3XNVHQ0;B0B8SRZ5SV;2287
R213ILI3XNVHQ0;B0B8SSC5D9;2287
R21411AL26C3MR;B0989W6J2F;8627
R214TVL0DAXY0G;B08BJN4MP3;5947
R2155066OFZ3WE;B00NH12R1O;2015
R215KMCB5Y5BKK;B08MXJYB2V;5764
R21613KQKHLS39;B08PZ6HZLT;466
R216CF66UYJR2A;B0B5B6PQCT;5725
R216CF66UYJR2A;B0B5CGTBKV;5725
R216CF66UYJR2A;B0B5D39BCD;5725
R216CF66UYJR2A;B0B5DDJNH4;5725
R216MY341QMRQE;B00LXTFMRS;2145
R216RLQKYB7TWS;B08D75R3Z1;3346
R217BN4TULUANU;B088Z1YWBC;286
R217N2SRNQMWHJ;B09T3KB6JZ;2286
R2180U6SP2A0B1;B0BJ966M5K;2430
R218813TNRHNSY;B08WRBG3XW;8795
R218PBX172UQIP;B00C3GBCIS;8297
R218TWEQR99LCG;B09J4YQYX3;5186
R219G800XSZ211;B08FGNPQ9X;5803
R21ADVLZZGGC89;B07YWS9SP9;1452
R21C69PPTIH20R;B00KIE28X0;5706
R21CNC8OVM396T;B09ZK6THRR;3512
R21CUQNQ5BSFGH;B009P2L7CO;257
R21E4GVF798QBC;B09XRBJ94N;6555
R21ED050VWAF23;B01N1XVVLC;4491
R21EIT3GVFN61A;B005LJQMCK;4071
R21EIT3GVFN61A;B005LJQMZC;4071
R21F459NA4RRVJ;B0B5F3YZY4;8925
R21FDK7L8Q1LUO;B01I1LDZGA;4368
R21GDLJZA5TI9W;B08497Z1MQ;515
R21GEGH10XV0ZL;B0B8ZKWGKD;6128
R21GGYJ4354Q5J;B0BBVKRP7B;3492
R21HKT5W7PTQ6N;B0B3G5XZN5;8701
R21HYR2IZWHCTU;B00B7GKXMG;3625
R21IQ39FHPMSQZ;B01IBRHE3E;5915
R21IS8D23018BF;B09YLWT89W;4243
R21JTGL4FLUYFT;B0B5RP43VN;5988
R21KENPQN42DEW;B07LDPLSZC;7530
R21KI36AKNFJAM;B009LJ2BXA;2267
R21KXH46RVA6RM;B00GGGOYEU;5774
R21LU3V1GD14WH;B07LFQLKFZ;328
R21MEVVJ4JZS79;B09NS5TKPN;8849
R21NKRX5SKSE3;B0B8ZM9RVV;8524
R21NL80UATYBKB;B09XBJ1CTN;7906
R21NO0SUPFUAO5;B0B2DD8BQ8;6342
R21NZ6B0QHBVXN;B01CS4A5V4;6521
R21Q1UO7WME33S;B00JBNZPFM;2747
R21QE5K1YSVD6;B0BMFD94VD;4520
R21QJQYXKVPKBW;B09T3H12GV;2441
R21RA48Q90YTS4;B00RGLI0ZS;2771
R21SPI0C2CAAWN;B07Q4NJQC5;6983
R21T7HG6Q62LKN;B07Q4NJQC5;4688
R21TRTA1VGGCD3;B093ZNQZ2Y;5246
R21TUQZLYNGC0M;B0B5LVS732;7733
R21UPDIAM0TVWB;B086WMSCN3;7409
R21UXOOY9893V9;B09PNR6F8Q;7667
R21V0OVOI8IF8N;B07GLSKXS1;7195
R21V60CHP3W6KY;B07NPBG1B4;2320
R21VW93DSBYENF;B086394NY5;259
R21W2URYUFT12Q;B08K36NZSV;1667
R21X3T7OXJDYF5;B08461VC1Z;4088
R21XA337NNFD76;B09YV575RK;6235
R21XRUZQ2MQ2ME;B084PJSSQ1;8301
R21Y12O2T0TTRL;B09H3BXWTK;6509
R21YSBO429830L;B0B9RN5X8B;7101
R21ZV0J85EQUOH;B08HLC7Z3G;7251
R2204P0EK8HOJE;B07VTFN6HM;3411
R220M468LVHIE1;B0BMXMLSMM;2505
R221NM5M3SY0PW;B082T6GVG9;8673
R222GCN4UA2IL5;B09JSW16QD;642
R222NCQOR0GD05;B07DGD4Z4C;5688
R223OFAZGIK4X7;B00J5DYCCA;4904
R223OIZPTZ994S;B09CMM3VGK;5535
R223TL7W5MX14P;B0B7DHSKS7;4851
R225NQB3ASPXBV;B09NVPJ3P4;2992
R225NQB3ASPXBV;B09NVPSCQT;2992
R225TDOAW3E40Y;B09RMQYHLH;148
R22699HYNGFQ3F;B08235JZFB;6918
R226UNRVT8C1UE;B01D5H8LDM;942
R2274AOJUMM3KD;B07VZYMQNZ;7567
R227GDWBCUSPRB;B0B61DSF17;3837
R227LWX8C4MTYQ;B09H34V36W;7488
R227WPCV784CRR;B07DWFX9YS;3134
R22BXITISJ2V98;B00LXTFMRS;913
R22C8ONFTU20FF;B07H1S7XW8;3626
R22CGQQGZP9IJE;B09Y358DZQ;7841
R22DHM4LC4189N;B086Q3QMFS;6571
R22EUJ1B1AM0OU;B0711PVX6Z;2668
R22EUJ1B1AM0OU;B07232M876;2668
R22FND348KV4I0;B07J2BQZD6;8697
R22G4CIX0JF8CT;B0B3CPQ5PF;8234
R22G4CIX0JF8CT;B0B3CQBRB4;8234
R22G4CIX0JF8CT;B0B3D39RKV;8234
R22G5J4Q8W0QFW;B097R2V1W8;8633
R22GCXSWUPXZ37;B06XPYRWV5;2510
R22I6M8QU55OWI;B08FN6WGDQ;3695
R22ICK5OX9INOG;B07JJFSG2B;1663
R22ISA1UVT45QP;B017PDR9N0;5292
R22K5MQ8Z8N6L2;B09JPC82QC;9006
R22K8FW0YEB5RU;B07GMFY9QM;3225
R22KQJAFOAG5S5;B07Z1X6VFC;7376
R22KTF9KDGLEK5;B0765B3TH7;1104
R22L0SQFC67YKF;B07KY3FNQP;8630
R22MH6ZS821G9A;B07J2NGB69;5223
R22MNVNS4IIKG3;B0BQ3K23Y1;633
R22N3TMJEOR2L9;B09MM6P76N;5045
R22N6KOWY37W1C;B01MF8MB65;2556
R22NOAMYT0PYEE;B09ZPL5VYM;3944
R22ODR0WD8IETY;B008YW8M0G;6543
R22OHRDXFQ2O98;B0B7B9V9QP;8401
R22OSYPO6IBZ8O;B01M69WCZ6;7746
R22P6BE9DBME4F;B09HQSV46W;3549
R22P6BE9DBME4F;B0B6F7LX4C;3549
R22P6BE9DBME4F;B0B6F8HHR6;3549
R22P6BE9DBME4F;B0B6F98KJJ;3549
R22P6BE9DBME4F;B0B8CXTTG3;3549
R22PD5EXXTFXP;B01DEWVZ2C;5975
R22PD5EXXTFXP;B01DF26V7A;5975
R22PXYQOJSGDO8;B06XFTHCNY;413
R22QERXUM2BL5Z;B078KRFWQB;6381
R22R9U3IN4DIN1;B086199CWG;5031
R22S9G5EXHE6L5;B00KXULGJQ;1300
R22SJ0GAI8LZDE;B0B3RHX6B6;6068
R22SRYSCQLD82X;B0BMFD94VD;5074
R22TFM41T4WQ02;B07DWFX9YS;411
R22UFBT27YYXB;B08CFJBZRK;6626
R22USVU70E2UD0;B08T8KWNQ9;7411
R22VVPUG7BPY0Z;B08RDWBYCQ;1474
R22WRBGK72Y12Z;B09127FZCK;2423
R22XIU2YN41JLY;B00LY17RHI;960
R22XPNBA0P52JE;B08BJN4MP3;5077
R22XW48SVD9N5F;B07V82W5CN;3987
R22Y8NE6V63V9O;B00YMJ0OI8;8452
R22YPCRTDOIQDE;B00NM6MO26;3086
R22YTLRMKBWQM;B01M5F614J;1088
R22Z4U7R15TVLK;B08CFCK6CW;6841
R22ZFYL3I9O4CV;B0B217Z5VK;2564
R22ZQT5S2PIBQO;B01MRARGBW;1512
R231AEG1IO02JM;B08QSC1XY8;8326
R231AEG1IO02JM;B08QSDKFGQ;8326
R231H2ZVU5558I;B07N42JB4S;4296
R232FT7DXDWX1C;B095RTJH1M;4369
R232KD83Q3MVML;B00NH11KIK;7209
R232XWKJREFG9M;B0B7B9V9QP;775
R233DLMRTKEDS4;B08LKS3LSP;3279
R2346F22YLZ9IG;B0BP7XLX48;1342
R23524DWSS2QQ3;B0BNV7JM5Y;7632
R23524DWSS2QQ3;B0BNVBJW2S;7632
R235OIEM1YE5VP;B008YW3CYM;1988
R235YDZ5Q9LII7;B08HDCWDXD;2525
R236B8Q3BSGZJ7;B01FSYQ2A4;4485
R236C7OLIIWMX1;B08YD264ZS;8933
R2376RVNIQR2EU;B09NNZ1GF7;8873
R2378C6LJXZXO1;B08M66K48D;3474
R239FYUEOVD16B;B0162K34H2;8317
R239G66Z5L5FC8;B07DC4RZPY;4914
R23A496I1RGZE6;B07H3WDC4X;4744
R23AXNSZOR242M;B08VGDBF3B;4146
R23AXPPZ5G7J6Q;B084MZXJNK;25
R23AXPPZ5G7J6Q;B084N133Y7;25
R23B5JORWWE85P;B0BBVKRP7B;7781
R23BQ1TQ435IEO;B09ZQK9X8G;3900
R23BXIK2NYRZJ6;B07JNVF678;8977
R23BXIK2NYRZJ6;B07JPJJZ2H;8977
R23CC5VDSVR49B;B08NCKT9FG;7485
R23CC5VDSVR49B;B0974H97TJ;7485
R23D039HGB5VNX;B08MVXPTDG;1557
R23D5V15U3KQAT;B07J2NGB69;6813
R23FF4AI11EGQG;B0883LQJ6B;5960
R23FRK2ABESQGU;B00NH11KIK;4540
R23G8LLBD9D4H3;B09N3BFP4M;6815
R23GFTM9C7YEJE;B08PSQRW2T;6025
R23GFTM9C7YEJE;B08PSVBB2X;6025
R23GKZFUJMY8QV;B097R45BH8;6132
R23GLC7BOL1YAO;B098LCVYPW;2845
R23GQW7DPSVOA0;B08XXVXP3J;8263
R23HQTXGR1DOIL;B0941392C8;5569
R23IO3LHHG39H;B08L5FM4JC;7544
R23IO3LHHG39H;B08L5HMJVW;7544
R23IO3LHHG39H;B0BDRVFDKP;7544
R23IO3LHHG39H;B0BDYVC5TD;7544
R23IO3LHHG39H;B0BDYW3RN3;7544
R23K3XEJA3V8XG;B0BP89YBC1;6231
R23KGXQ1Q93GB;B07NTKGW45;4983
R23KHIP7PE2TA4;B0B9RZ4G4W;8021
R23KLGKME9RK9T;B09C635BMM;1883
R23L241XIDFJB3;B08CFJBZRK;4536
R23LAM247GXXJT;B07JPX9CR7;5244
R23LLGX9FMWWT3;B08XLR6DSB;8911
R23MCK9MV2XQ7W;B09B9SPC7F;8741
R23NCERA0R891T;B0BM4KTNL1;192
R23NICBEXCSAO3;B0162K34H2;2417
R23NRC2SDTFP1R;B087FXHB6J;4777
R23O6CFX5FQGEH;B00GHL8VP2;573
R23OB4XMH3S9QD;B0B4HJNPV4;4947
R23OB4XMH3S9QD;B0B4HKH19N;4947
R23OB4XMH3S9QD;B0B4T6MR8N;4947
R23OB4XMH3S9QD;B0B4T8RSJ1;4947
R23OWJ2539E2YY;B0B8CB7MHW;8059
R23PAXUWIYVJ2W;B08HQL67D6;2934
R23PLPS8OE8OR6;B0B8ZM9RVV;5003
R23PRYLHN54BOF;B07Y9PY6Y1;516
R23QEG8B7XCK1D;B07YR26BJ3;7196
R23QFCUMOAAF6;B0BG62HMDJ;5616
R23QMRIS0UXNQL;B0832W3B7Q;1760
R23QZ7HVMFQB5P;B01MRARGBW;6962
R23RHEY0ZRAT67;B082T6GVLJ;2742
R23RJUU2U87L75;B094YFFSMY;7022
R23S77AWPH5FP5;B09ZHCJDP1;8941
R23T81UVKR2YSW;B00S9BSJC8;1193
R23TFS98AJGVBP;B00NW4UWN6;5563
R23U630I51IZTI;B014SZO90Y;2850
R23U8C99ZSTVP;B00MUTWLW4;208
R23UV7ZBIEEZD3;B0BF4YBLPX;8481
R23UV7ZBIEEZD3;B0BF54972T;8481
R23UV7ZBIEEZD3;B0BF54LXW6;8481
R23UV7ZBIEEZD3;B0BF563HB4;8481
R23UV7ZBIEEZD3;B0BF57RN3K;8481
R23VI41K9DE8OJ;B08D77XZX5;2586
R23VU14H85GINN;B08CKW1KH9;2410
R23WEMNZK46UV3;B0B5B6PQCT;4924
R23WEMNZK46UV3;B0B5CGTBKV;4924
R23WEMNZK46UV3;B0B5D39BCD;4924
R23WEMNZK46UV3;B0B5DDJNH4;4924
R23WOLPX6D4VDT;B09N6TTHT6;5849
R23WZ2PU1E2ZTM;B09SGGRKV8;4452
R23XQ10QUS68QY;B09H7JDJCW;7922
R23Y3AD6E6GE9N;B08R69VDHT;7629
R23Y3AD6E6GE9N;B08R69WBN7;7629
R23YK9FCYDZ8D5;B07N8RQ6W7;228
R23Z4SCVPIU17S;B082KVTRW8;3731
R2401CXS8NQ487;B00A7PLVU6;7119
R240LL92WXKRRY;B08GTYFC37;4896
R240OADCOPMHWE;B09HCH3JZG;1294
R240P2TKGWDYW0;B0B7FJNSZR;5076
R240THZS4YWK4R;B089BDBDGM;3843
R241G3F07D3OBH;B0B4HJNPV4;7146
R241G3F07D3OBH;B0B4HKH19N;7146
R241G3F07D3OBH;B0B4T6MR8N;7146
R241G3F07D3OBH;B0B4T8RSJ1;7146
R241P9DGAUL3DX;B00URH5E34;6286
R24235I5D6EXHG;B086PXQ2R4;5363
R2426HG2VA66ZC;B09BCNQ9R2;5963
R242RHYD9YBYGQ;B07N2MGB3G;1132
R2434EOFPB1SHN;B097R4D42G;6701
R2437QVPEQFXQ6;B00TI8E7BI;8611
R243SOUNFQGU4K;B09BW334ML;5896
R243ZL6I5OCPFC;B09G2VTHQM;6745
R24503W0UJGTMU;B00LOD70SC;6976
R2455QTVQ8IHGK;B09F6VHQXB;4676
R2458DMQ9C2Z4F;B01M4GGIVU;7631
R2458DMQ9C2Z4F;B01M5967SY;7631
R245AZKOPK5DPI;B07SY4C3TD;8732
R2462S5LXK8PF8;B07SYYVP69;7447
R246JQ5OCCXV4C;B07D2NMTTV;3200
R247ATLN4EWIZW;B092JHPL72;408
R248HCB4KB42LJ;B07JJFSG2B;2959
R248K7KLOFX63T;B097R4D42G;8473
R248KORTE9C15N;B00YQLG7GK;5685
R248RAUMOHV8PU;B09X1M3DHX;4662
R249DXGFQ2JBLD;B07GNC2592;4399
R249MO4XBSOM0Q;B08WKFSN84;3928
R249MO4XBSOM0Q;B08WKG2MWT;3928
R249MO4XBSOM0Q;B09QGZFBPM;3928
R249MO4XBSOM0Q;B09QGZM8QB;3928
R249YCZVKYR5XD;B094JNXNPV;4468
R24A2AS5G62W6G;B082T6GXS5;4055
R24AGC1O5RVWYI;B09RZS1NQT;3886
R24AZS90ZJ7KRC;B07FXLC2G2;2877
R24C42XCBRZQ3U;B07JZSG42Y;77
R24CIFW4SYVOYS;B00O24PUO6;1817
R24DFHVPXSIU8W;B09MZ6WZ6V;1858
R24EFZ4RGA54HI;B0B9LDCX89;8095
R24GFJRFT12S6S;B08QSC1XY8;1985
R24GFJRFT12S6S;B08QSDKFGQ;1985
R24GH90H9QAC3X;B081B1JL35;893
R24HCMD10NT57S;B0BL3R4RGS;3572
R24HHC45FGAWV3;B0912WJ87V;243
R24I7EFZQG9TE6;B084872DQY;2248
R24J0BEZA2THE5;B01HGCLUH6;145
R24JB7H5RQY452;B09YV575RK;5122
R24JJEFAXZH2J6;B07GLSKXS1;2241
R24JMSEEM3755G;B08VGFX2B6;1430
R24KWB99TGKC9M;B07GLS2563;2318
R24L6D938JXIVA;B08K36NZSV;6089
R24LA0QD5OLK8G;B08CTQP51L;8850
R24M24UKIB5KN3;B087JWLZ2K;2105
R24MB66WRPSN2A;B0B1YVCJ2Y;2515
R24MB66WRPSN2A;B0B1YY6JJL;2515
R24MB66WRPSN2A;B0B1YZ9CB8;2515
R24MB66WRPSN2A;B0B1YZX72F;2515
R24MB66WRPSN2A;B0BC9BW512;2515
R24N5IPVE7LGCM;B01N90RZ4M;8834
R24N6TZUI4NUAR;B0747VDH9L;1672
R24NQRDGFWSFO8;B0B31FR4Y2;1049
R24NYI1HOKDQ1W;B00JBNZPFM;5258
R24O2F7357YB8L;B07NC12T2R;4170
R24OK0MVA1SNAD;B06XDKWLJH;7286
R24PULBZDL0QM1;B09GYBZPHF;6167
R24Q3GIRGESSP7;B07JNVF678;1638
R24Q3GIRGESSP7;B07JPJJZ2H;1638
R24RHE9B30YXWQ;B01M4GGIVU;3698
R24RHE9B30YXWQ;B01M5967SY;3698
R24RXWIR7PL4IW;B07GWTWFS2;1565
R24SCGVHQZOYOA;B0BBMGLQDW;7669
R24SRHM43OZ36M;B094QZLJQ6;1700
R24T21LAESQMWZ;B01KK0HU3Y;1930
R24U6J35ZGRJVD;B07VVXJ2P5;7609
R24V2VP33R7Q4Z;B09LMMFW3S;5538
R24V8P9TKOO83N;B08CT62BM1;5828
R24V8P9TKOO83N;B08CTNJ985;5828
R24VBI0XML9AS5;B09V12K8NT;2080
R24VBI0XML9AS5;B09V175NP7;2080
R24VBI0XML9AS5;B09V17S2BG;2080
R24VC2SIKJTTCC;B0BPCJM7TB;3589
R24VKY63J20SM0;B0941392C8;7987
R24VRMVVKTZXZU;B08YK7BBD2;1238
R24VYXU03FZS0A;B09VKWGZD7;1400
R24WHQLDAXAB92;B07GLSKXS1;7687
R24WP5GTU5ZFG5;B0B65MJ45G;1612
R24WP5GTU5ZFG5;B0B65P827P;1612
R24WVK7TASKNPN;B077T3BG5L;309
R24X9LMOOX690Y;B094G9L9LT;3856
R24XEY7CTDRFXZ;B09MZ6WZ6V;3103
R24Z5Y8NGE1CA4;B0148NPH9I;532
R250EC6F25GMQ2;B07R99NBVB;116
R2527FDBEJ54SC;B088GXTJM3;8324
R252H4TFMWK9L7;B00TI8E7BI;8999
R253NRG08YZO1Y;B083J64CBB;440
R254VXG5JSSX0W;B00J4YG0PC;1487
R2556DFD2ZXACT;B00LUGTJGO;5543
R2559XZPCVQQRB;B08WRKSF9D;5605
R256KIA5SVIYEY;B07NKNBTT3;4458
R258CFU2YKTK58;B09MZ6WZ6V;397
R25A4JO66YW0TS;B08KHM9VBJ;558
R25A5KZD14HHJC;B01J0XWYKQ;7264
R25ABQM4CM6CPA;B07YQ5SN4H;6787
R25B5M8BFZ5APO;B08Y5QJXSR;6471
R25B9RAM7E6ERE;B08W56G1K9;224
R25BAU2IP6DAPW;B00YMJ0OI8;6277
R25BSG945DF5FO;B07XCM6T4N;7395
R25BZYL3L6NDM3;B07Q7561HD;7073
R25C9QT8WYDZG9;B09XBJ1CTN;1194
R25CCWBNTJMZVE;B005LJQMCK;4695
R25CCWBNTJMZVE;B005LJQMZC;4695
R25CE9M9A1ZKSG;B01IOZUHRS;2759
R25CLTZM7X33KC;B0BBLHTRM9;4686
R25CPGMH2YOEGC;B09474JWN6;2238
R25CXUY1Y74QGF;B0B53DS4TF;6679
R25DZIBJHUFV07;B088WCFPQF;3586
R25FE16IQR653P;B07WKBD37W;8449
R25FU8ACFGF47V;B09FZ89DK6;6023
R25FVBLAFKIAJU;B0BMGB2TPR;1846
R25FVBLAFKIAJU;B0BMGB3CH9;1846
R25FVBLAFKIAJU;B0BMGG6NKT;1846
R25G45DJ52J2HV;B08JQN8DGZ;2468
R25GNVDCF8MRK4;B008LN8KDM;2581
R25I5FXOJA76KS;B08PV1X771;7930
R25I5FXOJA76KS;B09F6S8BT6;7930
R25IJXPUWT8LFK;B08MZNT7GP;3325
R25KRHUD4YX0FP;B0B61DSF17;2102
R25LKZL3WI5EYS;B079S811J3;9005
R25MFNHA3G4KVK;B08K4PSZ3V;3209
R25MFNHA3G4KVK;B08K4RDQ71;3209
R25MV5W3PW3AZM;B08GYG6T12;3571
R25MVXUNZDKPIY;B09T2S8X9C;8625
R25MVXUNZDKPIY;B09T2WRLJJ;8625
R25MVXUNZDKPIY;B09T39K9YL;8625
R25N2U90N2A5AS;B01GGKYKQM;170
R25NCFO26L4LDR;B0B1F6GQPS;4228
R25R4S2V6XLP70;B0B4KPCBSH;4933
R25RJ35CXQYW5C;B09ZHCJDP1;1384
R25SDG11W8EAU9;B01GGKZ0V6;567
R25SDG11W8EAU9;B01GGKZ4NU;567
R25T0UEZY5MCOJ;B07LG59NPV;6965
R25TUXKCEEATJ0;B06XGWRKYT;7359
R25UI50GV8IC8H;B08H673XKN;2832
R25UIJAM26JMGL;B09F5Z694W;8592
R25UU2M1B9BO5X;B0B1YVCJ2Y;2804
R25UU2M1B9BO5X;B0B1YY6JJL;2804
R25UU2M1B9BO5X;B0B1YZ9CB8;2804
R25UU2M1B9BO5X;B0B1YZX72F;2804
R25UU2M1B9BO5X;B0BC9BW512;2804
R25VCXJ891RAYE;B09VKWGZD7;5435
R25VGDOTPHFDDQ;B07VVXJ2P5;764
R25VZN18D8ZKXO;B0188KPKB2;6884
R25WW5K08CGVXV;B0B4DT8MKT;5465
R25X4TBMPY91LX;B096MSW6CT;1882
R25XRX2PFVSE01;B09LRZYBH1;2140
R25XSP1RJOM11V;B09BN2NPBD;6709
R25Y3SKCCN76RT;B0B1F6GQPS;926
R25Z9XP6UQKEBZ;B09NL4DCXK;5182
R25Z9XP6UQKEBZ;B09T37CKQ5;5182
R2600ZN2HS1KVZ;B09XRBJ94N;2142
R2609G1V725LV1;B09J2QCKKM;2209
R260VRUGIHTL9U;B0811VCGL5;3063
R261OFDIUG1971;B09TP5KBN7;5570
R2636VYPMOZV9;B07F1P8KNV;2988
R2636VYPMOZV9;B07GVGTSLN;2988
R263I1US66YJWE;B07S9M8YTY;2215
R263YLUZGHS5XD;B0085W2MUQ;3711
R2641YZI4YBHDF;B009LJ2BXA;1805
R2648DSDGDSC63;B0BPBG712X;757
R2659C1LEZY2BE;B0B2CPVXHX;3665
R265AK6OA2TC8X;B099PR2GQJ;1065
R265Q8SU92ZX8Q;B009P2LK80;7743
R26604Y3P1D000;B0746JGVDS;5194
R2661I4M86YGDU;B09VGS66FV;4832
R2665SN6A29V01;B08Y57TPDM;5248
R267DLLCKGD15M;B0BNV7JM5Y;1896
R267DLLCKGD15M;B0BNVBJW2S;1896
R268UIIQ8R8LOR;B07L1N3TJX;2672
R26A2586S9NYG2;B08SMJT55F;6500
R26A4K18YPO7PL;B01IBRHE3E;8231
R26ABOIUJ8UXJ7;B0B3MWYCHQ;2829
R26BFL8JZYQC4F;B0814P4L98;5101
R26BYG85S4SSVY;B07MDRGHWQ;7907
R26BYG85S4SSVY;B07MKFNHKG;7907
R26D8KBCMOE84W;B00H47GVGY;5696
R26DK1JPO4MUBA;B07VV37FT4;8958
R26GBAZJ5NKP2J;B08HDCWDXD;7415
R26GYIVCHR44IY;B01HJI0FS2;128
R26H1DURWI8AZR;B08QW937WV;3090
R26HJA1WW7OTY7;B07Z51CGGH;2502
R26HZDGQ08R98N;B008QS9J6Y;5770
R26JLYEZYUE691;B09LV1CMGH;5622
R26JO5R53V41U4;B0883KDSXC;7322
R26JU6NE3CKF6P;B01LYLJ99X;1201
R26KGH1T4JLVKC;B08QW937WV;1015
R26KSH3RBQKGT2;B08BJN4MP3;6445
R26LH8QOEED5O0;B00LM4X3XE;1879
R26LJ3T0R1C2OW;B0BL11S5QK;5007
R26LX5GA0LIZA8;B09WF4Q7B3;6094
R26MFURZRSSHGW;B0085IATT6;2401
R26NP9V89IYAS8;B07DJ5KYDZ;8650
R26NZETS68YSC5;B09TT6BFDX;3242
R26OBSY88ZCS89;B08YXJJW8H;961
R26P3IBAM6K3G2;B09M869Z5V;4938
R26PEUHOY5RZ02;B07Z1YVP72;3577
R26PGAI8JKY8XB;B01F25X6RQ;4637
R26PGAI8JKY8XB;B01F262EUU;4637
R26PXJ8P5Q5FHH;B0912WJ87V;712
R26QIZZV7XHNIM;B0148NPH9I;366
R26QLWXRSR9RZS;B01EZ0X3L8;3836
R26R5DS3LBXK1;B08D6RCM3Q;6269
R26RJ6WBBMVVXJ;B08XXVXP3J;8683
R26RPJGPU2YT4M;B09NNZ1GF7;1658
R26RSSJWPNLVT2;B01DJJVFPC;7162
R26RTMICLY2WE5;B00YQLG7GK;4978
R26S60TY88S2K0;B083J64CBB;3550
R26SGRT511UO9Y;B08444S68L;1654
R26TE9PP1AORV7;B09Q8WQ5QJ;7686
R26UCI4JLBHQQA;B095PWLLY6;6072
R26UEGFQE0CAHX;B095244Q22;4108
R26ULECYB1ZKE1;B07V82W5CN;2772
R26UM4M5FX7MOX;B09MJ77786;425
R26UM4M5FX7MOX;B09RWQ7YR6;425
R26V2X161L8NR5;B00V4BGDKU;2022
R26V2X161L8NR5;B08FYB5HHK;2022
R26V5SMXYSE953;B06XFTHCNY;332
R26VZERXGYOH61;B09SGGRKV8;3942
R26WA9NHSG09V;B08SCCG9D4;1261
R26WYNQ8661K6;B09W9V2PXG;6843
R26XU8W37JQI55;B07S9S86BF;5436
R26XU8W37JQI55;B08H9Z3XQW;5436
R26Y3HWJKWSAH;B0811VCGL5;6380
R26YAKWWPQSNL;B09YV3K34W;1105
R26YAKWWPQSNL;B09YV4MW2T;1105
R26YGSNK20I13P;B099K9ZX65;8638
R26YQ2I8VG8AXE;B09RZS1NQT;4267
R26Z0O4978YU47;B0718ZN31Q;3114
R26Z6SSJJ8MDIO;B0994GP1CX;4269
R26ZJ9VXF4PWCA;B072J83V9W;7897
R26ZOQR926DPVQ;B0B217Z5VK;5119
R2700E7W1TZOD3;B0123P3PWE;5034
R2706B6WB0LN1M;B0BDG6QDYD;1368
R270Z7KVYYU4Y7;B07J2NGB69;545
R2714DP5UNSOQ;B07F6GXNPB;7647
R2714TT5OK4DYJ;B015OW3M1W;1680
R27191EB7KCEZP;B07WNK1FFN;5716
R2727E10ZHH72K;B076B8G5D8;6866
R272I3YE9KXOQX;B07S7DCJKS;4935
R272LVPQ9OGM0S;B09NL4DCXK;4069
R272LVPQ9OGM0S;B09T37CKQ5;4069
R272XKO2RCSBFJ;B09F6KL23R;3184
R274KY6VMEYJ66;B09NR6G588;1723
R2765UCQGUXR8Z;B00LY17RHI;6485
R276HYHWQ5B09O;B0B5ZF3NRK;5526
R276N47ZR7TWCM;B09GFLXVH9;5380
R276N47ZR7TWCM;B09GFM8CGS;5380
R276N47ZR7TWCM;B09GFPN6TP;5380
R276N47ZR7TWCM;B09GFPVD9Y;5380
R2775SLGU24T7V;B07N8RQ6W7;5156
R277DIP6RNNLR7;B07G147SZD;7281
R2782FIPC5T4KM;B0BMXMLSMM;5649
R2787ZH86GWL84;B08CTQP51L;6047
R278O60L9LLNGF;B078HRR1XV;5410
R278Z7QRKL9FVR;B00LHZW3XY;5700
R279Z47TD2BTW0;B09R1YFL6S;886
R27A6L849E7GSZ;B071113J7M;657
R27APYDW4ZMR7T;B08HLZ28QC;8406
R27B01SC9QAZKK;B09W9V2PXG;6369
R27B4L6ORUNWP0;B00KIDSU8S;1521
R27B8CDIU1PSLD;B07J9KXQCC;2299
R27BUVT5CYDJ4X;B0B3G5XZN5;5241
R27C4TPKHXYBRU;B09JS562TP;1338
R27C4TPKHXYBRU;B09JS94MBV;1338
R27C6A2VQ1DCPT;B09MB3DKG1;8044
R27C7F23ZUFG99;B0814LP6S9;6839
R27CJ1292FG4JG;B08MZNT7GP;3888
R27COSSPQBTUO;B0085IATT6;6820
R27D0SFEZ5LMSP;B081RLM75M;6238
R27FGZ9C2NRC3J;B0B9RN5X8B;4599
R27FPYAT4QN865;B07DWFX9YS;834
R27G7C06S1UGAV;B09XHXXCFH;1152
R27GLD21LM330R;B08MWJTST6;8380
R27GRSZF2YL5ZO;B07T5DKR5D;5394
R27HJ954EMEOQK;B0B5ZF3NRK;5263
R27HOGDG67KNQO;B083RD1J99;3801
R27HZ0L7SXVFCU;B00AXHBBXU;1171
R27JPBJL5CIARJ;B0085IATT6;7424
R27JZDVM9VS7Y5;B099K9ZX65;7644
R27KBQUHQTGHED;B01MQZ7J8K;1783
R27KFK4I73JLFE;B099SD8PRP;6838
R27KT7RSJUJ9WK;B094G9L9LT;1232
R27M4MEXR2CQKP;B08N6P8G5K;80
R27MAAIUO0M5EU;B08SKZ2RMG;2488
R27MK332LTT5KS;B07WDK3ZS6;8855
R27MK332LTT5KS;B07WDKLRM4;8855
R27MK332LTT5KS;B07WGPKMP5;8855
R27MK332LTT5KS;B07WGPKTS4;8855
R27MK332LTT5KS;B07WHQWXL7;8855
R27MK332LTT5KS;B07WJV6P1R;8855
R27MVISBFA27B0;B09MJ77786;7039
R27MVISBFA27B0;B09RWQ7YR6;7039
R27N3CJ0NTDZZ2;B01MUAUOCX;6151
R27N6D9QGKDDY2;B08TR61BVK;3328
R27NGUPGDT5O90;B09JFR8H3Q;6627
R27O0FPVNG63DK;B0762HXMTF;6997
R27OK7G99VK0TR;B096MSW6CT;7387
R27P97SD5T4MUX;B00LOD70SC;1136
R27PDPH941DJ28;B0BDS8MY8J;1953
R27PE0BR7AFI5K;B07NKNBTT3;7936
R27PTCIK04AE46;B014SZO90Y;3765
R27QM0PFEZ5LDE;B07SBGFDX9;3823
R27QQGJOAE6DGX;B0188KPKB2;297
R27R9HRO9LGATW;B0B8CB7MHW;4678
R27RDEPJ1W7VOQ;B086GVRP63;8122
R27S1KARCAPY6C;B09ZHCJDP1;8704
R27S4UNXONW7O4;B07JPX9CR7;5719
R27SHBAT3K3F1R;B09KNMLH4Y;8235
R27SWYIOUU9JGH;B07VVXJ2P5;624
R27TICJZP0IJZT;B097JVLW3L;4405
R27ULMSJKIY5YD;B09WRMNJ9G;5659
R27UPOY045409N;B08B6XWQ1C;6715
R27WMZV25K3TN1;B00J5DYCCA;696
R27X20M16J5I2V;B08CHZ3ZQ7;3233
R27X5G6UFUKCM9;B0B3RRWSF6;5304
R27X5G6UFUKCM9;B0B3RS9DNF;5304
R27X5G6UFUKCM9;B0B3RSDSZ3;5304
R27X89M6VNZAZ6;B08CNLYKW5;272
R27XB7WNFY9NJ3;B0BL3R4RGS;7193
R27XI4KBBS4CO0;B08ZJDWTJ1;3466
R27YXZVKCB0BHO;B09HN7LD5L;343
R27ZKRDRKTDH8Q;B0811VCGL5;782
R280BK653XF5IU;B0B84QN4CN;1979
R280FE6OS8V8I4;B09PDZNSBG;6890
R280XJ5VZUBOXV;B08WRWPM22;4625
R2810JGXE0FCK2;B08PZ6HZLT;3532
R281851EB9L5G6;B092BJMT8Q;3997
R281851EB9L5G6;B092BL5DCX;3997
R281851EB9L5G6;B0B15CPR37;3997
R281851EB9L5G6;B0B15GSPQW;3997
R281F6NM4QUQ2K;B01LWYDEQ7;5203
R281VFJGSFWPSV;B0763K5HLQ;1592
R282YHZ5A4GMY4;B085DTN6R2;7932
R283XBLNQ2SZ1E;B0BBMPH39N;2722
R2847VR34HZCCM;B07SY4C3TD;185
R284MA5RVLO6CF;B08RP2L2NL;4522
R284SZGRNQQXYS;B01LWYDEQ7;5658
R2851K7A34YYHT;B08FN6WGDQ;8612
R285X2YEP7XRRW;B094YFFSMY;3509
R285YUOW07EVMO;B0971DWFDT;8269
R2865Q514C2RZ7;B07PFJ5VQD;6407
R2865Q514C2RZ7;B07PFJ5W31;6407
R286TLT09XAP0T;B0B61DSF17;906
R287H4PDFLWV5;B0BBN3WF7V;3618
R287H4PDFLWV5;B0BBN4DZBD;3618
R287H4PDFLWV5;B0BBN56J5H;3618
R287NQW44CH5BZ;B00VA7YYUO;1178
R2888CE3TDHQMW;B0B1F6GQPS;5176
R2889VE9YMT0EZ;B00R1P3B4O;299
R288LHAQ8X9S9P;B07DXRGWDJ;8498
R28AU62UTEENY;B07M69276N;4133
R28AX5SR6R1EGR;B09X1M3DHX;2721
R28B2GC0X0RMKW;B09LV13JFB;8135
R28BCVQ1MKZP7S;B08ZJDWTJ1;5431
R28BGB7K15JUSW;B0BDZWMGZ1;4367
R28CT5JQ1R02CZ;B06XDKWLJH;1933
R28D154XP60HC3;B08CZHGHKH;6406
R28DMP1E79OWIH;B08BCKN299;7521
R28DOVGVW1QZXZ;B07S9S86BF;2321
R28DOVGVW1QZXZ;B08H9Z3XQW;2321
R28EG2PXZTJL90;B09C6HXFC1;2352
R28EUGRAUN436B;B078V8R9BS;6699
R28EVOHYE4S212;B07GXPDLYQ;2048
R28EZ6Q89SHMHD;B00NFD0ETQ;6856
R28FCAPCXM5BZJ;B08XXF5V6G;5882
R28FXK3KNQP51T;B01LWYDEQ7;8639
R28G1EME0HSGGY;B078XFKBZL;462
R28G1GQ4YWOYOX;B0B16KD737;6552
R28G51B8I2WH0N;B0B5V47VK4;3795
R28HD6AAAURKH9;B00LZLQ624;7218
R28HO0PSXETDRY;B09NNGHG22;433
R28I6WAWTMIYM4;B01MQZ7J8K;7717
R28IGDF71QMQZO;B0B21C4BMX;2500
R28IIWM1MJ40FD;B09Q3M3WLJ;1213
R28IU0P7UBCRG6;B07X963JNS;6053
R28IU0P7UBCRG6;B08HF4W2CT;6053
R28J7FISAIMQI1;B07VX71FZP;2514
R28JW2A6JPGERW;B09C6FML9B;4118
R28K4Y5JF23GNU;B01M6453MB;622
R28KMQ1TUV7E2Z;B00ZYLMQH0;5073
R28KN014376DH8;B00H47GVGY;1146
R28KTF1812QBSY;B00KIDSU8S;3080
R28LVJV0VALRCQ;B083RD1J99;4102
R28M0VG1XQJLQ3;B08L7J3T31;484
R28M2PKJ99LPKF;B00N3XLDW0;719
R28MH1Y6O92EOP;B00ZRBWPA0;1728
R28O8X64JYO82C;B082T6GVLJ;8689
R28O9QSWHZF2KK;B08BCKN299;1995
R28OJFR9T45794;B09PDZNSBG;3974
R28PL0MBBIPZ4K;B00ZRBWPA0;4687
R28PM4P5ZGL5B9;B00GHL8VP2;3778
R28PNX6EWUIWHL;B07GXPDLYQ;6810
R28QG0162ONGDW;B0746N6WML;916
R28QM0P3RHPNCA;B083GKDRKR;139
R28QMPIJNBM5OK;B09Y5FZK9N;7974
R28SCUN7KMQ9JC;B08JD36C6H;1791
R28SHHTDCYFLEK;B085CZ3SR1;8913
R28T406GWSUMTK;B0B9RN5X8B;539
R28TZ1RZWX14PP;B07B275VN9;8138
R28U78D29I6WST;B08MC57J31;5970
R28WD8ETADFIKR;B09J4YQYX3;2810
R28WM6HPG5V7YO;B09NR6G588;7144
R28YJ8VEV2B2GS;B0B5RP43VN;833
R28ZACVW980ACH;B0B296NTFV;8803
R28ZB0YUM6FKKB;B004IO5BMQ;5587
R2935VQS8956B4;B01N4EV2TL;2943
R293AKJY0KAYU2;B0883LQJ6B;3841
R294UWCBOTKD8H;B0141EZMAI;8713
R295JPL1432HLX;B096TWZRJC;4457
R295X0FTRQEG0P;B07QCWY5XV;89
R295X3QEGA7NS9;B07B5XJ572;6545
R296GRK7CYBW8R;B09GB5B4BK;7378
R2986V8U04JEIG;B07TXCY3YK;3767
R299I3R11BG6DW;B08Y5QJTVK;6759
R29A31ZELTZNJM;B00J5DYCCA;8167
R29A6Q7HZ6EA5U;B077BTLQ67;4212
R29AV9WKFL78NP;B07YSJ7FF1;2289
R29AVRAIY0C408;B09X7DY7Q4;5987
R29BRGAUN8KQJN;B09C635BMM;481
R29DSMGZH30105;B07DKZCZ89;184
R29ETP784D2XVE;B005LJQMCK;8054
R29ETP784D2XVE;B005LJQMZC;8054
R29F4J434SCT1D;B097RJ867P;7829
R29FE7S1YAMO8N;B0B3XXSB1K;339
R29FE7S1YAMO8N;B0B3XY5YT4;339
R29G2BHEEMZ8TK;B09J2QCKKM;3160
R29G5QZ1EZB3KF;B0B9BD2YL4;2552
R29GE7YKSLFUEI;B071113J7M;1304
R29GQ8L9MVSU6H;B0B9BXKBC7;7777
R29H4558OA57RW;B0B86CDHL1;3027
R29HIGIR59F1T6;B00LP9RFSU;7102
R29IBNM5TII6SZ;B09X5HD5T1;965
R29ILL57SN471R;B091KNVNS9;6496
R29J3JSPZYQYCM;B082T6V3DT;975
R29JQ2K07HBYIF;B09GB5B4BK;5428
R29JX6DV9W8CEX;B01N6LU1VF;511
R29L0E3P64C6H5;B09VKWGZD7;3902
R29MO5VSDLP6NL;B091V8HK8Z;6634
R29MV5DZH3FQBH;B097C564GC;2843
R29MVX7H69YMY5;B094JNXNPV;3221
R29OI40B53G6UK;B00N1U9AJS;5024
R29OJILEK4V1FH;B0B8CHJLWJ;5797
R29OYK770YQY7B;B01LYLJ99X;1983
R29P8YX2GHMMNH;B016XVRKZM;5029
R29PA6GTSHBZT5;B08VJFYH6N;8030
R29PDCDRZOK9OT;B092X94QNQ;2074
R29PWDI4WOF8FK;B00V4BGDKU;4848
R29PWDI4WOF8FK;B08FYB5HHK;4848
R29Q1VTK27KFLC;B09X5HD5T1;4030
R29Q5SDNP9JWZB;B09RFB2SJQ;5316
R29QNQJHONGFEU;B0758F7KK7;7214
R29R1TCYOAWFAX;B00C3GBCIS;7094
R29R3M1OPGKF30;B0BHYJ8CVF;8508
R29RRJ2OJ6GC7;B08J4PL1Z3;9012
R29RVFGNYHN850;B09LH32678;5586
R29RY4BYVG8N55;B0B3DV7S9B;2650
R29RZ6S6SY3H4F;B09LHYZ3GJ;2994
R29RZ6S6SY3H4F;B09LHZSMRR;2994
R29RZ6S6SY3H4F;B09LJ116B5;2994
R29TQDV31QHMAP;B09P1MFKG1;3651
R29U6K5WH64OHN;B00W56GLOQ;8620
R29VVCLZZLXMKP;B0B217Z5VK;1569
R29W5GFT7N67BK;B0B25DJ352;1929
R29WIAZC4ETAX2;B078JF6X9B;5365
R29WQI1TRENQIZ;B078JT7LTD;5484
R29YB9SHNRANAH;B09JSW16QD;1632
R29YF4D5Q0NB7T;B09SDDQQKP;4808
R29Z3ZW915UAB9;B09LV1CMGH;3426
R2A03DS956BN4T;B093ZNQZ2Y;3717
R2A08NUNO1EBI3;B07DGD4Z4C;5973
R2A0LOXVERHXL7;B09LQH3SD9;8610
R2A1KUYD1M88Q4;B00MFPCY5C;41
R2A1XQCL3IR2SO;B00Y4ORQ46;238
R2A3HU0CB8SUQ4;B07S9S86BF;1946
R2A3HU0CB8SUQ4;B08H9Z3XQW;1946
R2A5PNPNHKQH5X;B07B5XJ572;6162
R2A7MIUNOW8DOE;B08L5FM4JC;4693
R2A7MIUNOW8DOE;B08L5HMJVW;4693
R2A7MIUNOW8DOE;B0BDRVFDKP;4693
R2A7MIUNOW8DOE;B0BDYVC5TD;4693
R2A7MIUNOW8DOE;B0BDYW3RN3;4693
R2A98UDM7A9PQZ;B01HGCLUH6;2533
R2AAYZE6G6UIAU;B08L879JSN;3156
R2ACT45S9ER36B;B08RZ12GKR;127
R2ACTXOL3JK11B;B00LY12TH6;3859
R2ACU430AWSQ15;B08CDKQ8T6;2928
R2ACW4FTIVQJ77;B0BFWGBX61;5490
R2ACY9811MRUN5;B01M72LILF;2932
R2ADKUIQDNC4CS;B07JB2Y4SR;168
R2ADNFHJ2J8A7L;B07XJWTYM2;5966
R2AE3BN2Y58N55;B00NH11KIK;2132
R2AEYDZRIEO82E;B09X79PP8F;7580
R2AFW2I68NL7DV;B07Y9PY6Y1;8198
R2AH0ULO6G9Q9B;B00TDD0YM4;5492
R2AHAAVTJIDTY;B09MMD1FDN;3151
R2AHCTVOGP0T6P;B097R25DP7;4005
R2AHEFOKBSIJZ9;B0BDS8MY8J;2925
R2AJIRID0O5M69;B0989W6J2F;9008
R2AJM3LFTLZHFO;B07JGDB5M1;8172
R2AJM3LFTLZHFO;B07JH1C41D;8172
R2AJM3LFTLZHFO;B07JH1CBGW;8172
R2AJM3LFTLZHFO;B07JW1Y6XV;8172
R2AJM3LFTLZHFO;B07JW9H4J1;8172
R2AJM3LFTLZHFO;B07LGT55SJ;8172
R2AK0419W9GNNL;B0819HZPXL;2861
R2AKH69XQY8BY4;B08CF3D7QR;6388
R2AKI7N239TKC6;B094DQWV9B;5675
R2AMJ2PSF5B54Y;B009VCGPSY;6591
R2AMJOZKUX3Y7Z;B0759QMF85;8089
R2AMKG0A1IR98W;B08GJNM9N7;4672
R2AO8Y28HYFSGN;B077T3BG5L;7055
R2AOJHZMUZ7G2I;B08CNLYKW5;6704
R2APPRANV6IERZ;B0B4F1YC3J;8510
R2APPRANV6IERZ;B0B4F2TTTS;8510
R2APPRANV6IERZ;B0B4F2XCK3;8510
R2APPRANV6IERZ;B0B4F2ZWL3;8510
R2APPRANV6IERZ;B0B4F3QNDM;8510
R2APPRANV6IERZ;B0B4F4QZ1H;8510
R2APPRANV6IERZ;B0B4F52B5X;8510
R2APPRANV6IERZ;B0B4F5L738;8510
R2AQ3J8DYODY55;B0746N6WML;8856
R2AQW90XQ58J8X;B081RLM75M;5639
R2ARI9ILETH6A0;B09NY6TRXG;6199
R2ATCM75K287E3;B086PXQ2R4;6559
R2ATN54F3RWETQ;B0BP7XLX48;3861
R2ATOKYHEUA0RC;B084872DQY;4858
R2ATT3WQL0UB7P;B09RKFBCV7;5214
R2ATZMV7IH43ZE;B098R25TGC;2296
R2AU8713HTPVYG;B097MKZHNV;6086
R2AUA7VTJ8T109;B07WJXCTG9;2377
R2AUE6YKA26YXZ;B09KH58JZR;7249
R2AV4UYNGRE33Q;B07FL3WRX5;3296
R2AV85XOQ7KR6O;B014SZPBM4;8733
R2AV9AKW9EB7C1;B09ND94ZRG;42
R2AVU3XTD27ZHS;B07NKNBTT3;2910
R2AX7J603OWTJ3;B08YK7BBD2;2936
R2AXSATZZSSY51;B09Q3M3WLJ;1906
R2AYNKOODU7SLG;B07HZ2QCGR;2528
R2AZI4X0RQO5R5;B00935MGHS;7867
R2AZWSJDR22HBI;B07KSB1MLX;8812
R2B02VD2RPE2SE;B09L8DSSFH;8992
R2B1K6QHH8HZMB;B00LY1FN1K;6484
R2B1KPMU711L9C;B0BMM7R92G;882
R2B1S5L1253SQ9;B01LYU3BZF;3368
R2B2JBTK9WXMZZ;B07BRKK9JQ;4955
R2B2ZOL2SLVIWS;B09H7JDJCW;3394
R2B3DRF8V2A9QI;B095JPKPH3;3736
R2B3DRF8V2A9QI;B095JQVC7N;3736
R2B3FENTTL8FY5;B0BCKJJN8R;1849
R2B4QC6Z8AM7H1;B09LV1CMGH;5270
R2B50JTABPD6LS;B00YQLG7GK;2426
R2B57KUCWYWDKX;B09KGV7WSV;2871
R2B5VJALJVQ8RD;B08D77XZX5;5460
R2B7BEQ6YQOWVO;B0BMVWKZ8G;3628
R2B7M0U2JE9CCK;B09YV575RK;4900
R2B84AYCEVIUNW;B00H0B29DI;7649
R2B8DPA0SN9518;B0832W3B7Q;7893
R2B8M2FRBIDGX9;B00GZLB57U;7984
R2B9AWHBJL5Z8U;B0814ZY6FP;7722
R2BB93LFDY6684;B097R4D42G;561
R2BBEAL7JZWXYR;B00NH11KIK;5178
R2BCCQQCMW4X56;B00S2SEV7K;5823
R2BEEAB4R73028;B0759QMF85;2024
R2BF4IQECR3SFS;B00B7GKXMG;8666
R2BFUZH6EQZAEL;B08MV82R99;3655
R2BG3LFIR1DRUP;B07KCMR8D6;8981
R2BGICLNKXFAZH;B07JJFSG2B;8676
R2BGMFCU9XSZIO;B08VJFYH6N;4684
R2BI8BOVC79W95;B08WKFSN84;8756
R2BI8BOVC79W95;B08WKG2MWT;8756
R2BI8BOVC79W95;B09QGZFBPM;8756
R2BI8BOVC79W95;B09QGZM8QB;8756
R2BJFG3I9TAZ2P;B071SDRGWL;6466
R2BJFG3I9TAZ2P;B077Z65HSD;6466
R2BJFG3I9TAZ2P;B0974G5Q2Y;6466
R2BJNGYIXCJZR3;B09GB5B4BK;6404
R2BKJHDM07WI0G;B01LY9W8AF;8710
R2BKMSGC49JIFQ;B09YL9SN9B;8441
R2BLT775YXVSXH;B08QJJCY2Q;3276
R2BM7P8CHR65XC;B06Y36JKC3;8511
R2BMYAH01K8EG8;B08L5FM4JC;9038
R2BMYAH01K8EG8;B08L5HMJVW;9038
R2BMYAH01K8EG8;B0BDRVFDKP;9038
R2BMYAH01K8EG8;B0BDYVC5TD;9038
R2BMYAH01K8EG8;B0BDYW3RN3;9038
R2BN9ZX0H3ZQV2;B09BW2GP18;774
R2BO0XUUDY4ZA3;B01F25X6RQ;7356
R2BO0XUUDY4ZA3;B01F262EUU;7356
R2BOI1RPBGON4U;B078KRFWQB;6557
R2BP8Y5OJXKJLF;B08WRBG3XW;2783
R2BQB4B9QNZ12P;B0B2RBP83P;7177
R2BQHF6K2GYQV2;B08MCD9JFY;7807
R2BQKY1TVJYAS6;B00KRCBA6E;723
R2BQX0C2NBBJEX;B0B65MJ45G;7361
R2BQX0C2NBBJEX;B0B65P827P;7361
R2BR9VTFE775OW;B07RX14W1Q;6334
R2BSCK1PAXQ5NH;B0B84KSH3X;6009
R2BSID2R1SF0GZ;B08MVSGXMY;5640
R2BSJW1NHF0ZF2;B09JSW16QD;2873
R2BSLK9P1R33T2;B098JYT4SY;8019
R2BSNORS4S8Y5O;B09X5HD5T1;9032
R2BSV4B70RKKC8;B09TY4MSH3;2226
R2BSYUX6ABDXCI;B0B84QN4CN;2443
R2BT60BZIDC986;B09XXZXQC1;5591
R2BTB8CU6EX1ZM;B08Y5QJTVK;9046
R2BTEV9E0OA1I7;B00GZLB57U;3619
R2BTFTYIMXI30J;B083J64CBB;6347
R2BTLKVDN71QOW;B0B7NWGXS6;1035
R2BTUXHC0LJSK2;B084PJSSQ1;5736
R2BU1GS5HQQY33;B0978V2CP6;5126
R2BUNT9GM6PUP1;B07CWDX49D;6078
R2BUNT9GM6PUP1;B07CWNJLPC;6078
R2BUP3AXKYUHYP;B07N42JB4S;655
R2BVDAB2VQXQ5K;B07GMFY9QM;2669
R2BW4R43F7KEE6;B099PR2GQJ;6576
R2BX7280T023IK;B08WJ86PV2;8210
R2BXIXVBJUUUEC;B0B2DJDCPX;8542
R2BXJ480ZVSUMH;B00ZYLMQH0;6335
R2BYIBOB1SJCU5;B08ZJDWTJ1;4327
R2C00975BDT0FR;B07WGPBXY9;5166
R2C24XAHB09570;B08FD2VSD9;6331
R2C43NGT4YSFCZ;B0B2CZTCL2;1616
R2C462047AF3K7;B082T6GXS5;611
R2C46FNV1C79UY;B0BCYQY9X5;4376
R2C4N2ZWWBBNEY;B0B466C3G4;8861
R2C4V03DG7EDWE;B0B86CDHL1;5415
R2C4X2752MM324;B00LVMTA2A;662
R2C4XEWFLVU7JV;B08DPLCM6T;2980
R2C53N1IKIMU1I;B08LW31NQ6;4278
R2C54R87M3BF97;B08WRKSF9D;4495
R2C592PD3BYYQH;B09FPP3R1D;4023
R2C5DX0ZNNX7Y5;B01J0XWYKQ;6649
R2C5MD2U054FTI;B08TR61BVK;7924
R2C5QG39XNO5MS;B0BHVPTM2C;200
R2C5SUFAIFCKV9;B07SBGFDX9;8867
R2C6HW90SHJ7B;B08XXF5V6G;4205
R2C6TUBM6IVLB0;B0B9BXKBC7;1633
R2C6XBMID12B8B;B08MZQBFLN;6807
R2C7MCJCGZE9XH;B083GKDRKR;4555
R2C7WEVAS7L3VM;B0811VCGL5;6855
R2C96SQWZU7SM4;B07F6GXNPB;5059
R2CBZ8US6D3TFW;B076VQS87V;2273
R2CCAIITXBUWWK;B097XJQZ8H;3400
R2CDPRTPCIO5H4;B08JMC1988;5925
R2CEQPEZJ0VDR2;B08L4SBJRY;205
R2CGJ2P2BBLM08;B09MZ6WZ6V;3697
R2CGNL0P1F07CF;B07W4HTS8Q;3922
R2CGSX3HLMIJZL;B081B1JL35;8757
R2CGUT8QR29GBL;B088GXTJM3;5267
R2CHW3XC8GDNT5;B07YR26BJ3;2962
R2CITAVLIYLHU7;B09XB1R2F3;6232
R2CIXVM89ZQOMB;B08WRKSF9D;3039
R2CJE6HW5IT8NP;B09C6FML9B;6706
R2CKGXKYTAVL1F;B00O24PUO6;7501
R2CKMKVZVLVGEN;B08G28Z33M;5030
R2CKRVI3RAKV3R;B0814ZY6FP;8205
R2CLAZMKKPEP0Y;B07L3NDN24;6413
R2CLET51I4B6OT;B0BP18W8TM;6507
R2CN1JTT7L1C7H;B0B5YBGCKD;478
R2CN3CX7SGEWDK;B01GGKZ0V6;6093
R2CN3CX7SGEWDK;B01GGKZ4NU;6093
R2COFUCWX7JY7G;B09MKG4ZCM;1544
R2CONBLYQT7R1K;B09NNHFSSF;5204
R2CPF8A0YDYQRE;B082T6GVLJ;6897
R2CQA45JW6KW09;B01IOZUHRS;4820
R2CQDP0G85P8C0;B0BQ3K23Y1;7685
R2CQXUNYCW3XME;B078KRFWQB;416
R2CR72CAK85YA7;B083GQGT3Z;8001
R2CREC0HRFEXPQ;B09NL7LBWT;7904
R2CRRWR0OSA7BG;B08C4Z69LN;2636
R2CS3O3RBOMTFP;B09YL9SN9B;182
R2CT4DH25YL8VY;B09BN2NPBD;2156
R2CTSF9ABMHN6C;B09NBZ36F7;7887
R2CTTQK8YU774X;B09HCH3JZG;5452
R2CU03OULJTK2A;B09V12K8NT;6052
R2CU03OULJTK2A;B09V175NP7;6052
R2CU03OULJTK2A;B09V17S2BG;6052
R2CUG4B7G56O7U;B08H6B3G96;5979
R2CUWR6SL0MMRR;B0B3RRWSF6;6106
R2CUWR6SL0MMRR;B0B3RS9DNF;6106
R2CUWR6SL0MMRR;B0B3RSDSZ3;6106
R2CV8RLRP5J7O5;B07QDSN9V6;4213
R2CVEAXB0MKT2Q;B0B97D658R;6382
R2CWMUCMP4HSPD;B09X1M3DHX;2640
R2CXLZ0YOR6NZU;B01D5H90L4;7537
R2CXQLO9ZQRV83;B095K14P86;2036
R2CZ99K13VTGRS;B07LFQLKFZ;4570
R2CZAG8WC0MD86;B0BCVJ3PVP;3044
R2CZP30I91CUT0;B09MTLG4TP;3215
R2D0IWLH03TPH7;B07PFJ5VQD;510
R2D0IWLH03TPH7;B07PFJ5W31;510
R2D1HX7B0ZNR2Y;B09P8M18QM;4655
R2D1O37R5BY6XH;B0B2DJ5RVQ;8794
R2D1S7Q52J4VXW;B08MZNT7GP;6193
R2D2D3D80JZBY3;B0085W2MUQ;3785
R2D2Z6QVL2FXNO;B07DJLFMPS;910
R2D3JX3CMCDYQ7;B08JV91JTK;4818
R2D3UNSYPKZPEU;B097R2V1W8;2211
R2D4YWF3QBKU80;B08QDPB1SL;4802
R2D5P5WYK76VHV;B00VA7YYUO;6341
R2D6A4CJSX81YP;B0BCKWZ884;5779
R2D6O5GY374HUI;B075S9FVRY;3125
R2D6WQYG47AV4E;B07MKMFKPG;1176
R2D7IYLDOK44OG;B0BBLHTRM9;1944
R2D7LP2EBIX3W8;B09C6HWG18;141
R2D7V4YKNKCXD4;B09KNMLH4Y;4340
R2D7WN5M1VMOJZ;B00VA7YYUO;3523
R2D84AXLIIYENV;B08C7TYHPB;136
R2D852O0DSZ1EG;B09DL9978Y;4954
R2D85FE1SVH9R7;B099Z83VRC;2603
R2D87CR9APLU6W;B075TJHWVC;439
R2DAUOO2F29H20;B09LRZYBH1;8785
R2DB9HD4SGR8PU;B0083T231O;6048
R2DBDFFUMF72A7;B095X38CJS;8107
R2DBKFMLI7ZC68;B01N4EV2TL;8695
R2DBNW5O341SEP;B099PR2GQJ;4556
R2DCCCB33HJNSM;B099PR2GQJ;6092
R2DCCZWUGI0O0K;B0BR4F878Q;6589
R2DCFXQMUNO93L;B083342NKJ;5667
R2DCMA2LKZOX95;B08L879JSN;7399
R2DCP4Q11B1C32;B09NTHQRW3;8758
R2DD2M5YARW7R2;B071Z8M4KX;2444
R2DD2M5YARW7R2;B07GPXXNNG;2444
R2DD2M5YARW7R2;B07GQD4K6L;2444
R2DDDGG3PWCLY2;B09YV575RK;7871
R2DDR8ZR4YXV8M;B0B9959XF3;700
R2DDR8ZR4YXV8M;B0B997FBZT;700
R2DEONSP7S2QXE;B07WVQG8WZ;4136
R2DFA3EK07XPQO;B0B25LQQPC;3762
R2DFBJB0TJUK4H;B084MZXJNK;4235
R2DFBJB0TJUK4H;B084N133Y7;4235
R2DFCN1ASN82RE;B00PVT30YI;169
R2DFHKY9SQTXGF;B0BD3T6Z1D;1034
R2DFHZQ2DIC252;B083M7WPZD;8829
R2DG09GG88T9WZ;B09J2QCKKM;692
R2DG70LW5AVK2U;B0BL11S5QK;2129
R2DH2MLDOFTD73;B08M66K48D;2163
R2DH3Z46FTCXQ8;B071Z8M4KX;9045
R2DH3Z46FTCXQ8;B07GPXXNNG;9045
R2DH3Z46FTCXQ8;B07GQD4K6L;9045
R2DHJONKVFGM3R;B08PFSZ7FH;2236
R2DHPJ5GKKTVRH;B01KK0HU3Y;8809
R2DHTJGY77MOP0;B0BM9H2NY9;4482
R2DHVCKWVHZBDL;B09X5HD5T1;6652
R2DIHIFERXYMB;B09LQQYNZQ;823
R2DIHMHOPYEASB;B01M4GGIVU;6544
R2DIHMHOPYEASB;B01M5967SY;6544
R2DIUZDH7Z3QB2;B0BHYJ8CVF;8217
R2DJOU9710152I;B0B8VQ7KDS;4523
R2DJXMAU9UMPGI;B09FHHTL8L;7502
R2DJYKMFRAQOTE;B08ZN4B121;357
R2DK49S02V1UFR;B07VV37FT4;7920
R2DKEWKEV812QE;B07HZ2QCGR;2947
R2DLBUT9R8P3K4;B08LPJZSSW;6789
R2DLIVX26S8EQB;B09WMTJPG7;653
R2DLNWVOG65T2N;B08F47T4X5;2309
R2DMKIBGFKBD6R;B0789LZTCJ;6578
R2DMKIBGFKBD6R;B07CRL2GY6;6578
R2DMKIBGFKBD6R;B08HDH26JX;6578
R2DMKIBGFKBD6R;B08HDJ86NZ;6578
R2DMLU5SLI59HR;B08PKBMJKS;6118
R2DMS9H5A7V306;B0759QMF85;6929
R2DNNWQ9ROEWKT;B06XR9PR5X;8860
R2DNZV0AH311P1;B085HY1DGR;7949
R2DO6A5Z7D5XSI;B0BM9H2NY9;6846
R2DOHSMCOKMG28;B09ZQK9X8G;7124
R2DPWOUGJP73L1;B09H7JDJCW;4723
R2DQH059GA5LFM;B095244Q22;8083
R2DQHH5ZDEIZF7;B015ZXUDD0;319
R2DRK3ADKHLE1X;B08B6XWQ1C;6326
R2DRWDUDK4VP5J;B0814ZY6FP;5346
R2DRWYU4KRZG8M;B00LVMTA2A;6945
R2DVBD9OKCAEB5;B015OW3M1W;1524
R2DVP7WSMPM39C;B00P93X6EK;6156
R2DX0NQ3S7KOQ4;B07SPVMSC6;4466
R2DX8OAP0HXXWP;B009DA69W6;3042
R2DXZK9Y1QZKSU;B07QMRHWJD;614
R2DY63XZUWM7SE;B09SZ5TWHW;6125
R2DYRNTDPPD8A5;B092BJMT8Q;79
R2DYRNTDPPD8A5;B092BL5DCX;79
R2DYRNTDPPD8A5;B0B15CPR37;79
R2DYRNTDPPD8A5;B0B15GSPQW;79
R2DYRVQL68LUYF;B01C8P29T4;1004
R2E0N8Q0ZQM9N9;B08NCKT9FG;5780
R2E0N8Q0ZQM9N9;B0974H97TJ;5780
R2E19RVGQBXFIY;B00P93X2H6;509
R2E1CJLY710609;B081RLM75M;8778
R2E1X7DV8KUF1D;B083GKDRKR;4830
R2E243OBZNQZ4Q;B09XJ5LD6L;6069
R2E2HQUWWCQ7KQ;B09GB5B4BK;1080
R2E2LEW31FG8SL;B08CGW4GYR;1396
R2E39V9PQNSKB2;B0BD92GDQH;6590
R2E3GV1LFGQNFD;B01FSYQ2A4;4315
R2E3PSSWPOJU6N;B07PR1CL3S;7015
R2E6IQWP86JIVZ;B09NVPJ3P4;1093
R2E6IQWP86JIVZ;B09NVPSCQT;1093
R2E6IQWP86JIVZ;B09PNKXSKF;1093
R2E6JL1IPA492E;B00GGGOYEU;5867
R2E769627S4MC8;B01L7C4IU2;4770
R2E80AM1QM7WZ3;B07ZR4S1G4;6752
R2EA2LLSJBRXSC;B0BHYJ8CVF;3139
R2EAC2MQLUOE2O;B086X18Q71;7050
R2EAVEVO5QBCY0;B015ZXUDD0;283
R2EBVBCN9QPD9R;B08L7J3T31;7532
R2EBVOLHYZ8SFR;B09HSKYMB3;6531
R2ED9VEPT3A38F;B00B3VFJY2;583
R2EDFUKTI01DH4;B07QMRHWJD;2157
R2EDFZCXSNQL9Q;B0762HXMTF;7217
R2EEDDUJ9LA2DH;B01J1CFO5I;5638
R2EEZPKARXPCYZ;B07L3NDN24;4793
R2EG04BF78FCDN;B083RCTXLL;7688
R2EG8VXH3ETPXA;B0BHNHMR3H;5002
R2EGC3B1JJ6BTS;B006LW0WDQ;6852
R2EGEMPWBI2FRM;B07VQGVL68;4595
R2EGRR8ALL59DZ;B09FPP3R1D;1756
R2EH4DVWTBAL9C;B071R3LHFM;8341
R2EH8HEJYFWVY1;B084872DQY;1145
R2EHU8YIKILQCE;B07B5XJ572;5787
R2EI5EUGGANOP4;B08SKZ2RMG;2260
R2EI8C7FUKOSDO;B09DG9VNWB;531
R2EIJACLUEEYUJ;B0798PJPCL;7041
R2EJHR16R59BAG;B09X5C9VLK;1713
R2EJIN3N3L3XKI;B002PD61Y4;4972
R2EJWWUBGMPY0A;B09P22HXH6;358
R2EKZLAZBSNIGH;B07Y9PY6Y1;3814
R2EL6RDO42L8HA;B0BJ966M5K;1837
R2ELNQ06PADW2K;B07R99NBVB;6389
R2EMG0GIWX7GP5;B0BNDRK886;8003
R2EMWU4SGRHF3S;B09WMTJPG7;1381
R2ENIZDLLQ21KM;B0B53NXFFR;7500
R2ENIZDLLQ21KM;B0B53QFZPY;7500
R2ENIZDLLQ21KM;B0B53QLB9H;7500
R2ENRB8YO7Y4S1;B08CYNJ5KY;5159
R2EO7OYSWLOBAW;B09Q8WQ5QJ;8593
R2EOV466KP2TSZ;B09KRHXTLN;2229
R2EP7R64E7CH21;B07JNVF678;4828
R2EP7R64E7CH21;B07JPJJZ2H;4828
R2EPGPZGPWXR4I;B0B5ZF3NRK;2098
R2EQ2SIE31EKP;B08DCVRW98;7189
R2EQ5AV50NYVRH;B0188KPKB2;4584
R2EQHF2D3V0YAL;B08MC57J31;2133
R2EQZSSQHG60ET;B0B244R4KB;4925
R2ERM6UKGXZ0JU;B0188KPKB2;6322
R2ESITUL5GM8WX;B00K32PEW4;8930
R2ESL9C3ALANVE;B0BMGB2TPR;2912
R2ESL9C3ALANVE;B0BMGB3CH9;2912
R2ESL9C3ALANVE;B0BMGG6NKT;2912
R2ETD6AVA4AFF1;B095X38CJS;4940
R2ETO1K77ZMSKV;B009UORDX4;6775
R2EUN4CN98ASSR;B08VF8V79P;8226
R2EUWEVREWQ4SL;B08S74GTBT;5378
R2EVEPEGBDK0GS;B07DJ5KYDZ;6974
R2EVJ2LKLX2AAJ;B07GLNJC25;5111
R2EVYBZOHRZ8NQ;B09NVPJ3P4;3614
R2EVYBZOHRZ8NQ;B09NVPSCQT;3614
R2EVYBZOHRZ8NQ;B09PNKXSKF;3614
R2EWX5R32OVIH5;B07DZ986Q2;4072
R2EX9GSKA1K6IA;B09F6KL23R;32
R2EXF5TBUFMEKO;B07VV37FT4;9031
R2EY9BADLVG0NC;B07Q7561HD;1287
R2EYE183J6PMG0;B00KXULGJQ;6731
R2EYFONXLL6M0H;B00LHZW3XY;5326
R2F0F9H707NNWH;B085LPT5F4;3858
R2F0IBB2PGO45G;B0B84QN4CN;1518
R2F1RVL1LCI2S;B078JDNZJ8;1852
R2F1YTVX9WS0TS;B09RQRZW2X;2995
R2F293IOSSP7QX;B0B12K5BPM;8717
R2F2DGJQPO0B5T;B07Y5FDPKV;1375
R2F2GEQ7YAXRSD;B08VJFYH6N;7313
R2F33G5FCPMU0I;B07LFQLKFZ;4117
R2F3ACPBFRCFSK;B082T6V3DT;1001
R2F41WQEBTUTFF;B07LFQLKFZ;9024
R2F6GC79OYWUKQ;B002SZEOLG;376
R2F6GC79OYWUKQ;B0088TKTY2;376
R2F6GC79OYWUKQ;B008IFXQFU;376
R2F6HAXHI2E0QM;B085LPT5F4;9019
R2F9BO4HLTQ6YH;B07MKMFKPG;3537
R2FADI2UFYIDMF;B00P93X0VO;765
R2FAY534DIE3GK;B0B1NX6JTN;4646
R2FBEMK4172QZP;B07WHS7MZ1;5285
R2FBEQYGE0TH2P;B07WG8PDCW;2114
R2FBLIQAWQ0OB1;B098JYT4SY;65
R2FCIF9RYZF42Z;B07VQGVL68;4652
R2FF1108INS5GV;B09YHLPQYT;4075
R2FFZ4RWVYRVJO;B09VL9KFDB;172
R2FG5ZQ7455JA9;B09JFR8H3Q;619
R2FHGVLNMCEDS3;B09NY6TRXG;2325
R2FHIBV8JE4CTB;B0B53DS4TF;6646
R2FHT8TJPYXUVB;B07N8RQ6W7;405
R2FHZN2WCMLBOH;B08CNLYKW5;5900
R2FI0QR1J4J704;B09XBJ1CTN;7615
R2FI87586PEKJ8;B09J2QCKKM;7946
R2FID5PFZZFEMW;B07WDK3ZS2;2623
R2FID5PFZZFEMW;B07WFPMGQQ;2623
R2FID5PFZZFEMW;B07WHSJXLF;2623
R2FIM2IXDA4XI9;B07RX42D3D;98
R2FIRLO44T48YT;B09FHHTL8L;2553
R2FJDY45GI3UEC;B09TBCVJS3;6831
R2FJI6OH7CFVRL;B08BCKN299;8489
R2FJWWKXNWRCSL;B00W56GLOQ;5021
R2FKC4BNR12YR;B0B25DJ352;1875
R2FKC4JNAQC8XB;B07QDSN9V6;7475
R2FKWWTI7HS55I;B075S9FVRY;2205
R2FLP6EL0L0JOS;B01EY310UM;1842
R2FLPV0UUUZ7N9;B0B56YRBNT;4383
R2FMLW4ZS4UMFX;B097R3XH9R;6664
R2FMPKQXCZIRV1;B09BVCVTBC;441
R2FMPKSMQSCODD;B08GJ57MKL;392
R2FNCOSNHKOTQI;B07Z53L5QL;8451
R2FNNM6IUQZGWK;B09GBBJV72;3758
R2FNV0NZDLWHE;B008P7IF02;850
R2FOHIRKITGEFQ;B079S811J3;2194
R2FOPD4PXWCP5N;B01NBX5RSB;7349
R2FP9LR97EC5QQ;B00GGGOYEK;5264
R2FQGWWXRQC54V;B01D5H8ZI8;3198
R2FRTNIIUFJE1F;B08WRWPM22;7522
R2FRXL54AFATWQ;B08K4PSZ3V;4620
R2FRXL54AFATWQ;B08K4RDQ71;4620
R2FRXUVIUPO3JD;B09BF8JBWX;2060
R2FS78A2WRAN90;B00H0B29DI;345
R2FSR8AVBBDIQK;B07YNHCW6N;1535
R2FT933TABEB7O;B09GP6FBZT;4319
R2FUR9B0B9PHCM;B0BMTZ4T1D;6708
R2FV708D23KCXU;B00B3VFJY2;3605
R2FW55EB4WH4HM;B0BLC2BYPX;6670
R2FWC32CELK3AN;B08Y7MXFMK;954
R2FWJPPT7MVMW0;B07MP21WJD;8662
R2FX53CQOLKI7A;B0B1NX6JTN;389
R2FXP703540FR1;B08L5FM4JC;8039
R2FXP703540FR1;B08L5HMJVW;8039
R2FXP703540FR1;B0BDRVFDKP;8039
R2FXP703540FR1;B0BDYVC5TD;8039
R2FXP703540FR1;B0BDYW3RN3;8039
R2FXWK6LTYKG4J;B08TZD7FQN;788
R2FY1Z66KZXJWD;B0B3N7LR6K;8412
R2FY1Z66KZXJWD;B0B3NDPCS9;8412
R2FZGTY0F38C1H;B0B7FJNSZR;3128
R2FZMTECL2LFIB;B0BDZWMGZ1;5485
R2FZPC9CVOXDZW;B0B2DD66GS;1369
R2G0ZT4JQX322I;B01486F4G6;5282
R2G24JXNCEDY5G;B07LDN9Q2P;9013
R2G2OFHFR3409U;B09Q8WQ5QJ;58
R2G3RRE7N560V7;B09C6HWG18;2531
R2G3S1O4BOU5BM;B08TDJ5BVF;6799
R2G3S428HL7HAI;B08VF8V79P;1614
R2G3VN5XLQYOVV;B08498D67S;3967
R2G4T57OLXDVPL;B0B9XLX8VR;8947
R2G4T57OLXDVPL;B0BC8BQ432;8947
R2G5PWMPUJRZK5;B00LP9RFSU;449
R2G5RVERUGUY9G;B07DXRGWDJ;2061
R2G63AMNXO48U6;B00LXTFMRS;554
R2G64QBZXNF1G2;B07JGCGNDG;5043
R2G6GUH2R64F4D;B0B2C5MJN6;1750
R2G6M5QQR22IYA;B07Q7561HD;150
R2G6SFWPU9FYII;B09ZK6THRR;4843
R2G7L7325PDXOX;B08ZN4B121;2715
R2G97CU5VMMLET;B082T6GVG9;3592
R2G9JVE83IVFIQ;B08SJVD8QD;6611
R2G9RHDQN3S511;B0B6BLTGTT;8744
R2GAKH6NBQPCFV;B00URH5E34;1653
R2GAKVFK8VGD8L;B07LDN9Q2P;4449
R2GAN84BM7PMBE;B01GZSQJPA;2527
R2GAR49XG4B2MR;B07FL3WRX5;6372
R2GAWVA9AW8ERQ;B09NNHFSSF;2162
R2GAXBVB8VNNFW;B07KR5P3YD;7690
R2GBEWZ5FISS7X;B01M6453MB;651
R2GC03W48T3IJR;B09T3KB6JZ;4988
R2GCTRSIEHHNXA;B0718ZN31Q;2050
R2GD8H370XJ574;B09G5TSGXV;4639
R2GDAM50Z413JN;B0B3MWYCHQ;2503
R2GE3ZI47UVVO;B01M4GGIVU;2361
R2GE3ZI47UVVO;B01M5967SY;2361
R2GEEMC0X545J5;B09ZTZ9N3Q;4752
R2GEJ1MJF28QVM;B07MDRGHWQ;3932
R2GEJ1MJF28QVM;B07MKFNHKG;3932
R2GFFY2F5H41KG;B08L879JSN;4307
R2GFGRPUJPI039;B08FD2VSD9;4350
R2GFTD22MUWJXJ;B00LY17RHI;1058
R2GGV4P4HG0X8B;B00F159RIK;82
R2GHLGUZHUPKYI;B0B4SJKRDF;676
R2GHXYM6OGD6TQ;B0B54Y2SNX;5115
R2GIERTOOHJ61Y;B01N6LU1VF;7870
R2GIICLDTZPU3N;B08PZ6HZLT;1204
R2GIXW3HN4LKA4;B09JFR8H3Q;8762
R2GKER5LJ744AO;B0B9LDCX89;6134
R2GKH9JNW12AKY;B06XGWRKYT;5240
R2GKWK7SWXRZHR;B09LV1CMGH;6607
R2GLOHTJX5OYOQ;B085W8CFLH;6110
R2GML0ZIF4G3XG;B08W56G1K9;5566
R2GMM9FNW2M5Z0;B0B2C5MJN6;3412
R2GN5SX03J3GX6;B09MTLG4TP;6647
R2GO21J4ID21ZA;B08LT9BMPP;4249
R2GO2QUMZFP1CS;B078HRR1XV;2097
R2GO349RJ2IVKJ;B09HS1NDRQ;3493
R2GO75L7U86Z1V;B07GVR9TG7;5792
R2GO7U6SPLE8AJ;B09FHHTL8L;6803
R2GOHLBL7K97JD;B009P2LITG;6146
R2GOTOGR1W1XL9;B09MTLG4TP;6206
R2GPPUURLGA92X;B097XJQZ8H;255
R2GPXUN1O93HXF;B0B2DD8BQ8;8211
R2GQRTFL155XI7;B09L8DT7D6;429
R2GR5HNF37OK9H;B097R2V1W8;7346
R2GRUN8Y7IDUPT;B016MDK4F4;8796
R2GS46H4UYEI4U;B078JBK4GX;1416
R2GSFMREX0SZF0;B08461VC1Z;8844
R2GSMFZARPURF8;B07FXLC2G2;6428
R2GSWL2NSJI166;B098R25TGC;187
R2GUL8IL005EGF;B07P681N66;7477
R2GUL8IL005EGF;B0859M539M;7477
R2GUT54B310MIN;B08TTRVWKY;666
R2GUTP55B1ZKUM;B0B5F3YZY4;5811
R2GUYHS0CU32OU;B00LZLPYHW;6127
R2GVGI7SXLDIW9;B09TY4MSH3;969
R2GVIPC51M5OO6;B093QCY6YJ;5690
R2GVOJLXANNFG2;B07TCN5VR9;610
R2GWGCF8S3OWCN;B0BBMGLQDW;798
R2GWHK7KGBQ6DM;B07WVQG8WZ;5883
R2GWMPGA1WXZ80;B08JMC1988;6840
R2GX29CH20R2HN;B07D2NMTTV;7972
R2GX99LZCQPVTB;B00LY1FN1K;8735
R2GXFJHTKM6SQ5;B09LV1CMGH;3694
R2GXKYBJXNF3HR;B074CWD7MS;505
R2GY2F5IO2PURC;B08D64C9FN;4653
R2GYKQI0LU6PCG;B0BHYLCL19;8433
R2GYN2RG5YXY61;B07VZH6ZBB;4857
R2GZHWNGVMBJFG;B09NS5TKPN;5110
R2GZZ3WYE0JJYA;B09YLX91QR;6420
R2GZZ3WYE0JJYA;B09YLXYP7Y;6420
R2GZZ3WYE0JJYA;B09YLYB9PB;6420
R2H0C10WNGAU00;B09P182Z2H;3006
R2H0NX7RGGBP17;B08GYG6T12;7078
R2H0S2S7BMUIHH;B092R48XXB;109
R2H176Z5380NWJ;B0B82YGCF6;971
R2H2ELE1DG24VY;B09VCHLSJF;5311
R2H2ELE1DG24VY;B0B3MMYHYW;5311
R2H32V6C3AL47P;B09FKDH6FS;7406
R2H35ITTKGQLBH;B0B9BXKBC7;6658
R2H3LRA8OB7ZUF;B016XVRKZM;3309
R2H3P9OSLWFRSE;B08JKPVDKL;6328
R2H3UO33625F4U;B096VF5YYF;7878
R2H41QRZLGX98E;B00LHZWD0C;7586
R2H4C76KXFUF5N;B09KRHXTLN;5206
R2H4GF8D9IBB7W;B07924P3C5;2256
R2H4OG72VGEPXR;B01LY9W8AF;8293
R2H579I6NH2BT7;B088ZTJT2R;2930
R2H5SF6IVR6BJT;B07DJ5KYDZ;952
R2H5VGCES0DGQY;B00TI8E7BI;7848
R2H68423RYLXB;B009UORDX4;7104
R2H6JE1EKT8ABD;B07Z1Z77ZZ;5239
R2H6STN8H1XVSE;B07RX14W1Q;1389
R2H8MA3JJ3KWBS;B00JBNZPFM;8595
R2HA5H3EQB936G;B09NTHQRW3;8743
R2HA8IL3LD2XPI;B008QS9J6Y;1328
R2HAE08L30C2AN;B07NC12T2R;3738
R2HALNEM14EW7P;B09CMP1SC8;1373
R2HBA84L1S9KKW;B01NCVJMKX;4753
R2HBDV18FAU41T;B08Y5QJTVK;5653
R2HBGO0MHSNQ7B;B07FJNNZCJ;3749
R2HEFVEAZ8AIWT;B09ZPJT8B2;3025
R2HEJVRW7X3SPT;B00H3H03Q4;5095
R2HES1EME0OXU4;B09V12K8NT;4493
R2HES1EME0OXU4;B09V175NP7;4493
R2HES1EME0OXU4;B09V17S2BG;4493
R2HF7T1QUVDRRY;B01L7C4IU2;8197
R2HFE6XNQS0UP8;B0B84KSH3X;7222
R2HG9API98AHDB;B08243SKCK;401
R2HHF3YVPUJ5KJ;B07TMCXRFV;4624
R2HHNNLIN82NKF;B0BDS8MY8J;2406
R2HI3320WX2KM4;B09B9SPC7F;3826
R2HI4MKCC9V5CH;B08WWKM5HQ;8854
R2HIE7XFOYE3GL;B0971DWFDT;281
R2HJ4MWS6TL6WQ;B00LUGTJGO;8526
R2HJ98L0OHC1I4;B00URH5E34;2713
R2HJLACK6M123R;B09474JWN6;5291
R2HKEZ0IYD1DZ9;B07H3WDC4X;3750
R2HLEU219CZ1TH;B09BN2NPBD;7362
R2HMI9LDLJ1S2Y;B0B5B6PQCT;4550
R2HMI9LDLJ1S2Y;B0B5CGTBKV;4550
R2HMI9LDLJ1S2Y;B0B5D39BCD;4550
R2HMI9LDLJ1S2Y;B0B5DDJNH4;4550
R2HMMLCLTHHYZ9;B09SPTNG58;5199
R2HMOFBLHZ3014;B09KH58JZR;3262
R2HMQ0VOKWQ62Y;B08W9BK4MD;6615
R2HMU574902EOQ;B0B3N7LR6K;6635
R2HMU574902EOQ;B0B3NDPCS9;6635
R2HNYWLYAUUF0;B01N4EV2TL;5010
R2HO7NRHHFVU0C;B00F159RIK;201
R2HOIOV2PZY6Y0;B07F366Z51;6861
R2HOQ536IJUJM4;B07H5PBN54;1598
R2HOVG7RABKNQ7;B099S26HWG;1131
R2HOVLX6WT4I6J;B07V5YF4ND;6603
R2HOVN3GT9RJUX;B09P8M18QM;7792
R2HOVRWP63K3OL;B0B5ZF3NRK;7058
R2HR4PDE372C8Y;B01I1LDZGA;3162
R2HRBMPLK36A97;B07JZSG42Y;85
R2HRFJXDH2U2QF;B0949SBKMP;1691
R2HRVWXBERG050;B08KS2KQTK;5047
R2HS8RN6NBKP6Z;B09YV4MW2T;6033
R2HSDBDLRKBOC0;B09DG9VNWB;1285
R2HSP5VBSX6NB1;B08W9BK4MD;6936
R2HT0UTCAOMW1J;B0B9BD2YL4;7397
R2HTAIZTX7XKXG;B09BW334ML;223
R2HU0UF6QY4WZD;B08SBH499M;362
R2HU2LG1GPCLZ8;B01D5H8ZI8;2291
R2HUKS6PKBE2AM;B08N6P8G5K;3212
R2HWABS4MOVI9G;B078V8R9BS;4516
R2HXBI1ECJPV3J;B09KNMLH4Y;6754
R2HXC35HKL6S3E;B0B3RRWSF6;6931
R2HXC35HKL6S3E;B0B3RS9DNF;6931
R2HXC35HKL6S3E;B0B3RSDSZ3;6931
R2HY1V6QTTUTAQ;B09HK9JH4F;5982
R2HY1V6QTTUTAQ;B09L835C3V;5982
R2HY811H3E3G6S;B0B3TBY2YX;2822
R2HYUYSA0VS4ZY;B0765B3TH7;6402
R2HYWH5XCPCXT4;B09HS1NDRQ;3359
R2HZ5T2XT2798Y;B01MQZ7J8K;6716
R2HZAE8933X17E;B00ABMASXG;7650
R2HZEV0BNY3064;B07JF9B592;6450
R2HZN4EOJBDZU2;B0B1MDZV9C;5584
R2HZOPWZKCIJXD;B081B1JL35;8168
R2HZX52OZX1DSZ;B008YW3CYM;118
R2HZYR1RYPYEVR;B08SBH499M;3898
R2I07NZ3TO67ZS;B09Q3M3WLJ;755
R2I0H4HLC84J5K;B09P22HXH6;9033
R2I0MJPJI6FOIE;B07966M8XH;8946
R2I0URMKJL9FJX;B09H3BXWTK;4573
R2I2156P73J3YL;B0B2C5MJN6;7185
R2I21A2MTQV7JX;B06XDKWLJH;3516
R2I3H0WMODAWBP;B09WF4Q7B3;6515
R2I3JCCVO4U03G;B07SLMR1K6;3323
R2I46FOK401C78;B07GNC2592;8521
R2I4E5T7EM6I5F;B085CZ3SR1;6710
R2I50QOEBLLIHS;B00NFD0ETQ;7811
R2I5H53LBQO3LU;B0B4SJKRDF;7506
R2I5P8LAU0IX8X;B078JF6X9B;508
R2I6NKZE7JWNY6;B078JT7LTD;4484
R2I6TTT5KYXNTV;B09MTLG4TP;1020
R2I6VLGIXFKKU;B00MFPCY5C;3347
R2I7KZEBT2RJPK;B08J7VCT12;2971
R2I7WIQ18HOAJR;B09TP5KBN7;2857
R2I80SWXJJ8NVS;B00O2R38C4;1355
R2I8RVEPDM0IMQ;B0B1YVCJ2Y;3578
R2I8RVEPDM0IMQ;B0B1YY6JJL;3578
R2I8RVEPDM0IMQ;B0B1YZ9CB8;3578
R2I8RVEPDM0IMQ;B0B1YZX72F;3578
R2I8RVEPDM0IMQ;B0BC9BW512;3578
R2I902T88OZJ4E;B0B7FJNSZR;7262
R2I90G9MLZ2RUP;B0B7DHSKS7;6676
R2I93780O12B86;B0B72BSW7K;1401
R2I9AG0WA9VOAX;B00935MGHS;4962
R2I9QXQ7GDNCHK;B0188KPKB2;4163
R2I9R8AJ9WCXXC;B0BM9H2NY9;8336
R2IA54QBAYAGND;B08R69VDHT;6181
R2IA54QBAYAGND;B08R69WBN7;6181
R2IB02FZ1RPV0T;B08JD36C6H;5345
R2IBCZ7N2I5JI4;B00SH18114;4893
R2IC20U151H5EL;B0814ZY6FP;3970
R2IC3MR8NSZXMB;B08J7VCT12;4198
R2ICO6IKYO6I6A;B07T9FV9YP;5506
R2ICWHHEJJKM14;B09MB3DKG1;7796
R2ID65YG8CVX9K;B07ZKD8T1Q;4220
R2IDKTNLPSRRXA;B087FXHB6J;5504
R2IEKQ2HBHTPYC;B0B2DZ5S6R;3740
R2IELMO4REP9U3;B088GXTJM3;7014
R2IF9WKFZNCZOQ;B07JPX9CR7;6753
R2IG7GBJ9W9AIJ;B07WHS7MZ1;3581
R2IIIEMH4MYPA3;B01MUAUOCX;1688
R2IIQ5X1KFC218;B08Y5QJXSR;1353
R2IIY08QX4SR46;B0BNV7JM5Y;2146
R2IIY08QX4SR46;B0BNVBJW2S;2146
R2IJXSRMFCQGXD;B07Q4QV1DL;1226
R2IJXSRMFCQGXD;B088ZFJY82;1226
R2IKZK0CHQ08WM;B016XVRKZM;6814
R2ILB8NGFLKSM1;B06Y36JKC3;8088
R2ILGDHXO6XX4K;B0B9959XF3;489
R2ILGDHXO6XX4K;B0B997FBZT;489
R2ILU2ZYAIN700;B071VNHMX2;477
R2IMGTYKPMXP4N;B00K57MR22;8196
R2IMML4LPCQ5C0;B0B31FR4Y2;2538
R2IMWFUUTWH8H1;B07TMCXRFV;1873
R2IN91D1WT43AK;B0BHNHMR3H;5319
R2IO3IQHTV9ISU;B07JPX9CR7;4650
R2IO934AS2Z5U4;B098R25TGC;2823
R2IPFX7782Q30U;B013B2WGT6;3326
R2IPVSKOO0624U;B07Z51CGGH;5419
R2IRKJDUONHPDR;B07P1BR7L8;7231
R2ISR7TBORKI9B;B08L4SBJRY;7772
R2ITEDC9KOCY3N;B083342NKJ;6573
R2ITKFEBWVWQGC;B08QHLXWV3;5805
R2ITLBT3D3QIFF;B0883LQJ6B;2259
R2ITYTNUV06OJE;B09NNZ1GF7;7618
R2IU9VU91K2RIN;B08235JZFB;4345
R2IUG2Z4CXK0CC;B09G5TSGXV;2000
R2IUPWWR3XMJ3D;B07KRCW6LZ;4097
R2IUXE2RH8OJ2A;B08Y5QJXSR;7693
R2IUZKZ2BFCQPB;B07YY1BY5B;129
R2IUZKZ2BFCQPB;B08HV25BBQ;129
R2IVS0EXZ8BPG6;B09VC2D2WG;69
R2IX7Y214VQ393;B0B5GF6DQD;6821
R2IX8LIBU6MKPB;B09DSXK8JX;5256
R2IX8LIBU6MKPB;B09PLD9TCD;5256
R2IXY6WFD01C5L;B07JZSG42Y;5567
R2IY9SO9GDZ9ZU;B0846D5CBP;8652
R2IYAMOBWJY5JC;B01HJI0FS2;6943
R2IYFCFPLPOX6C;B0BBVKRP7B;3485
R2IZ8HZT8AOA4W;B09B125CFJ;2308
R2IZBKO6011QXE;B00RGLI0ZS;4690
R2IZDWTSBD3OJD;B09HK9JH4F;6906
R2IZDWTSBD3OJD;B09L835C3V;6906
R2IZYQKHGOMD5L;B08CNLYKW5;8238
R2J2IOT0TNI4A3;B08MV82R99;5598
R2J2KA1OUGEH3L;B083RC4WFJ;5393
R2J30R8O3UHZRI;B08Y57TPDM;3246
R2J3E39AIHUX3U;B0B8ZKWGKD;2785
R2J3IJ37A0TYAL;B07Z51CGGH;2087
R2J3NNEKB8K98B;B08BG4M4N7;2895
R2J3Q3BUHJ2S7E;B09VCHLSJF;5233
R2J3Q3BUHJ2S7E;B0B3MMYHYW;5233
R2J3Y1WL29GWDE;B082LSVT4B;8277
R2J3Y1WL29GWDE;B082LZGK39;8277
R2J3Y1WL29GWDE;B098NS6PVG;8277
R2J48N34WBDDGZ;B0758F7KK7;667
R2J5Z02Y4QL66Z;B0819ZZK5K;3607
R2J8KC6I69DKED;B078JF6X9B;349
R2J9MLKK77OS34;B08SMJT55F;2428
R2JA4G9JMA2D4O;B0856HNMR7;2164
R2JB9PO5MV9LER;B09GFLXVH9;5942
R2JB9PO5MV9LER;B09GFM8CGS;5942
R2JB9PO5MV9LER;B09GFPN6TP;5942
R2JB9PO5MV9LER;B09GFPVD9Y;5942
R2JBBXANAGGS7E;B00E3DVQFS;5114
R2JBI9XCV1RU9E;B09TY4MSH3;8460
R2JCG39HM3XZKI;B08BJN4MP3;3008
R2JCUKBR0BQ8ES;B07L9FW9GF;4826
R2JDJEVZ2G7EEK;B08DPLCM6T;8818
R2JDMID7WPBPGA;B08BG4M4N7;652
R2JEX8R7VL6Y0W;B09RF2QXGX;1328
R2JFEOGWTTUVMM;B07QMRHWJD;7821
R2JG1LT0NXKUR1;B08JD36C6H;242
R2JGEMVYSCKSMJ;B08CZHGHKH;8288
R2JGNI2T5LVFRQ;B08R69VDHT;6621
R2JGNI2T5LVFRQ;B08R69WBN7;6621
R2JHL897G4Y4LF;B08TV2P1N8;8246
R2JHT8YA8MKY6D;B0B56YRBNT;4629
R2JI0LCLSDDWMB;B08FD2VSD9;3016
R2JI1L2FTMA3ZW;B08QX1CC14;263
R2JI2VU4R585F8;B07SY4C3TD;4502
R2JI8EH2TR7BDR;B0718ZN31Q;4456
R2JI9O83E5RUI;B08F47T4X5;6017
R2JIHF1A7NTH40;B09HCH3JZG;8180
R2JKCB5MNWKW9N;B0856HNMR7;3010
R2JLX4OWIAT035;B07RX14W1Q;5575
R2JMJ8QNG66LV4;B002PD61Y4;7822
R2JOL8YUJPQPHV;B09MKG4ZCM;3602
R2JPDSDJBPCPVG;B09SB6SJB4;1335
R2JPQNKCOE10UK;B083342NKJ;6293
R2JQ1CZWIUOSXX;B075K76YW1;2285
R2JQLH3JBPGEJ7;B09F3PDDRF;290
R2JQPA2EQ0WL1U;B0BHYLCL19;3690
R2JS1CRHA1ZVXX;B078KRFWQB;4923
R2JSC7U8B4MA2C;B0B2DZ5S6R;3350
R2JSE9NKI4XHKF;B003B00484;7312
R2JSYRN50OK76N;B0981XSZJ7;8378
R2JTBG4GO7WPMG;B008FWZGSG;578
R2JTNGSHLWKQHT;B08S6RKT4L;6892
R2JUW2AKU9TZVF;B0BNQMF152;1005
R2JWTE1QNDWW2W;B08CFCK6CW;3358
R2JX4PS0VEXLP8;B07H8W9PB6;2550
R2JXNH8KUWRZK5;B0981XSZJ7;1012
R2JXWEENFMSBAQ;B076B8G5D8;2407
R2JYW5X6BHMXBV;B00N3XLDW0;7433
R2JZAP6U9T86EI;B0BMTZ4T1D;2736
R2JZS7D3SMFU1T;B07T9FV9YP;3389
R2JZWY45ZK4FS3;B077BTLQ67;7458
R2K04Z11HTJYRK;B07MP21WJD;326
R2K0DC0RJV28S5;B0883KDSXC;7412
R2K0I7QPBWG1D;B015OW3M1W;38
R2K0ND1WP31RYH;B09H34V36W;4632
R2K1HT3L3AA6YD;B0B5RP43VN;3385
R2K2IBAH6ADK2E;B07YNHCW6N;417
R2K2YNHJ952H5J;B08M66K48D;7739
R2K3IBMM9I3HQH;B01HJI0FS2;7087
R2K3WL7JFGLDI;B00V4BGDKU;6968
R2K3WL7JFGLDI;B08FYB5HHK;6968
R2K40LX6HLG4KR;B08TM71L54;5217
R2K44XXHGOOAHD;B08D64C9FN;1387
R2K4PQ80K8G5PO;B08VS3YLRK;3580
R2K55RM7YMMECZ;B08ZN4B121;6309
R2K5FL56JA45QK;B008P7IF02;380
R2K5ME2J0C1A30;B0BNDRK886;4574
R2K5NT5XE6LM6T;B07MDRGHWQ;5886
R2K5NT5XE6LM6T;B07MKFNHKG;5886
R2K5O9IMJOXBEX;B0BPBXNQQT;4771
R2K5OD0MEEBTDL;B0B4F1YC3J;4993
R2K5OD0MEEBTDL;B0B4F2TTTS;4993
R2K5OD0MEEBTDL;B0B4F2XCK3;4993
R2K5OD0MEEBTDL;B0B4F2ZWL3;4993
R2K5OD0MEEBTDL;B0B4F3QNDM;4993
R2K5OD0MEEBTDL;B0B4F4QZ1H;4993
R2K5OD0MEEBTDL;B0B4F52B5X;4993
R2K5OD0MEEBTDL;B0B4F5L738;4993
R2K650XLDC67WC;B00NNQMYNE;5735
R2K6M2964OJY62;B098T9CJVQ;4342
R2K6SJH759C5FH;B0989W6J2F;3583
R2K7BE9W9WKQ8R;B07YL54NVJ;2167
R2K7JYQMGQ31YJ;B00LM4X0KU;3481
R2K7MABWMAQE26;B07F1P8KNV;4496
R2K7MABWMAQE26;B07GVGTSLN;4496
R2K89RVGN8N9MO;B0711PVX6Z;3715
R2K89RVGN8N9MO;B07232M876;3715
R2K8VZSTF6Y1UH;B07F6GXNPB;440
R2K9EDOE15QIRJ;B07JGDB5M1;1573
R2K9EDOE15QIRJ;B07JH1C41D;1573
R2K9EDOE15QIRJ;B07JH1CBGW;1573
R2K9EDOE15QIRJ;B07JW1Y6XV;1573
R2K9EDOE15QIRJ;B07JW9H4J1;1573
R2K9EDOE15QIRJ;B07LGT55SJ;1573
R2K9GKKR6MR93W;B0B5KZ3C53;6099
R2K9QFBTB6FYEF;B09H34V36W;342
R2K9RPCJJ2IR5W;B09X76VL5L;1394
R2K9WFWQZRDRKR;B097RJ867P;8793
R2KA10FTGOHQYB;B0B5RP43VN;2132
R2KA8O97VAZJBJ;B09J2MM5C6;635
R2KAKW6DIB247K;B078KRFWQB;1733
R2KAS4LGHND8IP;B0148NPH9I;8390
R2KC2H7A99Y8J6;B07WKBD37W;1699
R2KCCRTIUFD9WT;B09X79PP8F;943
R2KCDNY1S0C382;B01MUAUOCX;576
R2KD1JU029JTLX;B08JQN8DGZ;3088
R2KD2NV6SEZGHN;B07YSJ7FF1;8042
R2KDBRE8342H5P;B0811VCGL5;7710
R2KDJ8P8S6G9O3;B09H7JDJCW;8395
R2KEXCUZDLX4JM;B082KVTRW8;3313
R2KEZ6LFKH1BOT;B099FDW2ZF;629
R2KF02T0Q3ZKXV;B012MQS060;6505
R2KGC42T422YER;B078JDNZJ8;5928
R2KGRD3G11ZE61;B07VNFP3C2;7428
R2KHHVT2R38J1E;B075TJHWVC;1705
R2KHKT0GP9IKS2;B008QS9J6Y;1490
R2KHO4ECNAVNOO;B00AXHBBXU;3269
R2KI2IDJL2BY7K;B00H3H03Q4;2232
R2KJM0QA35OC7I;B07GWTWFS2;2192
R2KKPS8UXC42G;B09G5TSGXV;6431
R2KKPSW7W1WW38;B0BHVPTM2C;5109
R2KKTKM4M9RDVJ;B08L12N5H1;6361
R2KLBZ0I1OK6U2;B07GXHC691;117
R2KM3VBJ74IH5I;B08YD264ZS;3574
R2KM7BT1FRZOYU;B01M6453MB;5444
R2KMA1FW2QZLZX;B08YXJJW8H;8103
R2KMCPSQCAAIEI;B01KCSGBU2;7208
R2KNU5Q3FUL54C;B09Z6WH2N1;7968
R2KNU5Q3FUL54C;B0B8ZWNR5T;7968
R2KNV63N41W1CA;B00O2R38C4;781
R2KOGJ8NE8RTBZ;B07X2L5Z8C;318
R2KP7SQ4MX7F48;B07HZ2QCGR;214
R2KPHXYR0CVC3R;B00F159RIK;7175
R2KPPV8ZRKYJYF;B01N6IJG0F;7084
R2KQMTZQ5QCIP6;B01M6453MB;4592
R2KRBAR470MHG9;B08H5L8V1L;3433
R2KRLWEGK8WRUV;B07J9KXQCC;3685
R2KT1SVXND1VWG;B06XDKWLJH;4930
R2KTBHHUQRW3CA;B01M5B0TPW;1960
R2KTG5VU8MVNEC;B09L8DT7D6;8136
R2KTH8A4IY9ZZQ;B0B694PXQJ;857
R2KUZ1CLHNTJAY;B086GVRP63;2099
R2KV2L7KD9GGXJ;B097JQ1J5G;4641
R2KWQCCKQIEP62;B09LD3116F;5083
R2KXEQMYGQGIP3;B07QDSN9V6;2792
R2KYY1GC45E5SL;B0BCZCQTJX;5200
R2KZ02C2SJ7WKJ;B09CTWFV5W;3500
R2KZ1KIWHCSP7U;B07P1BR7L8;2051
R2KZ25NB09PATY;B07MP21WJD;6020
R2L12WCBQ4OCVC;B0763K5HLQ;2964
R2L2KO1KH9FLRI;B0B296NTFV;8891
R2L2RD1CNKUYC9;B08D9NDZ1Y;8285
R2L31T82MCWLFF;B08H5L8V1L;6233
R2L3OQHBC45T2X;B09DSXK8JX;8308
R2L3OQHBC45T2X;B09PLD9TCD;8308
R2L4513I3EHE9T;B0BBVKRP7B;4029
R2L4TR6OY6H27M;B08B6XWQ1C;6316
R2L4UCJ30902KF;B0B3XXSB1K;5421
R2L4UCJ30902KF;B0B3XY5YT4;5421
R2L4XIZ518GOR1;B08CF4SCNP;2218
R2L5BXFZ44VH08;B0BCYQY9X5;3166
R2L5EHOA77MWQP;B06XR9PR5X;6101
R2L5GQ8S1BOJX8;B0BL11S5QK;5924
R2L5K9DSEJSNFK;B09X7DY7Q4;6575
R2L5WWOGWCXTX9;B0746JGVDS;2450
R2L6CGYUBY0JJI;B0926V9CTV;2516
R2L7845B2RVR6N;B0926V9CTV;4497
R2L7XKQS97BFMT;B012MQS060;6564
R2L87VHBYI2A1V;B09SFRNKSR;4702
R2L9NIJL2B64D6;B097R4D42G;2791
R2LARKDVN5VEA6;B08VRMK55F;2978
R2LAYGYWWKW3YG;B09MQSCJQ1;5912
R2LB699Y251V7J;B01J1CFO5I;4865
R2LBT1J4TAF4AL;B098JYT4SY;5121
R2LC5ETGN1KHH8;B0B23LW7NV;6424
R2LDUGW3VRNHAB;B09GBBJV72;6165
R2LFQN3J98VK9K;B08H673XKN;7526
R2LGD1DSKBGHES;B0B4SJKRDF;3387
R2LH0W21RI2HB3;B098TV3L96;6360
R2LI2GPYRBO35C;B08Y57TPDM;6923
R2LI9FD8CQQOMA;B0BHNHMR3H;5703
R2LIHYNX33S3JW;B07GVR9TG7;2016
R2LJ7EU195HEBH;B084PJSSQ1;3820
R2LJBGGLXY8MMO;B01892MIPA;494
R2LK4WPIHJ7WDA;B08B42LWKN;5163
R2LK4WPIHJ7WDA;B09Q5P2MT3;5163
R2LK4WPIHJ7WDA;B09Q5SWVBJ;5163
R2LLTOR4VYRSUP;B0BCKJJN8R;1503
R2LM3S536I6Z7M;B07M69276N;6795
R2LMBFFKJ27EKX;B00E3DVQFS;3280
R2LMO0022YYFU3;B08WLY8V9S;7680
R2LMSC4S998NYI;B0BJ966M5K;3483
R2LMXNB7ADDJWB;B01LYU3BZF;6992
R2LNUR3W2TOTL;B08PKBMJKS;460
R2LOAPI3SK4RCX;B002PD61Y4;1800
R2LP7PV1I0Z1V0;B00K57MR22;546
R2LQAWSINTMSEV;B07DKZCZ89;8402
R2LQDV6ZW6PDCN;B01L7C4IU2;715
R2LQQ6C82WI6BM;B00O24PUO6;8858
R2LQX411MJOWYZ;B08KRMK9LZ;4067
R2LRI9HDQ8EDA4;B099K9ZX65;6924
R2LRRBAFN6I6AZ;B07P434WJY;6614
R2LRVWCRPJU2HW;B08CRRQK6Z;2725
R2LRYN93E4OFJK;B016XVRKZM;74
R2LSJ2G7AP9NOB;B00ZRBWPA0;3875
R2LTDUDDQF0HE0;B078HG2ZPS;6297
R2LTFKUSNDR93Y;B08LT9BMPP;5892
R2LUFMT90IY4QA;B07H5PBN54;135
R2LUR26FVHY2J9;B08TR61BVK;8870
R2LUS6OIA1FUIY;B08CHKQ8D4;5509
R2LUS6OIA1FUIY;B09HV71RL1;5509
R2LV0EOIWD1E49;B008P7IF02;1459
R2LV882ASO4EJM;B08H673XKN;2855
R2LVRBREQ4EFDM;B0994GFWBH;7573
R2LVRBREQ4EFDM;B0B4G2MWSB;7573
R2LWF5MF37BRFN;B0B3DV7S9B;6019
R2LX1M52C4KNJA;B0B2DJDCPX;512
R2LXCMNDSZ18EC;B01892MIPA;4440
R2LYKHFGZWSYDL;B09MQSCJQ1;2827
R2LYRK8OS10K2Z;B005FYNT3G;1491
R2LYZ4CUWPMUJN;B083342NKJ;3949
R2LZF3QSCI31HQ;B009DA69W6;6982
R2LZX8J3H6DOT5;B07KKJPTWB;1319
R2LZZWYUQPL9MH;B00O2R38C4;6970
R2M04XPGQM0UGX;B08YRMBK9R;7150
R2M132CK318U3F;B07TXCY3YK;1586
R2M2E3K9WCOT8C;B01N4EV2TL;7723
R2M315YGOB9RN3;B09HCH3JZG;4838
R2M39R5NO51DBK;B07TTSS5MP;3095
R2M4VC26VFSJ5K;B07SLMR1K6;7008
R2M5S0A5M8DPEJ;B09MKP344P;5520
R2M6DE07UL43TF;B01LY9W8AF;4313
R2M6EZZQ3RC4AX;B0BQ3K23Y1;6548
R2M6TTXAWRQT5G;B094JNXNPV;1306
R2M762SF95HF4B;B08G8H8DPL;8852
R2M7ENP70GK5P4;B07DJLFMPS;3034
R2M8WSNRMQDR8C;B072J83V9W;1291
R2M99BK02MCDNV;B008P7IF02;3494
R2M9M458Q96FUE;B08FY4FG5X;1003
R2M9YHXLQ6FXFA;B09X79PP8F;6668
R2M9ZYNGGV1ZLN;B071Z8M4KX;8769
R2M9ZYNGGV1ZLN;B07GPXXNNG;8769
R2M9ZYNGGV1ZLN;B07GQD4K6L;8769
R2MAC7AI6X08LW;B0836JGZ74;8299
R2MCXM8TACTRFL;B0B3XXSB1K;4809
R2MCXM8TACTRFL;B0B3XY5YT4;4809
R2MDGELCMDX7QG;B07DKZCZ89;6695
R2MEOYKZYP0J2I;B088ZTJT2R;454
R2MGDWN8G3RSC2;B009P2LK80;955
R2MGT9GPFEHTPY;B0856HY85J;6055
R2MGVNOXZZ1BWP;B0BBVKRP7B;8063
R2MH08WHCZODCE;B01M265AAK;5075
R2MHLMK5VBQRD;B0073QGKAS;4386
R2MHX3EGIJVMNQ;B08D75R3Z1;7467
R2MI4KSWYUEMDR;B0B9BXKBC7;3822
R2MI5HSUR25XG2;B00DJ5N9VK;8605
R2MICL6U2IDISJ;B084872DQY;4158
R2MIYHSE2VT4HJ;B07FXLC2G2;375
R2MLAH3IBE9WB6;B07W4HTS8Q;6886
R2MLZRSEQB0C49;B0BF4YBLPX;6774
R2MLZRSEQB0C49;B0BF54972T;6774
R2MLZRSEQB0C49;B0BF54LXW6;6774
R2MLZRSEQB0C49;B0BF563HB4;6774
R2MLZRSEQB0C49;B0BF57RN3K;6774
R2MM0U3FL0ZO3T;B09N6TTHT6;7902
R2MM29A786UNMO;B07Z53L5QL;7168
R2MN9LXLLTNJ58;B07966M8XH;7203
R2MNYKDL2UII1M;B0B9BXKBC7;6570
R2MOJO4ZT07XX7;B09NC2TY11;1726
R2MOVGGWRV4ZPE;B0141EZMAI;5309
R2MP2RC761IOHP;B01NCVJMKX;6354
R2MP3ZHMZJIHPO;B09BL2KHQW;3383
R2MPRUBHGVAK2R;B07ZKD8T1Q;6384
R2MPU42MYK7GPO;B002SZEOLG;51
R2MPU42MYK7GPO;B0088TKTY2;51
R2MPU42MYK7GPO;B008IFXQFU;51
R2MQ3VB8ZTUS48;B085194JFL;3913
R2MQ6PENPS15K6;B08Y57TPDM;4182
R2MQ8OBLUYQBDI;B07LDPLSZC;4193
R2MQ9H1NKP4BDO;B07V5YF4ND;1272
R2MQH21SEZOIUM;B0BN6M3TCM;8084
R2MQKPT7ABOBFJ;B09TT6BFDX;1317
R2MQLUR661FKOA;B08HDCWDXD;8065
R2MQVFFGUF68HF;B07MKMFKPG;8559
R2MR0DYZVFN3HA;B00LZPQVMK;5103
R2MRD2AYGLWP61;B00H47GVGY;1745
R2MRS41GH0VLP0;B00HZIOGXW;8676
R2MS0CPATDN53O;B09NY6TRXG;5628
R2MSV2JRVJGRQN;B07PLHTTB4;1695
R2MSW0Q2BS0Y0P;B08Y7MXFMK;3741
R2MSZF0CBI5362;B07GVR9TG7;1775
R2MUNSVDTDZEWJ;B09MKG4ZCM;2504
R2MUOQFFMUBSEX;B08MXJYB2V;6593
R2MV5SCZODNS7N;B01LYLJ99X;1380
R2MYHLYRBQ49CU;B0846D5CBP;3047
R2MZ3DIZ5TNO0W;B09FFK1PQG;4334
R2MZ7BZ4991B7O;B09LHYZ3GJ;1066
R2MZ7BZ4991B7O;B09LHZSMRR;1066
R2MZ7BZ4991B7O;B09LJ116B5;1066
R2N03PA780KAJD;B07W9KYT62;7674
R2N1VHAAGIDIMT;B08T8KWNQ9;1857
R2N2T71KGYJX0;B00P0R95EA;4263
R2N30KA75TRVCA;B078W65FJ7;2622
R2N3QQAXIBYD1U;B00GHL8VP2;2453
R2N4UBCVLGVVTW;B07ZR4S1G4;8823
R2N4W7YVIYXMD4;B08XLR6DSB;1662
R2N5BCWW3L6N61;B0B5GF6DQD;6448
R2N5CX7I9OROMB;B01N6IJG0F;5518
R2N5ZJZILGOY2N;B09GP6FBZT;7977
R2N6SGIK0RA7CZ;B0BCKJJN8R;384
R2N6TQ3N4XSSFR;B07PLHTTB4;6405
R2N7R1NZIKS9F5;B0758F7KK7;3603
R2N86U6QNUP5VH;B07L1N3TJX;7229
R2N9AER7WVBMQU;B08ZHYNTM1;7236
R2NAFIJTOX2QVU;B08497Z1MQ;2263
R2NB1AHZCTD44B;B08G43CCLC;1078
R2NB2K5XC70FKP;B01DEWVZ2C;3000
R2NB2K5XC70FKP;B01DF26V7A;3000
R2NBHF3UEC50C6;B07YNHCW6N;5287
R2NBUIKICW6ASD;B085HY1DGR;4032
R2NC01NL944UV6;B01N6LU1VF;831
R2NCEGPNATUEXJ;B08FN6WGDQ;7504
R2NCR8UX28VRH4;B09CMP1SC8;4206
R2NCVAGOIOJ3T9;B00NW4UWN6;4976
R2NDNJ4SQ59K19;B09J2SCVQT;6441
R2NDSGQUOW1UFI;B08JV91JTK;3569
R2NEN86P63G4ES;B095JPKPH3;5321
R2NEN86P63G4ES;B095JQVC7N;5321
R2NF8CY7JSGPIJ;B08NW8GHCJ;6911
R2NF8CY7JSGPIJ;B08V9C4B1J;6911
R2NFBRLIKTBYX6;B085LPT5F4;5908
R2NH2WT3ZLS63K;B00LP9RFSU;1764
R2NHEH4AZSRE24;B06XPYRWV5;157
R2NHRHTL743ZMA;B093QCY6YJ;1356
R2NI83SF805SZB;B086PXQ2R4;8314
R2NJHP9OAM0TRZ;B091KNVNS9;701
R2NJK9AW0NVU1C;B07KRCW6LZ;1030
R2NKYQY8W7X4HQ;B08VRMK55F;1579
R2NLFJL73LNWXM;B014HDJ7ZE;5771
R2NMOFESF8XUH0;B08VGDBF3B;7122
R2NMOPMWX8DV8;B09LHXNZLR;2694
R2NMV5Q9AYU4RM;B0873L7J6X;6542
R2NO3GT7CX9TX1;B09SFRNKSR;8186
R2NO4JULWOQQ5N;B0B65MJ45G;3855
R2NO4JULWOQQ5N;B0B65P827P;3855
R2NO8ASBTPQKQZ;B07NPBG1B4;5023
R2NOAG9D9PY1MD;B095K14P86;6013
R2NOIFFPNAB8AD;B09CTWFV5W;1724
R2NOWT8O685BUW;B07ZJND9B9;8015
R2NP5Z355ZHRS5;B0116MIKKC;1140
R2NPEFE8O89X67;B07XCM6T4N;6565
R2NQHRYM47YRYK;B08XXF5V6G;3955
R2NQLS6I62ASDV;B07W7Z6DVL;7348
R2NR09K7JPREX9;B09ZVJXN5L;4147
R2NR5VY4ULMZGZ;B09Z6WH2N1;838
R2NR5VY4ULMZGZ;B0B8ZWNR5T;838
R2NS5ZCYJFF5KE;B078G6ZF5Z;1339
R2NS5ZCYJFF5KE;B089WB69Y1;1339
R2NS7Z2XUJL73H;B09NVPJ3P4;706
R2NS7Z2XUJL73H;B09NVPSCQT;706
R2NS7Z2XUJL73H;B09PNKXSKF;706
R2NSFR0LROJK0S;B07W6VWZ8C;2329
R2NSG94BDOKV6F;B08J4PL1Z3;4346
R2NSLKFF9N8OO1;B01F7B2JCI;2460
R2NSO7Q4PUDJGQ;B0B3RHX6B6;7578
R2NTVG1I8CIRDI;B0BJYSCWFQ;8241
R2NTYGKM6R1PXH;B098TV3L96;8014
R2NU3DH06WH2AY;B00SH18114;4521
R2NUEOM6M6XSIE;B08FGNPQ9X;2750
R2NUKH8120XBX1;B09MQSCJQ1;6989
R2NVYGBTVG3FJR;B07S9S86BF;563
R2NVYGBTVG3FJR;B08H9Z3XQW;563
R2NWBZA1YTJSG5;B06XR9PR5X;50
R2NXFE1SH67GQC;B01I1LDZGA;4113
R2NYUU14YCLUYX;B09BN2NPBD;7524
R2NZ0UNFFXKZUB;B08MVXPTDG;1500
R2NZAVDD3V0QHH;B08X77LM8C;2909
R2O0B1GRCH3RY3;B0BBWJFK5C;4868
R2O1Y08F8IMHQ4;B08KRMK9LZ;4424
R2O3QIKNY5DF3X;B0B23LW7NV;2044
R2O455KRN493R1;B009P2LIL4;2455
R2O4T61G3PT1SL;B07F366Z51;8734
R2O53KW0B4KLDY;B086PXQ2R4;8340
R2O7189IATRJH2;B01J1CFO5I;4269
R2O8A01MW8OG45;B07CVR2L5K;6748
R2O8DIRX6ME9HQ;B004IO5BMQ;5857
R2O8KBZUC4EB8A;B07YY1BY5B;235
R2O8KBZUC4EB8A;B08HV25BBQ;235
R2O8NMN02QCYQT;B06XSK3XL6;3316
R2O91G56I5D5YG;B09Q3M3WLJ;1770
R2OA6WLUYP9I0P;B08W9BK4MD;1006
R2OAKOAGTGVUTN;B07WJXCTG9;267
R2OAZG856SPCH0;B0B9RZ4G4W;623
R2OBDZG9GNKOYX;B08RHPDNVV;5603
R2OBL8DBUTV157;B09ZVJXN5L;3370
R2OBP2X45UMKY;B09LQH3SD9;7606
R2OCEV9PHCLFUS;B08G1RW2Q3;2476
R2OCF75VV6W3GT;B0B467CCB9;6550
R2OCSSQTFKSY5C;B0814ZY6FP;7773
R2OD88UTINAZSL;B09ZK6THRR;3780
R2OD8G07SP3ATQ;B08NW8GHCJ;7040
R2OD8G07SP3ATQ;B08V9C4B1J;7040
R2ODSY8YMSYDBQ;B07YNTJ8ZM;3816
R2OF67AGC4N6JL;B09RMQYHLH;8188
R2OFB11N0PESRG;B09YV575RK;8668
R2OFHGGYIJGFUR;B098R25TGC;5635
R2OFJVIMAW1O90;B08MV82R99;1455
R2OFXYE4YAEW7L;B08LHTJTBB;5299
R2OFZC94RLNDG3;B078JT7LTD;5145
R2OGLI7UQD4OD8;B08D6RCM3Q;565
R2OH909YAN0NWP;B08CHZ3ZQ7;4039
R2OI7X78Y7QIEA;B08HLZ28QC;3889
R2OIY1BC4689L3;B08VS3YLRK;6631
R2OJEFG3PL2ZVW;B08FN6WGDQ;6659
R2OJGM7XU1KK02;B07LFWP97N;4681
R2OJJNFKCULCQ5;B01L7C4IU2;8025
R2OJMVW8WOYD0M;B07GXHC691;6793
R2OJRVFVJPY47O;B01CS4A5V4;8895
R2OKTDJ57O6M8M;B08TDJ5BVF;2999
R2OLOBJVH48MQN;B09JKNF147;3954
R2OLOOGNHQ37ZA;B0BLC2BYPX;1975
R2OM14SFAPVT51;B00LM4W1N2;824
R2OMPDR9UR512Z;B09DDCQFMT;4442
R2ON03LZDME2KG;B07G147SZD;593
R2ONCZT1YUWAWU;B08WD18LJZ;3650
R2ONSIR9B3OM3B;B07QCWY5XV;1809
R2ONXP5WQXARB6;B0B31FR4Y2;1
R2ONYYWA0QB6FS;B0B2X35B1K;2665
R2OO48A4CJ6ZWL;B0814LP6S9;5549
R2OOA2Q6V7X8S6;B08MVSGXMY;7496
R2OOANZHYPNGCF;B0B217Z5VK;761
R2OOPASHLKF3SX;B07WHS7MZ1;8808
R2OOZRPNVR6EVK;B09Z7YGV3R;434
R2OP8NFYDOS39J;B082FTPRSK;1160
R2OPEWC0J4VGCD;B009DA69W6;3799
R2OPSVKIKSE44G;B08RX8G496;5820
R2OQAPQPWJ13ZS;B0BDG6QDYD;4059
R2OQSICTGUIV9L;B09163Q5CD;1153
R2OQU5R4OZWFTT;B00KIDSU8S;5711
R2OSACKU5SYG47;B08CKW1KH9;8512
R2OSJ4YOGUTXNR;B09ZPM4C2C;3145
R2OTG33BME1DP2;B07JB2Y4SR;6893
R2OTWTVJ7UBDIL;B097JQ1J5G;5249
R2OU2YTGFEMJHE;B01GGKZ0V6;8439
R2OU2YTGFEMJHE;B01GGKZ4NU;8439
R2OUN5B9KJNAPN;B09HSKYMB3;3284
R2OV4KZZ6XRELD;B00NW4UWN6;6159
R2OWSR5QQ8ZBV2;B09TMZ1MF8;8577
R2OXFV06J64YNH;B09RQRZW2X;7597
R2OXL4LSDBE7OC;B01LYLJ99X;5317
R2OZKOAWL1O0AK;B07K19NYZ8;1591
R2OZPGGMUCLSC1;B08PV1X771;5425
R2OZPGGMUCLSC1;B09F6S8BT6;5425
R2P0CRDHOMUX;B08VB2CMR3;1972
R2P0CRDHOMUX;B08VB34KJ1;1972
R2P109ABFQR9L1;B08K36NZSV;2041
R2P187SBO4SEMH;B07L9FW9GF;663
R2P1YCWVUVH14P;B0B21XL94T;8522
R2P1ZOKUIQWNZH;B09SB6SJB4;4019
R2P3J8JNKDB1SK;B07DL1KC3H;2732
R2P3JI1EJ9IXM3;B09RQRZW2X;3672
R2P5LLM3NUTV98;B07YQ5SN4H;2168
R2P5M80U8OL9OQ;B00DJ5N9VK;2077
R2P5UQ0XEPCTOW;B008P7IF02;1661
R2P66UQNR7EV9H;B06XFTHCNY;4907
R2P7VTDLLMDOA3;B08CDKQ8T6;2666
R2P816U6PY0U3Y;B07M69276N;4004
R2P85TVQQPR3XX;B09XRBJ94N;3312
R2P9AVX3K59AMP;B09VZBGL1N;6598
R2P9AVX3K59AMP;B09Y14JLP3;6598
R2P9PNOUDS613K;B0B694PXQJ;6878
R2PAIJQ4JQT4EE;B0BPBG712X;5909
R2PCQJOKH6H8MK;B01JOFKL0A;154
R2PD0ZPWRGTUJG;B075JJ5NQC;7590
R2PDGCC6RF4YLC;B09NNJ9WYM;7698
R2PDTLV982BZ70;B09J2QCKKM;4618
R2PF9QV9JEQO9K;B095JPKPH3;4670
R2PF9QV9JEQO9K;B095JQVC7N;4670
R2PFDWJXL0R5KK;B077BTLQ67;8010
R2PFGVPB5LCT72;B08C4Z69LN;3561
R2PFNGIRCB6KB1;B07TTSS5MP;4968
R2PFPVD7QTRJC6;B00H47GVGY;3074
R2PGJZAQVR5XQE;B0B2DJDCPX;2655
R2PGSE5NZMJR53;B0873L7J6X;4469
R2PGY7OWESCS6I;B00LM4X3XE;1200
R2PHC69QRUFILG;B01C8P29T4;8765
R2PHMY74SQMCM4;B09KRHXTLN;3995
R2PIAZDEUTARUA;B099S26HWG;3294
R2PIWJZ3LJ0NBY;B084MZXJN6;2169
R2PIWJZ3LJ0NBY;B084N1BM9L;2169
R2PJG45RZVC1AG;B08WRKSF9D;7293
R2PJGCDX444YME;B08JQN8DGZ;5169
R2PK2034NVCPNH;B0B3RRWSF6;1397
R2PK2034NVCPNH;B0B3RS9DNF;1397
R2PK2034NVCPNH;B0B3RSDSZ3;1397
R2PK3LURGV7XMK;B07YCBSCYB;247
R2PKQZQ27VFBPN;B00P93X6EK;3688
R2PKT81AEN2THV;B08KRMK9LZ;233
R2PLH1UHYDQWFA;B08NCKT9FG;1186
R2PLH1UHYDQWFA;B0974H97TJ;1186
R2PLXU82PLNOS;B009P2LIL4;7921
R2PMOA0FRZQJH8;B07BKSSDR2;383
R2PMUD745GQT3E;B09BW2GP18;6737
R2PNLSWFYW5QEF;B078JT7LTD;3121
R2PNR69G0BQG2F;B08DPLCM6T;7358
R2POE009U0A4JH;B0814P4L98;4921
R2PQ51W8C26K8S;B07WDK3ZS2;7518
R2PQ51W8C26K8S;B07WFPMGQQ;7518
R2PQ51W8C26K8S;B07WHSJXLF;7518
R2PQH5L3O1O0F4;B0BNDGL26T;262
R2PQNCTR8TQCT4;B08WRBG3XW;3518
R2PQUB36L5O64N;B08235JZFB;6849
R2PR9B2W94FLT2;B084DTMYWK;3365
R2PU5PLM2D5A9P;B08FGNPQ9X;3813
R2PVFA4RIQ1WL1;B00HVXS7WC;3920
R2PVJY6ZKTLSAS;B099S26HWG;5307
R2PXB1JH0VU4MO;B07JB2Y4SR;4621
R2PYJXSSG9BFTD;B00EYW1U68;8119
R2PZJ7871P6D8D;B01J0XWYKQ;4284
R2PZRPBF9ZAOMA;B00NH11KIK;2034
R2PZVYUJIMAYM5;B01D5H90L4;2633
R2Q04IXOK0RA34;B016MDK4F4;4835
R2Q0HVU9HQYNAO;B083P71WKK;6630
R2Q0K2ZG4X5GOR;B07YQ5SN4H;8334
R2Q1OYOIJI5673;B00NH11PEY;862
R2Q1OYOIJI5673;B00NH13Q8W;862
R2Q1TJV6BGHGPB;B082FTPRSK;3591
R2Q20EL3OJ81U2;B081FG1QYX;7935
R2Q20EL3OJ81U2;B081FJWN52;7935
R2Q28C8LX2Y717;B092R48XXB;4310
R2Q29R8EM2KDMM;B09ZK6THRR;7995
R2Q3F8S96PYJK5;B09F6KL23R;3110
R2Q5B4SXB4J04I;B00SMJPA9C;1051
R2Q5VBGDJQHT1E;B07CWDX49D;5613
R2Q5VBGDJQHT1E;B07CWNJLPC;5613
R2Q6NGR94WBB6N;B09LQQYNZQ;1554
R2Q6SATG4MFI5J;B06Y36JKC3;7064
R2Q7JZD5DQRYLN;B083RC4WFJ;5167
R2Q84ODLPM7DG9;B0BNDRK886;368
R2Q8B6C09UY2KT;B078WB1VWJ;1234
R2Q8HE3RM7HW5L;B097R25DP7;8305
R2Q9MII6JST2K;B082FTPRSK;612
R2Q9OZ24DS780B;B075TJHWVC;6562
R2Q9RZ8N8CWTJU;B086199CWG;3303
R2QA83CPNE21C8;B09MMD1FDN;8022
R2QAT75MT7S765;B09VC2D2WG;2511
R2QBFLBABR9GF;B009P2L7CO;4300
R2QCWTQIE87QBV;B008YW8M0G;2386
R2QDKL6M3BGGR8;B074CWD7MS;430
R2QFJ90TFMGE4S;B00P0R95EA;632
R2QG25I5PKC8ZD;B07F6GXNPB;398
R2QGF4PD8AJCSS;B08498D67S;144
R2QGR6SJBD2P9Z;B07R99NBVB;3931
R2QHCEASALRHYF;B00C3GBCIS;8459
R2QHH7W2X55NO9;B097R3XH9R;7318
R2QI0ODM6RBGCL;B08WKCTFF3;6960
R2QI4626ASSCIT;B08L12N5H1;5486
R2QICML7QBXEC0;B09KNMLH4Y;595
R2QJLRRYLEJFIO;B0B2C5MJN6;4364
R2QJNGU56FGL5G;B08G1RW2Q3;7963
R2QJOMXODW8ALB;B08CS3BT4L;8674
R2QKG9AO1MMHNQ;B0B31BYXQQ;2612
R2QL8IDEY4CYMQ;B0B25DJ352;5305
R2QMH49QWXWXD5;B08WKCTFF3;8124
R2QMIAMI841PRB;B0756KCV5K;8543
R2QNWBZRD42XTY;B09XJ5LD6L;7877
R2QO6YC2WQ78Y4;B00N1U7JXM;4010
R2QOHI14M69TVA;B0BNDGL26T;7060
R2QOX3VCM8T6PV;B07P1BR7L8;7583
R2QP52L8FNG8EN;B09ZPM4C2C;4196
R2QPRH31E0VIXG;B0B5RP43VN;4854
R2QPXXMX0YH89H;B085HY1DGR;8514
R2QQZX4QI5G707;B07BKSSDR2;7628
R2QR3OKR575Z8H;B07SYYVP69;160
R2QR5PM0ELMWD3;B096YCN3SD;8111
R2QSNY4PHB2LDU;B0B9LDCX89;4295
R2QT07V4QXKIFY;B08QJJCY2Q;6270
R2QT3QBL25HBTG;B0BN6M3TCM;4762
R2QUFMWF2JX8KR;B07RD611Z8;6796
R2QUKWK9SVJK5Y;B09KH58JZR;5705
R2QUS4TP2AQD7Y;B08CHZ3ZQ7;4551
R2QV17ZAFB5D2E;B0981XSZJ7;2461
R2QV1JD5V8C2S1;B00LZLQ624;2361
R2QWZND34KWAUL;B0BP18W8TM;4694
R2QYC49E7WPALL;B09JS562TP;4939
R2QYC49E7WPALL;B09JS94MBV;4939
R2QYFQOWFQ5N9A;B00GZLB57U;5826
R2QZCWEELOUVY0;B09163Q5CD;5
R2R0FUSHO159UF;B07ZR4S1G4;3794
R2R1QS9VQ64ZCO;B07QHHCB27;8307
R2R1RIQO9D9HNF;B09LV13JFB;3002
R2R3PMS05CDPY4;B0B9F9PT8R;6082
R2R51I1D2W2K9X;B09TP5KBN7;3933
R2R5MGEDVA55JE;B097MKZHNV;7623
R2R5PXQ6I47FLE;B09P8M18QM;1729
R2R6FPO6X0GQO4;B01L6MT7E0;5674
R2R70NKW75DZAS;B00GGGOYEK;6798
R2R7NPFFHBHV2M;B09GFLXVH9;991
R2R7NPFFHBHV2M;B09GFM8CGS;991
R2R7NPFFHBHV2M;B09GFPN6TP;991
R2R7NPFFHBHV2M;B09GFPVD9Y;991
R2R99SCVYQYHPL;B096NTB9XT;8429
R2R9RFXWTHCR3;B0BHYLCL19;2856
R2R9TCZMPRU2;B07Q4QV1DL;7353
R2R9TCZMPRU2;B088ZFJY82;7353
R2RAGNI18M2ZT9;B01N1XVVLC;1721
R2RBF2BGJRO7H2;B08D77XZX5;7013
R2RC6R2E0OMNQ9;B01M5F614J;2635
R2RC9IQ0X5NHFU;B0BHZCNC4P;8943
R2RCVI71R2P9QI;B09LD3116F;4614
R2RDB07DGL4GM9;B09GBBJV72;1780
R2RDC6R09NZ0TZ;B0BMGB2TPR;6024
R2RDC6R09NZ0TZ;B0BMGB3CH9;6024
R2RDC6R09NZ0TZ;B0BMGG6NKT;6024
R2RECNPT3U4S0R;B07GVR9TG7;8330
R2REMFEEN6UKBC;B09P1MFKG1;1361
R2RF6XPVSOG2R2;B08YK7BBD2;4354
R2RFQJDQF5BT8;B07ZJND9B9;551
R2RGIFD5MNW5ES;B0BMZ6SY89;6536
R2RGL2ER7IIAIM;B015ZXUDD0;7374
R2RIUPW9S9ZHGN;B008P7IF02;2447
R2RJ09MTLVJZ3C;B01KK0HU3Y;7090
R2RJ4QKYQ0VWIL;B08MZQBFLN;8894
R2RJKDVMA6HJAF;B00OFM6PEO;8661
R2RJV9PK2QMAQJ;B003B00484;4966
R2RKKAN3GRHI0G;B07KRCW6LZ;8776
R2RL7RJ6QY2YRW;B08D6RCM3Q;4559
R2RLW3M6VML3F7;B07LDPLSZC;2661
R2RM3RN5D9HC4M;B09SDDQQKP;8601
R2RMMS8KOSZFRR;B097XJQZ8H;6187
R2RMNGCEK9JTR6;B07KR5P3YD;2071
R2RN8NCKNI5DZ4;B08KDBLMQP;1767
R2RNRH4SM11DC6;B07SRM58TP;253
R2RNSF4YBRGI3I;B07YFWVRCM;1742
R2RNY0K3PT2PAU;B099FDW2ZF;6184
R2RO4Z1CBF2G1I;B07G3YNLJB;5846
R2RO9SXDGM8J5C;B085CZ3SR1;3236
R2RP5UV7LX3QTF;B014SZO90Y;2216
R2RP7NJVKL2D3B;B07924P3C5;8253
R2RP81I94A906C;B0B12K5BPM;8924
R2RPCNJXQJS739;B08444S68L;4673
R2RPW3A6WAAR13;B09M3F4HGB;447
R2RQD6H9YMSUK6;B087FXHB6J;3193
R2RQS98AMZ4NJG;B09Z7YGV3R;2179
R2RQTRMPYMIHAE;B082FTPRSK;5230
R2RQYG7OHKC98T;B097C564GC;2058
R2RRCA47QEK9C1;B09JPC82QC;5784
R2RS0DMJ29X2W6;B09CMM3VGK;2436
R2RS5DJTMPR9KH;B097JVLW3L;2374
R2RS93VMF3PSHS;B084DTMYWK;2519
R2RSJBZJN8UU71;B00935MD1C;7755
R2RSK1JGLBTS0C;B08QW937WV;6717
R2RSNVMKFP7F3P;B07GNC2592;6554
R2RT36U5W9GRK6;B00GGGOYEU;2076
R2RU2H3FY7R8JW;B0B2RBP83P;3973
R2RU5623DZ9ZWI;B0BBW521YC;2847
R2RUHQW0ZWPFCE;B08J4PL1Z3;1241
R2RV27ZD33RI6P;B079Y6JZC8;7205
R2RV2M8NMHN3R6;B00RFWNJMC;5182
R2RV6Q4UAGYKUY;B07Z3K96FR;6449
R2RVGCZP1PX921;B018SJJ0GE;4372
R2RVMZV1I42LGA;B0BJ966M5K;4823
R2RVRY8NZ4GKVX;B07WNK1FFN;811
R2RW2HKD2AP8SI;B09TMZ1MF8;6734
R2RYJL2TSW8T52;B009P2L7CO;8588
R2RZ8II2EGKEUF;B07FL3WRX5;8464
R2RZLLFU5FVGY3;B09FPP3R1D;457
R2S00YTPGW362;B01N90RZ4M;6131
R2S0AYWUV349HP;B08QSC1XY8;8145
R2S0AYWUV349HP;B08QSDKFGQ;8145
R2S0FMCLE93A6C;B07YR26BJ3;903
R2S12HQMGEON44;B07S9S86BF;5643
R2S12HQMGEON44;B08H9Z3XQW;5643
R2S1CVBMATHCP6;B09X5C9VLK;8206
R2S1GDT2RANQ20;B0B5V47VK4;5606
R2S1HZIXB203EH;B09F6KL23R;3078
R2S27KPO0VKWWA;B0762HXMTF;2354
R2S29MR12K8IO9;B0BLV1GNLN;5218
R2S2PTON4F7OCO;B0B2PQL5N3;1595
R2S4F8S012C7RT;B09HSKYMB3;5612
R2S4Q38HCR9GEQ;B09GBBJV72;8570
R2S56ZTRZ86VN0;B09ZK6THRR;1765
R2S5BGMA1NFQKX;B0BGSV43WY;3252
R2S5VBYYN51ELA;B08Y55LPBF;7705
R2S5VBYYN51ELA;B09F9YQQ7B;7705
R2S5VBYYN51ELA;B09RFC46VP;7705
R2S5WXQYTXTQYQ;B01M72LILF;3570
R2S7JVQ4Z9GYLB;B09BF8JBWX;7568
R2S7S3AL8MC5ZU;B00A7PLVU6;8264
R2S8FH6HRDDSCF;B09NL7LBWT;959
R2S9JBF2ECD6C6;B07SLMR1K6;8023
R2S9JPUNTGN4DX;B072J83V9W;7510
R2S9K0UTNSD0L6;B0BNDGL26T;5956
R2SB3XYC8XHNUQ;B082T6V3DT;5358
R2SB7CBS0DFSTW;B09Z28BQZT;6353
R2SBOJRVH87Z3A;B0BMTZ4T1D;3023
R2SCPX6U0LMXGX;B0814P4L98;4390
R2SCV76D1JUV6L;B07GLS2563;3272
R2SCWNAAVSIAY;B0B2CPVXHX;6857
R2SE5XVJ5LORTD;B09GP6FBZT;5624
R2SE99RILYNSN9;B075S9FVRY;2490
R2SF8G03AVZDBK;B0BMVWKZ8G;1174
R2SFO5ZGKFMA3A;B08FTFXNNB;7825
R2SFOHTIKJWFAA;B0BHZCNC4P;1643
R2SH0PV3XYF4NG;B0B25LQQPC;1203
R2SI5AOVPWRB0D;B09R83SFYV;8755
R2SIAIJ2R8203U;B08JQN8DGZ;5414
R2SK1NLKEM8K2X;B00PVT30YI;5619
R2SK5PPC2ZKCL5;B07YNTJ8ZM;3828
R2SK87JCLEZXU5;B009UORDX4;4479
R2SKAQP8H3C1JO;B078KRFWQB;5880
R2SLNJ664LBZS6;B08JQN8DGZ;980
R2SLVB4IDEDVF4;B079Y6JZC8;2922
R2SMCMC92K4AMF;B075ZTJ9XR;2708
R2SMDSG8MX72UY;B07RZZ1QSW;1804
R2SME90R32XR18;B084PJSSQ1;2766
R2SN886QABQ5AF;B09YHLPQYT;2946
R2SNQQV2EWNINJ;B08XXF5V6G;5353
R2SNW6BCRZK0AW;B0819HZPXL;591
R2SOXALV4NB8GQ;B01JOFKL0A;2079
R2SP06FB7XB3NM;B00LVMTA2A;2033
R2SPQPMXFCB67B;B0B296NTFV;3510
R2SPWOVTNO9SQP;B09ZPL5VYM;1363
R2SQF9ZS59MZZ3;B00GGGOYEK;226
R2SQH0UGZ9II5U;B0BBMGLQDW;1966
R2SQNU7OIOOLHT;B09C6HXFC1;4314
R2SR5699KY8T7X;B099FDW2ZF;5335
R2SRH5XZ5MY04L;B07V82W5CN;293
R2SSCAXKIHE4Y6;B08MVSGXMY;7899
R2SSQY5IJHOMR9;B097R3XH9R;669
R2ST8W6PO0TBDR;B084BR3QX8;6572
R2SU25E3ZH4JEH;B09N3BFP4M;6042
R2SUYAKH1B3Y9A;B01HGCLUH6;1829
R2SW6YDVZ9T4O8;B0941392C8;4389
R2SX0KB6M50PZU;B01LONQBDG;7824
R2SYKE16W886JJ;B07CVR2L5K;3014
R2SYYU1OATVIU5;B01M6453MB;5284
R2SZR29UV8HPIJ;B08YK7BBD2;5914
R2T042UGY7VP5N;B008YW8M0G;6245
R2T11MDTCMZ8IQ;B08BCKN299;1751
R2T1AP2XBIAQBK;B09YV42QHZ;3721
R2T1AP2XBIAQBK;B09YV463SW;3721
R2T1AP2XBIAQBK;B09YV4RG4D;3721
R2T1VOM1S6TMET;B08PKBMJKS;8705
R2T24WJDYF97OT;B07YQ5SN4H;6224
R2T2IQ3NPMSEPC;B07S9M8YTY;1127
R2T39I2ZEKM9PL;B07HK53XM4;227
R2T4620MS8F12N;B096YCN3SD;3757
R2T4IOSJDUMW7R;B00LHZWD0C;1310
R2T4O0DRQL3QIP;B09N3BFP4M;5067
R2T4RPK1O46TBX;B09VZBGL1N;8458
R2T4RPK1O46TBX;B09Y14JLP3;8458
R2T6WHEO2ONNDD;B08B42LWKN;6344
R2T6WHEO2ONNDD;B09Q5P2MT3;6344
R2T6WHEO2ONNDD;B09Q5SWVBJ;6344
R2T9D5WZDBILVX;B08MTLLSL8;7163
R2TA6MY8NIL1ZP;B01J0XWYKQ;96
R2TALY28IA40HU;B08PKBMJKS;4126
R2TB24I6XAJI0Z;B0BMFD94VD;7390
R2TBG87E7UU7IT;B08SKZ2RMG;400
R2TC26RQAISV2N;B09SDDQQKP;4803
R2TD3N245ZRZKA;B0B72BSW7K;613
R2TD56H4WD69RD;B08BQ947H3;6768
R2TDWGLITZUANO;B078XFKBZL;5314
R2TDXG58UA6LMS;B09CTWFV5W;2683
R2TEINENXTIHT2;B09HQSV46W;5446
R2TEINENXTIHT2;B0B6F7LX4C;5446
R2TEINENXTIHT2;B0B6F8HHR6;5446
R2TEINENXTIHT2;B0B6F98KJJ;5446
R2TEINENXTIHT2;B0B8CXTTG3;5446
R2TELVLYX3JH8E;B095RTJH1M;3538
R2TEQS2T0L15D8;B013B2WGT6;6378
R2TEW122AFHO0N;B09SFRNKSR;189
R2TF08PD7O9XTJ;B097R45BH8;4259
R2TFE2JWK585DQ;B09MT94QLL;3123
R2THKSNJBC1AYW;B09FHHTL8L;379
R2THU52GBFKHLS;B07924P3C5;5177
R2TI5S1VH0Z88G;B08H21B6V7;7351
R2TIBHRS9UKUU1;B09RQRZW2X;1337
R2TIGQXINQG5U9;B078HRR1XV;5296
R2TIXFYMKJN2M2;B09P22HXH6;1646
R2TJFFSM0TFRTM;B097R2V1W8;1621
R2TKI3QCYTIHEU;B09T3H12GV;8418
R2TLAX7VNYS983;B09RKFBCV7;1900
R2TLZ8IYTYAIJR;B08YDFX7Y1;7244
R2TM1SQ2JK9S7K;B08D11DZ2W;968
R2TN6LNGD4FLYB;B07WDK3ZS6;2262
R2TN6LNGD4FLYB;B07WDKLRM4;2262
R2TN6LNGD4FLYB;B07WGPKMP5;2262
R2TN6LNGD4FLYB;B07WGPKTS4;2262
R2TN6LNGD4FLYB;B07WHQWXL7;2262
R2TN6LNGD4FLYB;B07WJV6P1R;2262
R2TNDYT4SMKKMQ;B08F47T4X5;2046
R2TNNBN083XH9K;B01EY310UM;2985
R2TPR12UVBF64N;B00YMJ0OI8;4577
R2TR5PF6IUMOXH;B098TV3L96;1254
R2TTPMZXY7I60N;B08MXJYB2V;5006
R2TTZ6Y61C1955;B09LMMFW3S;7082
R2TUAIDPW255N6;B07DJLFMPS;2703
R2TVC6SLRPOAJU;B09CKSYBLR;2359
R2TVUO2ZZ7TXFC;B017NC2IPM;6387
R2TW58C4LDA0HB;B00B3VFJY2;3945
R2TWCN72P6DU1Y;B0B9959XF3;1122
R2TWCN72P6DU1Y;B0B997FBZT;1122
R2TWO1XR7BGSHO;B0B7NWGXS6;3560
R2TWPQKNMIHDWC;B07KR5P3YD;155
R2TWSF8LLSTBK3;B08TM71L54;4601
R2TYJ9OO7P28VM;B07Y5FDPKV;5011
R2TZD3HUFR98EF;B0B4SJKRDF;1657
R2U04XI700Y4ST;B0BNDRK886;1507
R2U0MOPP5A6KMF;B08ZN4B121;6419
R2U10LYYC10P7G;B092JHPL72;6735
R2U1JC1BKWWUFG;B07W4HTS8Q;296
R2U1YAAZE07I1V;B09KLVMZ3B;5718
R2U1YEB0JD1J6F;B09NY7W8YD;8649
R2U218ZDN8D849;B08HD7JQHX;4561
R2U25KOA2BKH1Z;B078JDNZJ8;7503
R2U2FM7CGUNYST;B09DL9978Y;6540
R2U2GZZ9ZUDTE1;B09BF8JBWX;33
R2U39FEDPQZCPN;B00E9G8KOY;6451
R2U3H4FR5RI757;B0B61HYR92;3687
R2U3O1QBYLBWRS;B08GSQXLJ2;884
R2U3RDKWADJN30;B01M0505SJ;2566
R2U3WOI0TIDIEB;B09MTLG4TP;6981
R2U46UVD4IRLY7;B08DCVRW98;4749
R2U47H32CGIZL5;B07Z51CGGH;8484
R2U4L5Y1EI2L9P;B00N1U9AJS;6643
R2U4UV55GHL0AB;B09NVPJ3P4;3748
R2U4UV55GHL0AB;B09NVPSCQT;3748
R2U4UV55GHL0AB;B09PNKXSKF;3748
R2U607V82KC6LR;B081B1JL35;5848
R2U6GKRX21HLG9;B0819HZPXL;3917
R2U6XBEYSG8MMM;B09P564ZTJ;5702
R2U71462QVBEYX;B00NFD0ETQ;8261
R2U7YYESQ3433I;B084MZXJNK;2457
R2U7YYESQ3433I;B084N133Y7;2457
R2U8MOGE4JDKBF;B01GGKZ0V6;5131
R2U8MOGE4JDKBF;B01GGKZ4NU;5131
R2U91VYOKF6LVK;B09M869Z5V;5953
R2U9CP6B4FEVBN;B09XXZXQC1;6651
R2UAN2MTFP5KVM;B07H3N8RJH;2756
R2UAVXBGV8WK3N;B09DG9VNWB;2081
R2UBSM7L5I24EO;B07WJXCTG9;1021
R2UC6S1JJBFG43;B00Y4ORQ46;1913
R2UD5D7T4DZRE5;B097C564GC;8295
R2UF3J3M2DDJ07;B07L8KNP5F;5852
R2UFM5PKO62Z5R;B07XJYYH7L;8817
R2UGDZSGFF01K7;B09HQSV46W;4964
R2UGDZSGFF01K7;B0B6F7LX4C;4964
R2UGDZSGFF01K7;B0B6F8HHR6;4964
R2UGDZSGFF01K7;B0B6F98KJJ;4964
R2UGDZSGFF01K7;B0B8CXTTG3;4964
R2UI2FZ90PJYJB;B00935MGHS;5297
R2UI7KAL0FX21X;B07TXCY3YK;4150
R2UIJV14OIMCZV;B09J4YQYX3;4510
R2UJ9SFJ6B6U93;B0B2CWRDB1;8245
R2UJBOPZHRAM66;B0BNXFDTZ2;2384
R2UK87WTHHEQLI;B0123P3PWE;4343
R2UM0LYKW0KF6N;B07D8VBYB4;800
R2UMKGAL43EGDB;B09GB5B4BK;4937
R2UNJAOWGLCURY;B0B5F3YZY4;3469
R2UNQBX57IZ6IJ;B08YRMBK9R;7037
R2UO0TB6OD6VT;B07H8W9PB6;5542
R2UO2UH9UCUYJ0;B07VX71FZP;4035
R2UOCIGLOQ0CAD;B073BRXPZX;5104
R2UOEYQ2VM1TH;B07SRM58TP;2252
R2UPDB81N66T4P;B08CF3B7N1;3418
R2UPOYZPNU8349;B09J2MM5C6;3937
R2UQJ0K34UMKUX;B01GFTEV5Y;7689
R2UQNJFA27MAKM;B0B54Y2SNX;7012
R2UQOW05XNOHS5;B07SLMR1K6;5751
R2UR2X3ZHZC5MU;B09LMMFW3S;932
R2URDJTQLPFEYH;B09VZBGL1N;8622
R2URDJTQLPFEYH;B09Y14JLP3;8622
R2URWEN1QK21IU;B01NBX5RSB;2572
R2US3C091Y5ARU;B00F159RIK;2028
R2US7Y06YM7OHR;B07WJXCTG9;7699
R2USFYNMVOB95A;B0B298D54H;202
R2USVKN5VQX7ZL;B08K9PX15C;2860
R2UT2VQEDPGN1H;B08MCD9JFY;6874
R2UUBE6SD6DQ9Y;B00PVT30YI;4197
R2UUJP85K7YKSM;B01GFTEV5Y;6790
R2UUNBV2RXZFTV;B09LQH3SD9;7636
R2UUTWT22U0UM4;B078W65FJ7;6503
R2UV1Y16L96TQY;B08VFF6JQ8;8917
R2UV8DYD8AD2EH;B0BM4KTNL1;3659
R2UVD7MDXJ06D6;B09GYBZPHF;3222
R2UVKVQN13D4BP;B00LP9RFSU;7625
R2UVZEGX2NS1NM;B08JKPVDKL;4898
R2UWRSENOS2J8R;B01GZSQJPA;4850
R2UWUP980GHPEU;B00H0B29DI;1208
R2UXGNDYUTV459;B08CZHGHKH;7729
R2UXIGD46L4151;B006LW0WDQ;6418
R2UXMZPMNM3JGP;B07Q4NJQC5;7943
R2UZOF31IYEDYC;B07PFJ5VQD;5207
R2UZOF31IYEDYC;B07PFJ5W31;5207
R2V10DMI0YG00Z;B0811VCGL5;8054
R2V19QOE8UAL56;B08JKPVDKL;6632
R2V2HJSJQBW2CM;B08KDBLMQP;8162
R2V3IDY4X5DO07;B086PXQ2R4;106
R2V5FI682BEH55;B09CMQRQM6;5210
R2V61JLM0WASPT;B082FTPRSK;6853
R2V6JCQJ8NFGYI;B00N1U9AJS;748
R2V70PAEVT1EYU;B0BJ966M5K;8720
R2V8WPXZSTAKKE;B09VZBGL1N;8502
R2V8WPXZSTAKKE;B09Y14JLP3;8502
R2V8YZ8X1YQY5C;B07Z3K96FR;8385
R2VB4D1AFFZK9Y;B0B5F3YZY4;1502
R2VC88TGIJ2M4Q;B086199CWG;19
R2VCH24UHL9UA3;B0798PJPCL;1069
R2VCXQVEFYZWR8;B09PDZNSBG;6645
R2VDCJG8SCEN6I;B096VF5YYF;5234
R2VDUDAU7MGHVM;B071VNHMX2;4562
R2VED6OCTD3DK8;B0B61GCHC1;3464
R2VEEENKBTSZM7;B07RX42D3D;2573
R2VEHBS4GTI9SH;B09YV42QHZ;6873
R2VEHBS4GTI9SH;B09YV463SW;6873
R2VEHBS4GTI9SH;B09YV4RG4D;6873
R2VESGVS16ALQY;B00H3H03Q4;1281
R2VFXFP75ZPQF6;B00BN5SNF0;817
R2VJ4LI8OPJ6TJ;B07WMS7TWB;2699
R2VKAANDZUB2TJ;B07NKNBTT3;5312
R2VKT81SI4UN3S;B08FTFXNNB;6071
R2VL3P4XIHJFY;B07JF9B592;3133
R2VMQ0VVXS5IEG;B0BCYQY9X5;5227
R2VN0XDC0OW8L0;B083P71WKK;372
R2VNKWOJBOWTDG;B07GNC2592;222
R2VNU6Q8UC18QX;B0BBN3WF7V;335
R2VNU6Q8UC18QX;B0BBN4DZBD;335
R2VNU6Q8UC18QX;B0BBN56J5H;335
R2VODN64HRU6XL;B09JSW16QD;7517
R2VOFP1CZA700L;B08CFJBZRK;4735
R2VOHT3T6361C5;B08Y55LPBF;2498
R2VOHT3T6361C5;B09F9YQQ7B;2498
R2VOHT3T6361C5;B09RFC46VP;2498
R2VQ9R0Y5A3Y9M;B00LHZWD0C;5505
R2VQDV7DN7CU5W;B00V9NHDI4;4093
R2VQFSALVKRALF;B008FWZGSG;8528
R2VRNRRSOHXHYW;B0B8VQ7KDS;8434
R2VSWW07HYJWQ8;B08HLC7Z3G;3349
R2VTSB2I55FIV8;B0B1F6GQPS;5661
R2VTSDOOUTSQ5X;B07YTNKVJQ;1115
R2VTSDOOUTSQ5X;B08DDRGWTJ;1115
R2VUNGNI96EEJ7;B08R69VDHT;915
R2VUNGNI96EEJ7;B08R69WBN7;915
R2VVVYOKKK8OZA;B09W9V2PXG;4571
R2VX0MWE6CFDOK;B07Y5FDPKV;2948
R2VX3WP87K1FJ7;B08LHTJTBB;6154
R2VYVQSV2YFY0T;B0941392C8;3067
R2VZRY72JJLPH3;B09SZ5TWHW;6443
R2W0ORTQOGIIZF;B091V8HK8Z;553
R2W1IP0RH2CLD2;B0B2PQL5N3;7287
R2W1MPYI9H8S4T;B01D5H8LDM;4195
R2W29VY8NK4944;B00LZLQ624;2649
R2W2JH4PRGQ6DD;B012MQS060;3277
R2W2Q565AZ4296;B07G147SZD;4549
R2W2UXE7BVRBIH;B07DWFX9YS;3270
R2W38EQOY97N87;B01GGKZ0V6;140
R2W38EQOY97N87;B01GGKZ4NU;140
R2W3Y5HX9WED9J;B07DJLFMPS;3341
R2W4T3SW0RJWWT;B0819ZZK5K;8604
R2W4X1BRWCBV9U;B09NNHFSSF;8190
R2W50LBJSCGZ5O;B075TJHWVC;3641
R2W5JWALRE30FZ;B09P22HXH6;1121
R2W5LI9FGSKNYU;B01IOZUHRS;6736
R2W5N0Y7MJX8UC;B09XB7DPW1;6251
R2W5N0Y7MJX8UC;B09XB7SRQ5;6251
R2W5N0Y7MJX8UC;B09XB8GFBQ;6251
R2W5WP4N12ADZW;B08RDWBYCQ;6292
R2W61LLRNDPTLV;B07DZ986Q2;5533
R2W6BKEVXNT3N;B00NFD0ETQ;3511
R2W93BKACGQMYR;B07DL1KC3H;5497
R2WA1A30690THA;B00AXHBBXU;7956
R2WAC57HUYHRL4;B07PFJ5VQD;5669
R2WAC57HUYHRL4;B07PFJ5W31;5669
R2WARTYO91TQ5U;B086X18Q71;3969
R2WAUSC1WTJAI1;B0BPCJM7TB;8671
R2WB933QP966J7;B0B56YRBNT;1869
R2WBBSKN8SRWUM;B0972BQ2RS;4142
R2WBDNEW6HCVSH;B07XLCFSSN;230
R2WBDNEW6HCVSH;B0B8SRZ5SV;230
R2WBDNEW6HCVSH;B0B8SSC5D9;230
R2WBP8YTLS3OPJ;B08TTRVWKY;465
R2WBZ23WWYQWIS;B096VF5YYF;1562
R2WCBDYBF6XI7R;B00LUGTJGO;6996
R2WCFFUYEJ2QLS;B09NS5TKPN;7911
R2WCM1JXL4364G;B0B2931FCV;8678
R2WDDYGKMU51DE;B09B125CFJ;5211
R2WEI6XJR33OD9;B071113J7M;8007
R2WFSJJW04UWJ8;B09JS562TP;4612
R2WFSJJW04UWJ8;B09JS94MBV;4612
R2WGLZMFMUHY4G;B09RZS1NQT;390
R2WGS6Q7F9F4Y5;B0B2RBP83P;2513
R2WHV3RU3J4985;B09JPC82QC;8898
R2WHW4PEF14WOD;B0BR4F878Q;1830
R2WHZGSNHBX43O;B07BRKK9JQ;6502
R2WIO7GRU4X1VE;B08461VC1Z;4407
R2WJ1F3SRK5MZ8;B0B5F3YZY4;7324
R2WJ7II930TLUO;B0B3G5XZN5;1785
R2WKLOLAJF59CQ;B09P8M18QM;5064
R2WKO9Y6VGUOOP;B071SDRGWL;2112
R2WKO9Y6VGUOOP;B077Z65HSD;2112
R2WKO9Y6VGUOOP;B0974G5Q2Y;2112
R2WL65WCEQTHQX;B00CEQEGPI;2159
R2WLFM05B2CXXU;B09F5Z694W;6863
R2WLXSMP9D425C;B09VGS66FV;9
R2WM2M0Q21KL5U;B08VFF6JQ8;5561
R2WMQC1KWG94P7;B083RC4WFJ;2242
R2WMW096T9Y0OU;B09HQSV46W;1269
R2WMW096T9Y0OU;B0B6F7LX4C;1269
R2WMW096T9Y0OU;B0B6F8HHR6;1269
R2WMW096T9Y0OU;B0B6F98KJJ;1269
R2WMW096T9Y0OU;B0B8CXTTG3;1269
R2WNMZI1EXTA0H;B014I8SSD0;4425
R2WNMZI1EXTA0H;B014I8SX4Y;4425
R2WNMZI1EXTA0H;B07KSMBL2H;4425
R2WOO592FU73V7;B09M8888DM;5409
R2WOUJZTB4QW94;B08CT62BM1;7912
R2WOUJZTB4QW94;B08CTNJ985;7912
R2WPRTHSHZCDS5;B091V8HK8Z;7247
R2WQHYFXQ5BCCA;B07S9S86BF;3139
R2WQHYFXQ5BCCA;B08H9Z3XQW;3139
R2WQI4JZU8FHJA;B00NNQMYNE;1716
R2WQKUAV6WUQ06;B08CDKQ8T6;8204
R2WQTWSNOHI3GW;B07WKB69RS;4996
R2WR96LDJRZQXL;B08XMG618K;8986
R2WRSEWL56SOS4;B08L12N5H1;102
R2WRYLQ71K8KZS;B06Y36JKC3;8086
R2WSL4EHLPOXQ6;B09MQ9PDHR;4057
R2WSQJGLL679MI;B08FTFXNNB;3117
R2WSQL1YCAREKS;B08G43CCLC;5140
R2WSQQANOVVMW7;B07S9M8YTY;6953
R2WUK4CHR50M6P;B09R83SFYV;2814
R2WV6HSBBEWM30;B07B88KQZ8;3959
R2WVVS88M7SH18;B085194JFL;7355
R2WX5VW2D3WO75;B082T6GVLJ;1219
R2WX7G1LIQSEBM;B0B3XXSB1K;2313
R2WX7G1LIQSEBM;B0B3XY5YT4;2313
R2WXBH0GEG4H1Q;B09B125CFJ;5066
R2WXTI182FAGGR;B0B2X35B1K;4361
R2WXWZRPAKQ1GP;B00V4BGDKU;2730
R2WXWZRPAKQ1GP;B08FYB5HHK;2730
R2WYKIWLGH956S;B07YL54NVJ;7663
R2WZHK2E301YV;B07P681N66;2250
R2WZHK2E301YV;B0859M539M;2250
R2WZLXK8360X7Y;B09R1YFL6S;2587
R2WZN2M9J9EQUM;B08JQN8DGZ;8887
R2WZQXQJGPUSL9;B083M7WPZD;4674
R2X090D1YHACKR;B07YTNKVJQ;8802
R2X090D1YHACKR;B08DDRGWTJ;8802
R2X0Z7BS12ZYFD;B094QZLJQ6;4961
R2X2MGZJI8JOV5;B09KRHXTLN;3253
R2X2WOP22DNGDV;B07TXCY3YK;7668
R2X4UKYY57A9JX;B01HJI0FS2;5826
R2X55FA2EEUEYM;B09KLVMZ3B;7158
R2X56GH9II23XQ;B00N1U7JXM;6729
R2X57Q7030Q9DG;B09RWZRCP1;1838
R2X57Q7030Q9DG;B09RX1FK54;1838
R2X5AXRM450ZG6;B09L8DT7D6;4710
R2X5IYZIUB4MVE;B0B935YNR7;5012
R2X5K6OCG1KJ3I;B09ZHCJDP1;26
R2X77NBYOU06B5;B0B935YNR7;4262
R2X7KQZQ9OM9SP;B01DJJVFPC;4377
R2X8UW5NDZWYUK;B00HZIOGXW;455
R2X9E8CREU3PI8;B083RD1J99;3576
R2X9MHLA6MM34;B0BHYLCL19;2787
R2X9N8M3OSTGOH;B0BHYJ8CVF;4251
R2X9U1VWHBNIAX;B094JB13XL;2197
R2X9U1VWHBNIAX;B09BNXQ6BR;2197
R2XA4OT3Q76L0T;B09J2SCVQT;8005
R2XB4D0L7GYIJM;B0162LYSFS;1154
R2XCI5KR2H8QEI;B005FYNT3G;3667
R2XDRJHJRKJC9T;B09PL79D2X;6788
R2XES5SVJG8YP1;B09Y5MP7C4;8079
R2XETJ09ENS8YK;B07Y1RCCW5;3996
R2XEWWLV1LH7KX;B0B5LVS732;8233
R2XF84DPH68G5Y;B09NL4DCXK;5932
R2XF84DPH68G5Y;B09T37CKQ5;5932
R2XFD3J4A5TGZF;B0B59K1C8F;8833
R2XFHXT7SOGU38;B09NNGHG22;528
R2XFIAZAPHYP3B;B08VRMK55F;1997
R2XGDUS2ZEQO76;B0B21XL94T;7637
R2XGJ9GML1PUJO;B0B8CHJLWJ;3318
R2XGVVTMBU4PQP;B009P2LK08;3884
R2XH62C0OMV1KN;B00LVMTA2A;4816
R2XHVF9XQDSISL;B08CF4SCNP;5785
R2XHYS27FFFDC0;B016XVRKZM;8159
R2XI10VMIMTZIC;B07GLS2563;7328
R2XI5MDOB81641;B09Y358DZQ;8
R2XIO0KMHIEO1F;B09ZDVL7L8;977
R2XIVM74HXUSEW;B00HVXS7WC;5102
R2XIY1Q0JEYNIH;B0B25DJ352;2386
R2XJMXNKVIUUL5;B08K9PX15C;501
R2XK30UZ0P7UXJ;B09DSQXCM8;7536
R2XK6I1NM00NTD;B0B61HYR92;4325
R2XKAK7JRBGM2C;B09H3BXWTK;1919
R2XKLKC7UXH808;B012ELCYUG;1263
R2XL28KE1P2MKO;B07RZZ1QSW;1371
R2XLJQREI5N1VB;B097C564GC;14
R2XLWIOFDI6ZSP;B09X5C9VLK;2090
R2XM48FX5POEKX;B09RQRZW2X;3454
R2XM5RGIHDDR05;B07CWDX49D;4654
R2XM5RGIHDDR05;B07CWNJLPC;4654
R2XMCSACFNMHSM;B0B12K5BPM;7767
R2XNIDW8U1KWC1;B0B9LDCX89;5593
R2XNZ6AHVRFG25;B0B53NXFFR;1036
R2XNZ6AHVRFG25;B0B53QFZPY;1036
R2XNZ6AHVRFG25;B0B53QLB9H;1036
R2XO77R7XKY30O;B08RP2L2NL;6980
R2XOSRQC5GHA7O;B07Z1YVP72;7376
R2XQ7ANJA4VF12;B08W56G1K9;7569
R2XQJXUXNN0A12;B08HLZ28QC;5058
R2XR0OPWFJK2OG;B08H6B3G96;6851
R2XRDEM927X3FR;B0B4PPD89B;891
R2XRTP1KSM2DSA;B07H8W9PB6;8723
R2XRY2ODIQ1YAA;B0756KCV5K;2302
R2XS7O4CK0KEE5;B083RCTXLL;7679
R2XS80YVEE2VLG;B0B2DD8BQ8;1687
R2XSNFIDSF8IL4;B09GFLXVH9;5320
R2XSNFIDSF8IL4;B09GFM8CGS;5320
R2XSNFIDSF8IL4;B09GFPN6TP;5320
R2XSNFIDSF8IL4;B09GFPVD9Y;5320
R2XT2VFFBQ2UR1;B08WD18LJZ;4283
R2XTBG5BD9S04B;B07N2MGB3G;4079
R2XTH0U6G7AQPW;B08GYG6T12;2537
R2XV70VLS1FAG4;B08SMJT55F;2638
R2XVLVMLVK698V;B08MXJYB2V;3011
R2XWYU5AL9FITX;B0BN2576GQ;472
R2XX9ZLGMLMN5L;B07QCWY5XV;8541
R2XXGJP0K25QJZ;B07WDK3ZS2;8644
R2XXGJP0K25QJZ;B07WFPMGQQ;8644
R2XXGJP0K25QJZ;B07WHSJXLF;8644
R2XY66AR8RK3HZ;B08MV82R99;7202
R2XY6WL3YCCBBU;B0B8VQ7KDS;5670
R2XYESNNUWI2DP;B08CHKQ8D4;3747
R2XYESNNUWI2DP;B09HV71RL1;3747
R2XYH31E9NK0GU;B00LZPQVMK;6516
R2XZB8KBJN241T;B0856HNMR7;8427
R2XZC0TY29XVLD;B0B5GJRTHB;4913
R2Y0A81BUR7EDN;B07S851WX5;73
R2Y0AL3630YZ03;B08TDJ5BVF;2390
R2Y2GMH611HDB2;B00NNQMYNE;6219
R2Y2ISC0E5DQJ7;B08CTQP51L;5577
R2Y32IVRENIANJ;B097ZQTDVZ;5934
R2Y3US2UNMI3UR;B084DTMYWK;7858
R2Y4A89LGC1W8;B08XMSKKMM;2057
R2Y5029I4S9DKF;B00SH18114;570
R2Y54968M42AHJ;B09YHLPQYT;5310
R2Y6E9RL4GT9RI;B08RWCZ6SY;4237
R2Y6MTG252PZ9P;B07VZH6ZBB;3873
R2Y75UNA9CGD8E;B0752LL57V;241
R2Y7FN8MCS4PT;B083GQGT3Z;8807
R2Y7Y17C8YALB;B07B88KQZ8;4608
R2Y87EUNNJCKL7;B09KGV7WSV;8358
R2Y8B5LQ5HLACQ;B01F25X6RQ;8476
R2Y8B5LQ5HLACQ;B01F262EUU;8476
R2Y8Z95B7LQZHR;B075K76YW1;8274
R2YBSTEQSU2URL;B08K36NZSV;54
R2YBU1X775PBO7;B00LVMTA2A;7816
R2YD92F7BXAMZH;B07CVR2L5K;8761
R2YDUZ60H7T4FV;B00GE55L22;4862
R2YE4LXQQUWF7F;B07R679HTT;8863
R2YEAAIS3ZXXW4;B00O2R38C4;5168
R2YEAFFD5E02TL;B07G3YNLJB;2610
R2YFM623TOZ0UA;B08LW31NQ6;1210
R2YFP1LKOMNN5J;B009P2LK08;7492
R2YFSMMIRV8IPD;B0188KPKB2;4831
R2YFUOABG0IRC6;B078KRFWQB;8289
R2YGR0FZXDNLXL;B01MY839VW;7602
R2YH785B1MQJI2;B07M69276N;3180
R2YJT6N81TWW2J;B0756CLQWL;7865
R2YJZKVTCUJAVZ;B0B3RRWSF6;8411
R2YJZKVTCUJAVZ;B0B3RS9DNF;8411
R2YJZKVTCUJAVZ;B0B3RSDSZ3;8411
R2YKA1GGN5SFQE;B00W56GLOQ;2589
R2YKPF09C6G76;B09JPC82QC;4073
R2YLDT44YPDA2G;B0B4PPD89B;8250
R2YMG0H31K4P6J;B0746JGVDS;1143
R2YMIH3T7VWAY1;B07DC4RZPY;5861
R2YMRG3A0V8G85;B0085IATT6;5872
R2YO9JLN30A1KG;B07WGPBXY9;1181
R2YP2T8VIP3UG2;B07LDPLSZC;6677
R2YP7C5YQJME2G;B00URH5E34;993
R2YQHZ0LLWV1HI;B07Q4QV1DL;3361
R2YQHZ0LLWV1HI;B088ZFJY82;3361
R2YQKYW342PMX8;B08CFCK6CW;273
R2YQLYQBK2TJXI;B0BCKWZ884;8303
R2YQPN91YO0X0O;B07MSLTW8Z;6499
R2YQQJIT5CF1YI;B086X18Q71;6074
R2YRO4XIULCK99;B013B2WGT6;7671
R2YT02USWR83PT;B00K57MR22;2458
R2YTL99CZ1KY8F;B09F6KL23R;4950
R2YTO8AY71C7JE;B015GX9Y0W;4041
R2YU0RDOUNLB5M;B08FY4FG5X;1984
R2YU28MLKMSTYH;B09X5HD5T1;3952
R2YU5RDRT44DE6;B0711PVX6Z;4272
R2YU5RDRT44DE6;B07232M876;4272
R2YUL0HEHC0ZN2;B07GNC2592;2536
R2YVK4E6L5KZUB;B075ZTJ9XR;5527
R2YVWM2WLBVV3S;B09SJ1FTYV;5374
R2YW5LSIWDR1XE;B07989VV5K;5229
R2YWPNEAQVJ9ZA;B08J4PL1Z3;3621
R2YWR1DW9SZNN2;B07NCKMXVZ;8719
R2YX4PL3F59OHC;B014SZPBM4;2940
R2YZHYSB1WOZ5T;B08LPJZSSW;7657
R2YZOJVWTFMYAH;B0B2CWRDB1;495
R2Z00XYFTN4T2Y;B0141EZMAI;7684
R2Z12TXTO619EK;B07TC9F7PN;4183
R2Z1QU2RURR98B;B00EYW1U68;2726
R2Z21OHZH69ASO;B009P2LK08;8414
R2Z2ZTUR54RPC9;B0B4PPD89B;3068
R2Z3IYVCJ69HJ;B09NNGHG22;603
R2Z407G3IUP73E;B07QMRHWJD;3787
R2Z4EQK80846LQ;B0187F2IOK;8474
R2Z4FJ0M105SGA;B008YW8M0G;4960
R2Z4GQU0ZVOH1G;B01J0XWYKQ;2424
R2Z5OEPE3ETYSP;B0B8ZKWGKD;8496
R2Z5R4CWX4B3KB;B0B9XN9S3W;5572
R2Z63F1D26ZLCT;B08QDPB1SL;2275
R2Z7DBSSRDF206;B01LYLJ99X;2507
R2Z85B5IROTGYA;B071R3LHFM;5692
R2Z87EX8J8LDLZ;B081NHWT6Z;1440
R2Z8H0DEYU31U1;B0819ZZK5K;3617
R2Z8JARJBUORLB;B07Y9PY6Y1;3035
R2Z8KROCR44X60;B0798PJPCL;4589
R2Z92RDSJM71FU;B0BP89YBC1;5193
R2Z93X38SWW7IL;B006LW0WDQ;4393
R2Z993M5W7NJG7;B07H8W9PB6;7448
R2Z9AE3YXBSR2C;B01NCVJMKX;1367
R2Z9ENI1BK4EAB;B008FWZGSG;1606
R2Z9OI179SYEC3;B0117H7GZ6;2740
R2ZAAKRLUZBNOY;B00R1P3B4O;4076
R2ZAGKBTL8IEMI;B085HY1DGR;7966
R2ZBBYSOYN3KBL;B08PKBMJKS;5758
R2ZC03S4QXOW4Y;B01486F4G6;8896
R2ZCXVKC7DFULV;B09P18XVW6;2279
R2ZCXVKC7DFULV;B09PLFJ7ZW;2279
R2ZE4LMVZ6V163;B08JW1GVS7;6383
R2ZE7W8O3H9N0D;B07MP21WJD;1311
R2ZE9NQLM0OD5B;B08JW1GVS7;8080
R2ZFEFLH2H6BOJ;B09Y358DZQ;8382
R2ZFSEQ2HU3CY1;B09LHXNZLR;6818
R2ZFTAZ2P1OHB1;B0117H7GZ6;3680
R2ZG9F0E80XAWQ;B07XJWTYM2;5175
R2ZGW8UHY6BQD;B08TM71L54;1527
R2ZHISR958ZRRA;B09LV1CMGH;2404
R2ZI5FCZK684JN;B09NBZ36F7;7240
R2ZI8M3NTETFJT;B07YNTJ8ZM;428
R2ZJA3OLIBCR6J;B07DGD4Z4C;4512
R2ZKYL29SIG5A3;B08MV82R99;167
R2ZL6XILY5JIM6;B078WB1VWJ;6066
R2ZOR8P02Z5J8F;B01N90RZ4M;2067
R2ZPNHBNB2GKBC;B088WCFPQF;4329
R2ZPR72HXJDDTX;B09CTRPSJR;7850
R2ZPWCXL5SRL4K;B0BCYQY9X5;7591
R2ZQ1L37VEHS9C;B01LY9W8AF;1642
R2ZQ3KNS6ADZKG;B07WGMMQGP;2477
R2ZQ3KNS6ADZKG;B07WHQBZLS;2477
R2ZQ3KNS6ADZKG;B07WJWRNVK;2477
R2ZQ5A84YMYF5L;B086X18Q71;5330
R2ZQ7IF3YXTAYB;B00KXULGJQ;8130
R2ZR4F1TUAY3MT;B0B8XNPQPN;7271
R2ZR75W02IPC5C;B09PTT8DZF;1820
R2ZRD154AT00TN;B0B25LQQPC;3363
R2ZRRP5SOEP2S6;B00P93X0VO;3958
R2ZS039FIJFE2X;B08RZ12GKR;8903
R2ZSKNB3CB2RWC;B01NCVJMKX;2987
R2ZU0WUMZ3CLX6;B09RKFBCV7;2153
R2ZWFXXHXYUE8T;B083P71WKK;1707
R2ZXDFN8U4X0T3;B01M72LILF;804
R2ZXJGVOZAF18U;B08J7VCT12;288
R2ZY2SYWQPC3U9;B088Z1YWBC;70
R2ZYHN8QERPN3K;B07D2NMTTV;6770
R2ZYS8OJWNY7VY;B09MT84WV5;6166
R2ZZZJ36VTNHMV;B0832W3B7Q;4288
R300Z83BCAV2UK;B0BBN3WF7V;5453
R300Z83BCAV2UK;B0BBN4DZBD;5453
R300Z83BCAV2UK;B0BBN56J5H;5453
R301AKJI57TYXO;B01L7C4IU2;7793
R301O6LFOU2YZ8;B07GVR9TG7;8983
R3021SP9CQ8U4W;B08HDCWDXD;2403
R3022ERQVPT7PV;B08BQ947H3;5832
R302A87U6XE21L;B084BR3QX8;5036
R302B7X6H0GIC0;B095JPKPH3;7748
R302B7X6H0GIC0;B095JQVC7N;7748
R302QB4GVL3F8T;B00J5DYCCA;3468
R3039214P7QOXS;B07WGPBXY9;504
R306AT7RAPPB4F;B07LFWP97N;7308
R306AVQBBWQ1YE;B09KH58JZR;5952
R3079BG1NIH6MB;B00J5DYCCA;2956
R307WJGWC40TMF;B09BW2GP18;5677
R308RAFFO7RANL;B014SZPBM4;1718
R308SN93TO86XV;B07YL54NVJ;8687
R3099XAIXYVYOG;B07JQKQ91F;4784
R30A4W4FNOBF2H;B01NCVJMKX;2983
R30ADKRID5GLDX;B093QCY6YJ;1832
R30B6VRIVHWOIP;B08XXVXP3J;3548
R30BJ29AF18U6C;B0B1MDZV9C;146
R30CBX7NG9VUZ6;B0B4KPCBSH;6845
R30DTM6QZ6M7WP;B07YFWVRCM;3542
R30EEG2FNJSN5I;B01486F4G6;4138
R30ELP5YFHQ2F3;B0BCZCQTJX;3919
R30EQTCL98LVFB;B08JD36C6H;8290
R30F23SQTDLJPU;B08D77XZX5;683
R30ID8UXCDX35K;B00S9BSJC8;1155
R30IFO0Q1K73E9;B07NKNBTT3;3356
R30IUGWUAWZ7VQ;B08FY4FG5X;3105
R30J2L74QHTQP9;B09RMQYHLH;2969
R30JYCY5VQ94Q1;B07YL54NVJ;7352
R30L263BU0PTZP;B09YV3K34W;7851
R30L263BU0PTZP;B09YV4MW2T;7851
R30L9O9HJ5UAK7;B075DB1F13;7382
R30LKPXEPE0CZE;B07F6GXNPB;3941
R30MBA23XKW10R;B07DWFX9YS;6258
R30MFJXWFH5IPS;B0718ZN31Q;6879
R30MQSL9GAYO5P;B08MZQBFLN;9041
R30NWHS9ZD2AZJ;B07W14CHV8;3542
R30OIQ72ROOPO7;B00YMJ0OI8;3108
R30OSVBH5LSPGK;B08KS2KQTK;4971
R30PHBPIAKX58X;B00KIE28X0;7738
R30QSC12YCL842;B07FJNNZCJ;4985
R30RLRRT0OJMVO;B0BBFJ9M3X;2547
R30RWR4U1S29DD;B01EZ0X3L8;626
R30SGGX9LU3IEW;B075K76YW1;6829
R30SI7ZT69PI47;B088WCFPQF;8066
R30SKUMYLSXXDN;B0B4F1YC3J;5417
R30SKUMYLSXXDN;B0B4F2TTTS;5417
R30SKUMYLSXXDN;B0B4F2XCK3;5417
R30SKUMYLSXXDN;B0B4F2ZWL3;5417
R30SKUMYLSXXDN;B0B4F3QNDM;5417
R30SKUMYLSXXDN;B0B4F4QZ1H;5417
R30SKUMYLSXXDN;B0B4F52B5X;5417
R30SKUMYLSXXDN;B0B4F5L738;5417
R30SUJFMTAMCL2;B09NNZ1GF7;6956
R30SWI8U6K7PDR;B00V4BGDKU;8399
R30SWI8U6K7PDR;B08FYB5HHK;8399
R30U7W2G83AI48;B08SMJT55F;2349
R30U9FM8KQM6XF;B09GB5B4BK;725
R30UMY6PRVGYKT;B08BJN4MP3;8383
R30UYREI7BF2FB;B09ZQK9X8G;586
R30VMLL7S21LYI;B09Z28BQZT;5547
R30W8FL25XCO0K;B09FFK1PQG;8320
R30X514IQ3NWX4;B086JTMRYL;1129
R30XR6S4XC243Y;B082T6GXS5;2341
R30Y52H4BDOPGE;B07WMS7TWB;4232
R30Y585J7G8SHZ;B00S2SEV7K;8864
R30Z26FC4CVOIK;B08RZ12GKR;7418
R30ZEL9WYE5DVP;B09DL9978Y;5324
R30ZSNYE78E0O2;B0994GFWBH;2851
R30ZSNYE78E0O2;B0B4G2MWSB;2851
R30ZXKRSMH8MBC;B0B1MDZV9C;1260
R31072TMP1DQYQ;B00P93X0VO;8506
R310CKEQ2EYBD8;B00P93X0VO;5841
R310TJNPM9I9ZO;B07N42JB4S;4892
R311BANNTQSXO1;B07222HQKP;2348
R311N5TCOLN080;B07QDSN9V6;497
R3122SJIEKZ4O2;B0B9JZW1SQ;5215
R3128T0PG1V9CH;B0B244R4KB;639
R3129KHZHX9V13;B0BMVWKZ8G;7238
R312VCX5UBOTYJ;B07L5L4GTB;5245
R312ZA2IHXIXXF;B07PFJ5VQD;7862
R312ZA2IHXIXXF;B07PFJ5W31;7862
R313IF9FNSCCXG;B08H6CZSHT;1539
R314WOWD2JI7BC;B014HDJ7ZE;6942
R315K0BCU0KVKO;B0B53DS4TF;1610
R315NLYKTWFJX2;B09DL9978Y;6095
R3160KII7MBSDT;B08CHKQ8D4;8799
R3160KII7MBSDT;B09HV71RL1;8799
R3163MRJDEJMN7;B08TDJ5BVF;762
R317WT80E3F4I2;B09SFRNKSR;2846
R31840VH3LEY09;B082KVTRW8;506
R31A0WWDEYMKEW;B08DPLCM6T;3295
R31A5RDIAY3O0R;B08XXVXP3J;6727
R31ADVYIHSBKCJ;B084MZYBTV;5834
R31AIVLTBLTZZL;B09H7JDJCW;7925
R31AMOLX49DVF8;B0B3N7LR6K;5082
R31AMOLX49DVF8;B0B3NDPCS9;5082
R31BGTIUFLQNT5;B09RFB2SJQ;8454
R31BXRU0GAOB26;B08HV83HL3;4675
R31BXRU0GAOB26;B08HVJCW95;4675
R31BXRU0GAOB26;B08HVL8QN3;4675
R31BYR22O09BLQ;B00BN5SNF0;5768
R31DBGRCUR5AST;B0B2DD66GS;8177
R31DY4L4738GNN;B0085W2MUQ;5481
R31DZYVAC4G3AB;B0162LYSFS;8920
R31EQO2072ECK1;B008LN8KDM;2056
R31G5IFN5GICYC;B08G28Z33M;8403
R31GOALBI9UPLK;B08YDFX7Y1;4607
R31H48RDL3O4K9;B089BDBDGM;268
R31JIXX5TZG1TQ;B0981XSZJ7;361
R31K3QIMP4B1CU;B08H6B3G96;4704
R31KHU73E9BSU4;B08MC57J31;7784
R31KHWPY0W4RI9;B081NHWT6Z;6425
R31LY209STYNRQ;B07Z1YVP72;6141
R31M0VY9OTJB9I;B01LY9W8AF;6773
R31M7C08CPXCB3;B0B4KPCBSH;2870
R31M8UXT7NLOMY;B0BFBNXS94;7309
R31MJTM38BI4DT;B09P182Z2H;1411
R31NFMTNJIPKMQ;B07JNVF678;2735
R31NFMTNJIPKMQ;B07JPJJZ2H;2735
R31NPLPBEHHJVO;B07222HQKP;2890
R31OMS6DNMI7M;B083342NKJ;3977
R31OSHB7AMO3J0;B0756KCV5K;5958
R31P2Q316FHLME;B08FN6WGDQ;5026
R31P4MQH7YLP4I;B0BNV7JM5Y;8996
R31P4MQH7YLP4I;B0BNVBJW2S;8996
R31P7Y321UTDK1;B09T3KB6JZ;4225
R31PGOF9FRDEV4;B08G28Z33M;6239
R31QEV79S8TQLC;B01KCSGBU2;8068
R31QG2GYR8A37S;B07NPBG1B4;8467
R31QLHY7PDUZ58;B08H6CZSHT;1677
R31RTO2FZW8SEN;B08YDFX7Y1;3290
R31RUINAE4JQ9V;B0BMTZ4T1D;6536
R31SG7WHIC9NCU;B08VGM3YMF;3012
R31SLKS6LD3XU1;B091KNVNS9;2043
R31T82ERD3ZMK4;B07DXRGWDJ;3909
R31TAZ4NSJ9QJU;B0814LP6S9;8223
R31U43BO6CMP8K;B07KNM95JK;5375
R31UEUZ7SSSMWI;B0116MIKKC;7049
R31WPX3OC28CK7;B0756CLQWL;7762
R31WQ6LSRGW2ZR;B0B9RZ4G4W;5080
R31X014WG1MEMQ;B07X963JNS;1889
R31X014WG1MEMQ;B08HF4W2CT;1889
R31X4I2TGYDUN8;B014SZO90Y;2343
R31XXA5MOY1R4E;B08HLZ28QC;1859
R31ZE4UADPDRG4;B0BN6M3TCM;322
R320E1OP4NVG4E;B07VZH6ZBB;2131
R322DDJFFCLA2H;B0BHVPTM2C;1284
R322EU1EPO0EFK;B07ZKD8T1Q;2643
R323N508KO5VMR;B09F5Z694W;4406
R323P80OW5K9CY;B08RZ5K9YH;863
R323XTLZ6XF443;B08FGNPQ9X;5903
R3249U1QZNGT1F;B07NCKMXVZ;3229
R324Z6DBVNDHWF;B07B5XJ572;822
R32542OPR0QC4I;B08DPLCM6T;1278
R325EKU2FKEM30;B00NM6MO26;7375
R326AAFTL0LMUL;B0856HY85J;3761
R327DMIJNSD3TN;B07P1BR7L8;3700
R327KYMPRK1R5H;B09DG9VNWB;5364
R327QF3X1RB0MK;B08KS2KQTK;5794
R329AA8VGH4II1;B0759QMF85;705
R329DLXLSGR4NS;B0972BQ2RS;4598
R32B17ZRIFM6DK;B07YR26BJ3;1823
R32BCA8W6W1KIF;B08ZXZ362Z;8877
R32BCBNUXTRTEL;B09MT6XSFW;7676
R32BCBNUXTRTEL;B09MT84WV5;7676
R32BKKKHT3F1P3;B08F47T4X5;6467
R32BTYN4QF56J9;B0B97D658R;4497
R32BWJB87WA6L9;B009P2LK80;1372
R32C8DOWXVBIQP;B09VT6JKRP;8645
R32C98BJ9DRL79;B09KPXTZXN;2830
R32DF3HCO27053;B09ZPJT8B2;4875
R32DO8SLNF2JSA;B0B7L86YCB;5383
R32DQPFQOKWAPF;B07RCGTZ4M;6558
R32DSGGUO0K1G0;B06XPYRWV5;5250
R32EKF5FX50T0C;B0B8XNPQPN;2
R32FKIYH8C9GMX;B09TBCVJS3;2889
R32FXB6GR3QTL0;B00NM6MO26;7292
R32GL6C68NHZHW;B07R679HTT;6988
R32GOT9K2GCKQG;B07YNTJ8ZM;3522
R32GR67TTDTEH;B085LPT5F4;1239
R32I8HG9OTUY0V;B086GVRP63;2874
R32ISLP60XI7WG;B0B8ZM9RVV;1851
R32J5M2PXSRPZ9;B08WKCTFF3;4635
R32JIC0LIX3QC8;B08498H13H;4074
R32JNJANRO8KLT;B08PPHFXG3;6760
R32JWEJRN39EQK;B09F6VHQXB;7065
R32JZC43P990BL;B09C6HWG18;8507
R32K7NCIA17OJN;B08VGFX2B6;4703
R32KN5G7FW7ZJ9;B0BGPN4GGH;486
R32LTUGL01I85B;B094JB13XL;5455
R32LTUGL01I85B;B09BNXQ6BR;5455
R32M7U7Z9W2OU1;B00H3H03Q4;4901
R32MNCWO5LGFCG;B09C6HXFC1;2908
R32MW4CZK929NC;B0B8CHJLWJ;3660
R32MZ6ODLN2H45;B09ZK6THRR;5887
R32N5S5Q1W3RHU;B0819ZZK5K;2389
R32PBJHMTKPBKA;B00KIE28X0;1904
R32PBSE5T01GP3;B09Y5MP7C4;7993
R32Q6QP914FG3A;B09YHLPQYT;3845
R32Q73104YVTTE;B07TC9F7PN;1934
R32QHTM45T5S7N;B09CTRPSJR;6111
R32QZKQVJYCE4S;B08YXJJW8H;7184
R32RBHMK1ESFTN;B08HV83HL3;6432
R32RBHMK1ESFTN;B08HVJCW95;6432
R32RBHMK1ESFTN;B08HVL8QN3;6432
R32RTSWNYGFNT3;B09YLWT89W;4899
R32SRTV86GX7PE;B0B84QN4CN;6972
R32T8N4D11SFYS;B0989W6J2F;6090
R32TYHHODHTF5D;B08WRWPM22;8218
R32UNDTOGI8EL1;B0B5GJRTHB;562
R32UWFLL51XWFR;B00GGGOYEU;2642
R32UYDCW4OGWK2;B07S851WX5;4021
R32V7DQLDSKJ99;B08PV1X771;4171
R32V7DQLDSKJ99;B09F6S8BT6;4171
R32VH8C2WKSPBO;B0BPBXNQQT;8166
R32VTB32ABV5KD;B015ZXUDD0;111
R32X1CLMKWWKDE;B01M5F614J;2915
R32XCAYQRNE0Q3;B09F6D21BY;7131
R32XRJ1D68UAD7;B07LFWP97N;3292
R32XZQTB1BP0J8;B093QCY6YJ;3754
R32Y3RXFGS0N8S;B07WDK3ZS6;7551
R32Y3RXFGS0N8S;B07WDKLRM4;7551
R32Y3RXFGS0N8S;B07WGPKMP5;7551
R32Y3RXFGS0N8S;B07WGPKTS4;7551
R32Y3RXFGS0N8S;B07WHQWXL7;7551
R32Y3RXFGS0N8S;B07WJV6P1R;7551
R32YNMGVH3EGMZ;B0BPBG712X;839
R32YZCYBC5ZRV5;B09MQSCJQ1;2786
R32Z0RYAEN1DFC;B09MDCZJXS;7097
R32Z3826SCWBZC;B07YCBSCYB;4054
R32ZAHCTMN2A02;B00JBNZPFM;28
R32ZCIH9AFNJ60;B07YTNKVJQ;2641
R32ZCIH9AFNJ60;B08DDRGWTJ;2641
R331A15NMMC2WR;B07N8RQ6W7;2707
R331DK9D3GC0XJ;B09C6HWG18;6147
R3333X2IOK8J6C;B0BJYSCWFQ;5401
R333HIWFHBI9EX;B08CYNJ5KY;6403
R333JM0032BELJ;B08JW1GVS7;2247
R3347MGIFGCWJS;B0085W2MUQ;4121
R334FKVINA14QI;B09W9V2PXG;3190
R334FL43ACWCPH;B06XFTHCNY;6240
R3350GX4GSKBOU;B09MM6P76N;276
R3358EO9V9WHQ0;B01J1CFO5I;4860
R336HLDD03LJVQ;B01IBRHE3E;6898
R336MX0EBVUGIL;B00LHZW3XY;5945
R3375SVOFCYTFF;B09MT94QLL;307
R337P06I7YZ3FT;B00DJ5N9VK;5767
R337QVI8OQCWBB;B0B4PPD89B;7988
R339F0FNSVUUP1;B08HV83HL3;2660
R339F0FNSVUUP1;B08HVJCW95;2660
R339F0FNSVUUP1;B08HVL8QN3;2660
R339XJL1GMKHA3;B08CF3D7QR;4339
R33A1O2FLMSC3Z;B08TDJNM3G;1308
R33B3888A0I1MF;B0814LP6S9;1788
R33BQQEDDFKSME;B08L4SBJRY;8897
R33BXR8IIASQCO;B07X963JNS;3244
R33BXR8IIASQCO;B08HF4W2CT;3244
R33D06F6025R9G;B09WF4Q7B3;8009
R33DUUU55Z1BOA;B07S851WX5;5721
R33DVXFB4VYPZZ;B002SZEOLG;7790
R33DVXFB4VYPZZ;B0088TKTY2;7790
R33DVXFB4VYPZZ;B008IFXQFU;7790
R33ESF798DW0KS;B09P564ZTJ;5701
R33EXPRT4EBMKP;B01L8ZNWN2;6220
R33F0EVLTMR7Q0;B08C7TYHPB;1622
R33GJM990WL2D;B09HK9JH4F;3533
R33GJM990WL2D;B09L835C3V;3533
R33GS11AUPGB40;B0BCVJ3PVP;3613
R33GW8VLIA7TOI;B09BF8JBWX;4000
R33H1PAT91Y88G;B075S9FVRY;4500
R33HUOHF3IL2CM;B0B3X2BY3M;4109
R33J3X2N75IXU3;B0B3N7LR6K;188
R33J3X2N75IXU3;B0B3NDPCS9;188
R33JXSES80JB74;B08D64C9FN;1064
R33M2Q7OES3GBK;B09VGKFM7Y;3834
R33MZE2UWBBE68;B08498H13H;569
R33ND5PEC4ILD9;B00P0R95EA;6977
R33NMVBM2NHVRJ;B009P2LK08;1347
R33OGOISGY92FA;B08TDJNM3G;7199
R33OLTLASD1YIK;B09XHXXCFH;7651
R33P4PO6NUBWHY;B06XR9PR5X;5347
R33PGOF5ODIFCJ;B0B54Y2SNX;7311
R33PHX4BSNENA9;B07GVR9TG7;8537
R33PT3WKA3D15Q;B0B31FR4Y2;5146
R33PWFEYQMQH30;B07F6GXNPB;6336
R33QHW049WSWGB;B09NL4DCXK;956
R33QHW049WSWGB;B09T37CKQ5;956
R33RASBIQKH1EX;B08GJ57MKL;7805
R33RK3EZHCIJ1U;B08498H13H;7670
R33RURRS0SE6WD;B09RMQYHLH;3030
R33SSIWTU7O0HN;B08S6RKT4L;6180
R33U0ERE0GVMNJ;B09MT6XSFW;5717
R33U0ERE0GVMNJ;B09MT84WV5;5717
R33U1N9CEPKMUI;B0814P4L98;469
R33UGZXCUN1PDT;B00K57MR22;8133
R33UMDW7NR862;B098LCVYPW;8539
R33UQYGSTZZE1L;B0B3RHX6B6;2682
R33V9MXUFMY7S8;B07RZZ1QSW;1754
R33VXW5FCRM538;B08235JZFB;11
R33WYRQ1J4RZHO;B00ZYLMQH0;7910
R33XIKQ7ZXFK0M;B08PPHFXG3;4092
R33YS4PO3JWU23;B07F1P8KNV;2929
R33YS4PO3JWU23;B07GVGTSLN;2929
R33ZSGGVAEU2PL;B01GZSQJPA;7976
R3407AFPL16VUS;B09NL4DCXK;2670
R3407AFPL16VUS;B09T37CKQ5;2670
R341EQRY87EZP;B09YLX91QR;3297
R341EQRY87EZP;B09YLXYP7Y;3297
R341EQRY87EZP;B09YLYB9PB;3297
R341FNER86M2NB;B08CHKQ8D4;2883
R341FNER86M2NB;B09HV71RL1;2883
R3426BT3R5BO5T;B09WMTJPG7;7881
R34270LQWK88DA;B00H0B29DI;4533
R342QNGEZ7OI7F;B078WB1VWJ;6527
R343JP2QEQ4OU1;B09NBZ36F7;3565
R344C7U6JUIR8M;B09H39KTTB;6901
R344OPOOMTSVT8;B09163Q5CD;251
R344OTWVD49JUP;B09LRZYBH1;4104
R345JC4508EPTU;B09ZPM4C2C;4981
R346UHG3CHA35Z;B07H1S7XW8;5943
R3471IKLH5WNBP;B00KRCBA6E;3525
R3477DOFU8L9AH;B09LRZYBH1;2769
R347KU67LE6JEH;B0BMXMLSMM;3431
R347N3QN1A9C;B096TWZRJC;7662
R34816YEM3Y2VJ;B0B3RRWSF6;8682
R34816YEM3Y2VJ;B0B3RS9DNF;8682
R34816YEM3Y2VJ;B0B3RSDSZ3;8682
R348X4GTO6PQU9;B08C7TYHPB;4064
R34ALRVGYAYJDY;B07RY2X9MP;3640
R34BR22MYWCGQM;B073BRXPZX;2018
R34BRCDN96SCK5;B08F47T4X5;6417
R34CIRAX73RLH1;B075S9FVRY;3343
R34D9LRZ543WW0;B07TR5HSR9;2986
R34E060GCVBLI5;B07X2L5Z8C;870
R34FJ47D26EV7N;B0B3X2BY3M;5578
R34GHCVBN6M7BX;B0BNLFQDG2;4248
R34GKFJOAIA0ZM;B07Q4NJQC5;5902
R34GOU1HWA68GA;B07X963JNS;3425
R34GOU1HWA68GA;B08HF4W2CT;3425
R34GXFIAQ89K4W;B08CYPB15D;6022
R34H8D7WJ570X3;B08DCVRW98;2381
R34HN1WQOVXABP;B08VRMK55F;6264
R34I2C57PM5OA3;B09CMQRQM6;8982
R34J3428JVACPO;B07LFQLKFZ;4610
R34JI2S82934EL;B078HG2ZPS;4397
R34JSLSU3JZOPE;B09NNJ9WYM;4062
R34K4FWTB5W7AY;B08WRBG3XW;4997
R34LHGI3NRQ0Y2;B08D75R3Z1;3204
R34LKJ4RXUSRS3;B01J1CFO5I;1393
R34MKCOD6O491E;B00LZLPYHW;8373
R34MTIAB8IHAI;B08MTCKDYN;4341
R34N3UV1B4LL6W;B0971DWFDT;8161
R34NPCR94RTTCU;B08YK7BBD2;766
R34NVGOBJPJX6D;B086Q3QMFS;2278
R34NVXTC9AB26E;B099PR2GQJ;1123
R34O4E591I5RJN;B094JB13XL;5135
R34O4E591I5RJN;B09BNXQ6BR;5135
R34OFX5U5EEJNN;B01N1XVVLC;2570
R34OI72B1EV5GJ;B08YXJJW8H;616
R34OST6S1F8457;B08G43CCLC;4282
R34P8ODO8FUBK6;B0BMGB2TPR;7393
R34P8ODO8FUBK6;B0BMGB3CH9;7393
R34P8ODO8FUBK6;B0BMGG6NKT;7393
R34PAL55K2YM9U;B0B466C3G4;4003
R34PJA3123VAT3;B071VMP1Z4;1099
R34PTECLSNQ92Q;B07RX42D3D;2210
R34PV1REW30PDN;B0746JGVDS;7853
R34PWVCC9VENM9;B01L6MT7E0;8064
R34PYQGTCYUFYB;B09GBBJV72;8448
R34PZ2AX727RPD;B09CMP1SC8;377
R34Q7V1IOZELM0;B0B3RHX6B6;3208
R34QGD0WN73BME;B00A7PLVU6;4387
R34R6IMCCGAV5E;B075K76YW1;5125
R34RBTS6ZN4MQ0;B07RY2X9MP;4081
R34RH86MGL4HFB;B0994GFWBH;5906
R34RH86MGL4HFB;B0B4G2MWSB;5906
R34S7CW9IYNOUR;B09HN7LD5L;4024
R34U15DVK45JC1;B0993BB11X;5465
R34U15DVK45JC1;B09MZCQYHZ;5465
R34U56TMQL8B9J;B09ZPL5VYM;2481
R34V1K30QYA0OB;B08CF4SCNP;7441
R34VA5BFT3PL9D;B09F3PDDRF;1768
R34W3B1C7RP98Q;B085DTN6R2;1478
R34WAR6NQSVZBI;B07G3YNLJB;5530
R34WQMRY9WM6SZ;B097XJQZ8H;5457
R34X4JUGZSMYZ3;B0BMFD94VD;3486
R34X9P95PZ5OX2;B07DZ986Q2;2212
R34XJ1XQ2W72IB;B081B1JL35;4958
R34YWIBFYLRQ7S;B09VGS66FV;8315
R34ZQBSQFAGSQB;B09RZS1NQT;4936
R350NLPEFNPHPG;B01C8P29N0;1202
R35122PFZXLW77;B08ZXZ362Z;963
R351DYT9RZYVC0;B0B9BXKBC7;8142
R351RRLG83JZDV;B016MDK4F4;3629
R351V55RSSHHKF;B07DFYJRQV;4741
R352PKGSDAV1AW;B096YCN3SD;3766
R352VUE5QTHFFF;B01M5F614J;8789
R353E48ZIM1PQV;B07JZSG42Y;5874
R353OSCK8VF5E3;B093QCY6YJ;5438
R354OSXK2IT8BE;B07RX14W1Q;6061
R355AITAQWV51A;B083J64CBB;654
R355B0JH9K3ZSR;B07JQKQ91F;2484
R355G76ECUQ7GN;B0B84KSH3X;732
R355OON0DQZ7G1;B09NTHQRW3;6290
R355RN0CHT6Z4Z;B08G1RW2Q3;3783
R3573XWMBZ88LW;B014HDJ7ZE;6880
R357MDXJPLIJ9E;B09P18XVW6;4547
R357MDXJPLIJ9E;B09PLFJ7ZW;4547
R357SWC6WSG1AM;B01LY9W8AF;1102
R3589B83QJ7IR8;B09VT6JKRP;5235
R358NA83FQL4AE;B07Z51CGGH;2596
R358NYWUQLR163;B09N3ZNHTY;7182
R358SS960NFBLL;B07WDK3ZS2;3203
R358SS960NFBLL;B07WFPMGQQ;3203
R358SS960NFBLL;B07WHSJXLF;3203
R35AWS6LOXIHFR;B00NM6MO26;507
R35BM4THHJHAUB;B0BCVJ3PVP;1212
R35C9T5EDL0MJG;B08QW937WV;6368
R35DGD2XREWO5P;B09BF8JBWX;7290
R35DGGWKAGGN7H;B00LP9RFSU;514
R35EO3S4EWYA5S;B08Y57TPDM;5491
R35ER803GJHN21;B07VX71FZP;8152
R35EUWKBBEGRNB;B078JDNZJ8;5662
R35EVJOKZHKDLL;B01NCVJMKX;4403
R35FYRYXQJUQKR;B09MB3DKG1;3936
R35G82LMN1P1V4;B07Q4QV1DL;5458
R35G82LMN1P1V4;B088ZFJY82;5458
R35GQXCRXTDQ4Y;B0B1NX6JTN;4563
R35HIF5EVQDYIM;B00N3XLDW0;5327
R35I0ZZH2J58P7;B082T6V3DT;406
R35IGWMP7EV49V;B0BCZCQTJX;6551
R35JH5KY58ZD3J;B00GGGOYEK;418
R35JPXHI3F33IB;B014SZPBM4;7386
R35JVF8Z4K6TFP;B095244Q22;2702
R35KB9ZGJU69DM;B0BPCJM7TB;4048
R35KI765XWBP34;B0856HY85J;438
R35KJ7NCHW1X1E;B08MVSGXMY;5976
R35KQ2BQ7TKJS8;B00P0R95EA;6896
R35KXOR5W6GU19;B0BCVJ3PVP;8207
R35L3DFIR2VJXK;B09MTLG4TP;7776
R35L5ENDJ4MHKH;B08M66K48D;4707
R35LMI5GBW0RX3;B0BCZCQTJX;557
R35LRIA95CG65D;B015GX9Y0W;7786
R35LSY4BN61KLY;B082T6GVG9;5403
R35LX6CSWTNYSC;B095XCRDQW;7255
R35MC54M7PLU14;B09VKWGZD7;8050
R35MGIOUQQHXWK;B0073QGKAS;5472
R35NUHSRXCQ4I6;B07HK53XM4;3041
R35O9XKPNRSYBT;B09KGV7WSV;8937
R35OUWDVRQF8R5;B09DSXK8JX;7470
R35OUWDVRQF8R5;B09PLD9TCD;7470
R35OW9CYQNAYHY;B08QSC1XY8;1159
R35OW9CYQNAYHY;B08QSDKFGQ;1159
R35P4RV0EBJYMG;B08KRMK9LZ;239
R35PA44HZ71501;B0162LYSFS;2620
R35PEU0UI25EJQ;B0B8CB7MHW;7019
R35QA88TXAIRTF;B08GM5S4CQ;6261
R35QH8XSF5Q7Q8;B01N6LU1VF;4224
R35QWAY83WL8H6;B01GGKYKQM;5373
R35RC96UA66N6R;B08CFCK6CW;962
R35RERUQG5AERU;B071SDRGWL;8869
R35RERUQG5AERU;B077Z65HSD;8869
R35RERUQG5AERU;B0974G5Q2Y;8869
R35RTKDU6GUF5G;B07TC9F7PN;2030
R35S3FG2J2TJAM;B00S9BSJC8;4864
R35S3OO2N2ZEAK;B078HG2ZPS;6463
R35SELFZYYMUZP;B0B61DSF17;4106
R35T9LXYBSP09G;B08CF3D7QR;3009
R35TMVD8F23NNK;B0B12K5BPM;1505
R35TV0FXFCYQ7I;B00NW4UWN6;7785
R35UQJTBQPXBQ6;B09PNR6F8Q;3507
R35UVFYMTLRZXN;B0949SBKMP;7094
R35V054572FNTJ;B00GGGOYEU;7752
R35V1I6KBBWDA1;B0BNDGL26T;2345
R35VC2K2S2FQGC;B089BDBDGM;6059
R35VJEPZY0GU3B;B086WMSCN3;5044
R35VO8VW4L2KA4;B09X76VL5L;4413
R35VPRJY5B5Z2G;B07DC4RZPY;7514
R35W8V6ZATZ2S;B006LW0WDQ;7024
R35XHV3UC3PEXZ;B07V5YF4ND;2723
R35YG940TYIGK5;B09H34V36W;7211
R35YIQ96ZXOU58;B08KHM9VBJ;2685
R35ZZ86LVZLBDC;B0073QGKAS;4236
R3602Y24JS49JI;B0BPCJM7TB;2646
R3604ERFM30Q4D;B0B86CDHL1;2588
R3604ZO2AA4PK5;B07KCMR8D6;2214
R3623Q21H3MKP6;B01DEWVZ2C;3446
R3623Q21H3MKP6;B01DF26V7A;3446
R363CESXF8MX1J;B07J9KXQCC;249
R363W0SG39I6Q6;B00GE55L22;8309
R364MSHPSCBSZC;B078XFKBZL;5507
R364RHY5PGIWWH;B09DSXK8JX;2679
R364RHY5PGIWWH;B09PLD9TCD;2679
R3673WOUZQ8VY4;B0BMVWKZ8G;6925
R367C8BV6Z0S2R;B07KNM95JK;56
R3681SST4J2Y3Q;B07LFWP97N;4313
R368748X71CS6N;B07TXCY3YK;6138
R368GSXQQ4XZOQ;B0B5GF6DQD;6827
R368PRLFS9U4NM;B0BL11S5QK;5962
R368V5GBBAVTKL;B084PJSSQ1;1635
R369A5WFHNY685;B08FD2VSD9;5617
R369ID2WU66LI8;B0B12K5BPM;3150
R369X3BEG4QPC4;B07B275VN9;3382
R36AIOIL7WO6HZ;B09939XJX8;5521
R36C315MIJHD4N;B08TTRVWKY;4293
R36C67830VNHAA;B01M4GGIVU;4760
R36C67830VNHAA;B01M5967SY;4760
R36CFZQPBAIJV8;B08PFSZ7FH;7427
R36CM7BFMNFGKB;B01L8ZNWN2;5576
R36EHHPAQNSSOF;B08DPLCM6T;2869
R36FWR9CD7IDB9;B07GXPDLYQ;3449
R36FYJ9DGL1QL1;B09LHYZ3GJ;1753
R36FYJ9DGL1QL1;B09LHZSMRR;1753
R36FYJ9DGL1QL1;B09LJ116B5;1753
R36G8V9B8EIG4Z;B07WKB69RS;8257
R36GKVZB8QEVRH;B093QCY6YJ;4731
R36H099OCB985O;B09KPXTZXN;6497
R36HIFX1JD7NM3;B098LCVYPW;4685
R36HQ7DOFZO43R;B09W9V2PXG;4887
R36IMPCVTWBT4A;B08ZHYNTM1;7317
R36IXNHZC037AW;B0BM9H2NY9;1486
R36J5LRZNMMZXL;B097R25DP7;8538
R36NLGQ9NGSPCE;B01MY839VW;9037
R36NVL58WQ7D64;B09KLVMZ3B;7562
R36NXFD7X76116;B08YD264ZS;703
R36O11JTBG8NKH;B08K9PX15C;4917
R36OP1C03QSZ5Y;B07W6VWZ8C;1258
R36P6ISAFGCWW9;B078JBK4GX;3983
R36Q3E93BNHP9F;B07W6VWZ8C;6303
R36R7R03G3ZTT9;B09WF4Q7B3;3230
R36S9O1V8N2YVM;B08LT9BMPP;4016
R36T09OX35WPH0;B09FKDH6FS;3112
R36TOBMRAZCRCQ;B08L879JSN;1894
R36UIGIQWYOKT;B09TWH8YHM;7940
R36UIGIQWYOKT;B09TWHTBKQ;7940
R36UIGIQWYOKT;B0B14MR9L1;7940
R36UJ8EW67NBJ8;B09F5Z694W;6908
R36V1YMVL43QN7;B099PR2GQJ;4615
R36V21B0F30IAW;B017PDR9N0;6738
R36V83UCGEC2K2;B07T4D9FNY;3555
R36VHNVQVB9LZQ;B01LWYDEQ7;2353
R36X1KA9QU05FD;B09ZPJT8B2;5895
R36X9P0X5BIB9V;B07KR5P3YD;1100
R36XGTWLTTWPKY;B0B5GF6DQD;3172
R36XQGHL3TG2S2;B00AXHBBXU;7495
R36Y3XNBK12QV8;B09N6TTHT6;5153
R36Y9I6V38K4CI;B09LD3116F;443
R36YHQKR1456NC;B0B9F9PT8R;864
R36ZW65JOPFS8L;B08D9MNH4B;6367
R371DWJKXPJFFL;B08XMG618K;4099
R371GCMZMTM6ZS;B07R99NBVB;5042
R371P01X49V8QV;B07W4HTS8Q;7037
R371Z2WNIHW6BE;B0187F2IOK;2897
R3721R2I1BFETF;B071Z8M4KX;1609
R3721R2I1BFETF;B07GPXXNNG;1609
R3721R2I1BFETF;B07GQD4K6L;1609
R372LY89QNU1WS;B00A328ENA;4763
R372RHOH38PJ9W;B07F1T31ZZ;6644
R374DNITJO308B;B09939XJX8;5738
R374MN6Y3HGVY6;B09CTWFV5W;2894
R374YBV58QVZRY;B08LKS3LSP;7245
R375X8JYM7319I;B08L4SBJRY;3043
R375ZRISQJ6XN5;B09RF2QXGX;1264
R376767ZF0GAG9;B075K76YW1;6966
R376OUGP5M5AHS;B09WF4Q7B3;1325
R377A8K2HZUIKP;B0993BB11X;8922
R377A8K2HZUIKP;B09MZCQYHZ;8922
R377ECW39RO5EJ;B09P8M18QM;234
R3790HUAN7KW93;B07TCN5VR9;1814
R379I7FFI2OSHR;B01EZ0X3L8;4679
R37AW7ZXTQ47JI;B09NTHQRW3;7891
R37B1CGX8LWLNS;B0BBMPH39N;1649
R37BE8EXG1TX8H;B01LY9W8AF;2506
R37BJY9SQYRX82;B0B8SSZ76F;492
R37BU4XVJNNTLH;B0949SBKMP;5081
R37CHVALZ1PLJG;B08F47T4X5;2028
R37D7HJR4MR520;B09CMP1SC8;7742
R37E7QJET0BYE8;B08L5FM4JC;7927
R37E7QJET0BYE8;B08L5HMJVW;7927
R37E7QJET0BYE8;B0BDRVFDKP;7927
R37E7QJET0BYE8;B0BDYVC5TD;7927
R37E7QJET0BYE8;B0BDYW3RN3;7927
R37EXJUBHQPY55;B00GGGOYEU;7509
R37FILR40ZQ5CU;B08K9PX15C;802
R37FLGM56SKQDQ;B07W7Z6DVL;2602
R37GCUOM2FLA5S;B01MRARGBW;8105
R37H76FMO5LQWM;B07DZ986Q2;4869
R37HBU7GG0NMAJ;B018SJJ0GE;837
R37IQ5X53ZJC0B;B09CMQRQM6;6415
R37IX8UNUF7V26;B09VH568H7;8568
R37IXVPK58NJQ4;B09YHLPQYT;6730
R37J6M8XU8J2UN;B08WRKSF9D;5698
R37JHQEP9ROA6N;B01NBX5RSB;7294
R37JPC46NZUYM4;B07R679HTT;8787
R37JRTFT78JQZP;B09Y5FZK9N;44
R37JZMH1JV7PPA;B09FFK1PQG;7869
R37KB1BSN1FO5Q;B07G147SZD;8597
R37L9U3PHOUSZ1;B07VZYMQNZ;6490
R37LARJ1BGF0R1;B08498D67S;76
R37LC3F796EB2F;B07YFWVRCM;3472
R37MXBYQP6B9UG;B095XCRDQW;8706
R37NLAA34276Y9;B0B4DT8MKT;7403
R37O1AOVLZR8TU;B00KIE28X0;818
R37OWPWWYU7L3G;B0746N6WML;4253
R37PKO5FUPJW35;B085194JFL;8070
R37PSG13H70Z1F;B07L9FW9GF;4471
R37QUY4LLQBPG3;B099Z83VRC;2631
R37RT17N8YUWT4;B07XJYYH7L;2917
R37S13YALMRPGK;B01GGKZ0V6;1043
R37S13YALMRPGK;B01GGKZ4NU;1043
R37SFSAVVH051A;B0B296NTFV;3678
R37SJ49QGGACBN;B07DC4RZPY;4526
R37SY71K0T1BJN;B0BGSV43WY;4320
R37T2ABX4GMGHX;B0BBW521YC;8428
R37T34KL73SH6C;B0BLV1GNLN;6030
R37T5HQG9ZZLQM;B092R48XXB;7696
R37U89LOKROQXX;B008YW8M0G;5731
R37VBDPMWP0C2Q;B07NCKMXVZ;3982
R37W2Z08BFVMN2;B087FXHB6J;887
R37WC2OOJ7EH00;B09474JWN6;3763
R37WO2GKN6E3Q9;B07JGCGNDG;3278
R37WU40YNTLIYU;B08TV2P1N8;3914
R37X0IRA8XP1DZ;B076VQS87V;431
R37X1B6A8MRS2G;B01N1XVVLC;7622
R37X6NTSTYLVQA;B09C6HWG18;3788
R37XBQ83OS51H0;B0B12K5BPM;2647
R37YEXEGR87GSQ;B083GQGT3Z;8127
R37YZ6CK8TNTM4;B08ZJDWTJ1;5205
R37Z2W6UYIVLBR;B07WGMMQGP;4149
R37Z2W6UYIVLBR;B07WHQBZLS;4149
R37Z2W6UYIVLBR;B07WJWRNVK;4149
R380AS2WJQL3HN;B08CZHGHKH;5051
R380FB13JOT72K;B099FDW2ZF;1141
R38163YROZHHFG;B07KCMR8D6;5595
R381CGOL80J2QM;B01F25X6RQ;6698
R381CGOL80J2QM;B01F262EUU;6698
R38235O5C7I4YE;B00LM4W1N2;5871
R382LEGRZSS0UN;B09VH568H7;1703
R382PF9LBJ2LFC;B07DJ5KYDZ;353
R383L7XTQG2UD9;B09VC2D2WG;1550
R383MV0MEIDU7H;B078KRFWQB;1912
R383NYRRUUA4RG;B01N6LU1VF;5621
R384EFXOF0C77Z;B09YV575RK;4159
R384I01GDFXYKP;B01C8P29T4;5724
R384JBLG7VAYNP;B099S26HWG;5931
R385ELCSDCDIZF;B09HN7LD5L;4758
R385Q4NWD7KZ02;B08QHLXWV3;7432
R3861NUR0UF7SN;B00LM4W1N2;2716
R38643N4B91P1J;B08MCD9JFY;3076
R38671IDIYF3KV;B09P858DK8;2923
R386VV5RV4L5UI;B0798PJPCL;8352
R387DPEXYRMJVW;B01N1XVVLC;1886
R387TYNEGM23O8;B00DJ5N9VK;6160
R387VL6JFWOGER;B09KGV7WSV;5798
R387X09HTG3RFI;B08LPJZSSW;3247
R388CGQNXAHDE2;B009P2LK80;3496
R388KOR9TWPX5H;B08NCKT9FG;1871
R388KOR9TWPX5H;B0974H97TJ;1871
R388KPB8P0EVTW;B09YLWT89W;7434
R388P83LV3P6PH;B0BBLHTRM9;8991
R388XN4X4H2PXE;B09JKNF147;6819
R38AYQ8T47YGQK;B0994GP1CX;637
R38C18O8S9O2LM;B07GXHC691;6511
R38C74PL5UIY1Y;B0949SBKMP;8967
R38CKW00NINQ49;B0832W3B7Q;7343
R38CR6UCL8Z5F;B0BJYSCWFQ;6362
R38DWVOKKMHUBK;B09NNHFSSF;542
R38DXL79EKGXCA;B07VNFP3C2;133
R38E1BUBY9DNVR;B0981XSZJ7;2523
R38E6QSOIKQFIR;B08G8H8DPL;8348
R38F8NXSXYDTXY;B08CGW4GYR;6197
R38GLLZ84DSEWS;B07WG8PDCW;6903
R38HZUI1W51JF2;B0B9RZ4G4W;4078
R38I9UZZJQWPZL;B07TC9F7PN;7288
R38ISD2RSB4M70;B088WCFPQF;6579
R38J3H1JQN20BI;B09P18XVW6;6161
R38J3H1JQN20BI;B09PLFJ7ZW;6161
R38JPE2GDTIFL2;B08SJVD8QD;3764
R38K3MLJGM9L27;B0BHNHMR3H;5981
R38K7QGV2GYAXT;B07YCBSCYB;8606
R38KJ4OR66OTV1;B09ND94ZRG;1532
R38KPAP35GXYOK;B099K9ZX65;7274
R38NYOW9S7HMO0;B00SH18114;2355
R38O9HQOE1G03B;B09XB7DPW1;7868
R38O9HQOE1G03B;B09XB7SRQ5;7868
R38O9HQOE1G03B;B09XB8GFBQ;7868
R38OAD16RVS9D4;B09XJ1LM7R;6
R38ON0Z6Q9J451;B09X5HD5T1;8926
R38PPB7S465YMD;B08TR61BVK;193
R38QJJ3J9FUKGT;B0BCKJJN8R;7600
R38QJJVHQYT7R3;B0BB3CBFBM;446
R38QX86OPW8QSV;B0116MIKKC;8053
R38R0ACYQPV9HZ;B08WKFSN84;6196
R38R0ACYQPV9HZ;B08WKG2MWT;6196
R38R0ACYQPV9HZ;B09QGZFBPM;6196
R38R0ACYQPV9HZ;B09QGZM8QB;6196
R38R2YC2J2BMWR;B085194JFL;8603
R38S0MZVLY0VRM;B00SMJPA9C;4279
R38S8FL4YF9JD0;B07V5YF4ND;6364
R38TTJ6VHIUZWV;B07VZYMQNZ;939
R38TTOMI01SZ0M;B078HG2ZPS;2601
R38TZP7WV0VCU6;B01C8P29T4;5858
R38UQB68VZ4SUY;B015GX9Y0W;7174
R38WR5MFISLU9H;B098K3H92Z;5480
R38X9EM0L2O5AW;B0083T231O;2281
R38Y84L9CYB7F8;B08VGM3YMF;5276
R38ZGFRJN3GTNB;B09WRMNJ9G;5385
R38ZOGEKGSJBCV;B09SFRNKSR;2190
R38ZWKA3FZLLH;B07XCM6T4N;2905
R38ZY743BJSLS4;B018SJJ0GE;992
R3907SDNN9VR5Y;B0BQ3K23Y1;6225
R390FSCLMOWBPU;B09KH58JZR;7006
R390GAYBGW7786;B09YHLPQYT;5998
R390YP32C9VB5V;B07Q7561HD;951
R39210FVK81Z0W;B08ZXZ362Z;8876
R3925M38KC8V79;B09FFK1PQG;3753
R392FI4QWXWOX5;B0912WJ87V;6422
R392ZYXC6D3GY0;B009LJ2BXA;3348
R3933GDKAVC9EN;B091V8HK8Z;1836
R39360RU5VF8V5;B0B4PPD89B;8767
R393EMOMYGZ5FU;B07XLML2YS;8008
R393HAUNLQT4YD;B08KHM9VBJ;931
R393QKRRRTUDD;B08MTLLSL8;3894
R393T7L96T42QM;B00ABMASXG;5673
R393Z224NBTDLN;B09KLVMZ3B;301
R394W20XOQRZP5;B07R99NBVB;166
R39640821J2S6S;B09YV3K34W;8076
R39640821J2S6S;B09YV4MW2T;8076
R396UL83OTSD8F;B00LM4X0KU;3992
R396V5FTETX0DC;B00VA7YYUO;3397
R397WT8ZINS4R3;B07YCBSCYB;6027
R3988PMMU5999P;B08PSQRW2T;6492
R3988PMMU5999P;B08PSVBB2X;6492
R398R1U5AOLEWZ;B08BJN4MP3;1462
R399JBQZ8JKDKC;B09RWZRCP1;786
R399JBQZ8JKDKC;B09RX1FK54;786
R39AGUAG2FMUR1;B0978V2CP6;8618
R39BNXWIK6E894;B097RN7BBK;9000
R39C4QE74H9OU6;B09VKWGZD7;779
R39CZQR3ZPJ0Q7;B09TY4MSH3;7751
R39D1A1FW10AMZ;B01KCSGBU2;1792
R39DB3OJGB156P;B0162LYSFS;3557
R39DFUZXNDFQ4;B08SMJT55F;4866
R39DMANE2FNG24;B07VSG5SXZ;8020
R39DXFGYRXPIW2;B074CWD7MS;7542
R39E5IAGZK66QW;B0746N6WML;5819
R39E7VJSOOBTO8;B0B2DZ5S6R;8485
R39FEOFYNQ8VY;B00RFWNJMC;3451
R39GPO64XUXZMW;B07WGMMQGP;7947
R39GPO64XUXZMW;B07WHQBZLS;7947
R39GPO64XUXZMW;B07WJWRNVK;7947
R39GQRVBUZBWGY;B07JGDB5M1;1362
R39GQRVBUZBWGY;B07JH1C41D;1362
R39GQRVBUZBWGY;B07JH1CBGW;1362
R39GQRVBUZBWGY;B07JW1Y6XV;1362
R39GQRVBUZBWGY;B07JW9H4J1;1362
R39GQRVBUZBWGY;B07LGT55SJ;1362
R39H9E8JLDDW08;B08N6P8G5K;5927
R39HW9DHHNXMZY;B07RCGTZ4M;4712
R39IL0Q9V5M18U;B072NCN9M4;4943
R39J7BNAZRV82W;B01M265AAK;7344
R39JQE75EPS5DO;B08GTYFC37;1708
R39KVWDTJLV7UW;B00LM4X3XE;1927
R39L5C9XC2E993;B09YLFHFDW;5565
R39LC2YR7L3N4E;B07XJWTYM2;2867
R39LNRL9C8WCMD;B01D5H90L4;3058
R39LOZ2XWCT0YP;B00V9NHDI4;8151
R39LPM6JEQVLZV;B08CYPB15D;2191
R39NO1SN8E0IFY;B0BDS8MY8J;6943
R39ODDV5YDGF8T;B01IOZUHRS;3331
R39OSBCH26FDGW;B09939XJX8;1314
R39PNKDT86WK5V;B09LHXNZLR;4134
R39PS8UO1CZS2D;B08TDJ5BVF;6393
R39PYNXMLNEIYW;B00DJ5N9VK;245
R39Q207BAEQQWR;B08L879JSN;2470
R39Q2Y79MM9SWK;B00J5DYCCA;2290
R39QVJ5S4G6J9F;B0756KCV5K;9036
R39R4HSMGQW4PR;B0B61HYR92;4815
R39R9NAW42YGZ7;B00RFWNJMC;1240
R39R9TDUJOXVNW;B00P93X0VO;1841
R39RGFCIUFXU4H;B08S7V8YTN;8753
R39SJDQ1BMFLRZ;B097RN7BBK;5916
R39TOZVXSZ59VA;B08PFSZ7FH;659
R39U1YGSKUXRN6;B00TI8E7BI;196
R39U6OQOYKSBJS;B09WN3SRC7;1305
R39U97UD4PTKP0;B08JV91JTK;3100
R39UMH72QKWB0W;B08XLR6DSB;7138
R39UZTTR3JREOM;B0B65MJ45G;476
R39UZTTR3JREOM;B0B65P827P;476
R39X6B5DPGVQLW;B095K14P86;3637
R39X6O18GM16TM;B0994GFWBH;7357
R39X6O18GM16TM;B0B4G2MWSB;7357
R39XDUIGQYNX0A;B08JQN8DGZ;4991
R39Y7SUMSOWEBW;B00K32PEW4;3620
R39ZX8VQLNEF80;B09P564ZTJ;123
R3A03VLDTWQIFH;B01DGVKBC6;5027
R3A13PH3SRI7XM;B00HVXS7WC;1293
R3A1SIG9EP9AZE;B009P2LITG;8081
R3A34J0QMEWYPJ;B0B7L86YCB;2972
R3A39U8MP8LIWS;B07B88KQZ8;4275
R3A3CEQUX9QMFE;B07MDRGHWQ;4514
R3A3CEQUX9QMFE;B07MKFNHKG;4514
R3A3FOYWKUNHMM;B09RF2QXGX;112
R3A3IRV8ZWP1U9;B0B1YVCJ2Y;1650
R3A3IRV8ZWP1U9;B0B1YY6JJL;1650
R3A3IRV8ZWP1U9;B0B1YZ9CB8;1650
R3A3IRV8ZWP1U9;B0B1YZX72F;1650
R3A3IRV8ZWP1U9;B0BC9BW512;1650
R3A3JLSFF2WST;B08LPJZSSW;974
R3A3PKTJCGIGIL;B08VGM3YMF;4827
R3A3W9KP62H29B;B08G8H8DPL;4804
R3A3YAK7RGKIF4;B08CFCK6CW;8651
R3A4C1P3IDXTAD;B01L8ZNWN2;6390
R3A4GAQTCPE5U7;B0BP7XLX48;3094
R3A5RFPX4FKUDV;B09ZDVL7L8;3344
R3A6MEZL3LY66Z;B08CF3B7N1;101
R3A6QVJ73S0FLJ;B00V4BGDKU;1802
R3A6QVJ73S0FLJ;B08FYB5HHK;1802
R3A79RNQQ3FM9L;B07924P3C5;8830
R3A8QATMFQYP3W;B08LKS3LSP;7653
R3A9W4A6KUCBJE;B09CYTJV3N;7284
R3AAGR6XT4RZOC;B07T9FV9YP;2561
R3AAQGS6HP2QUK;B082LSVT4B;1531
R3AAQGS6HP2QUK;B082LZGK39;1531
R3AAQGS6HP2QUK;B098NS6PVG;1531
R3AB3X4KBEGJ4J;B07YWS9SP9;5181
R3ABOR236EQ7BG;B097R4D42G;4145
R3AD7NBWNZ4BF6;B0BHZCNC4P;997
R3ADRUHE42WCJE;B09XX51X2G;793
R3AFS0Z7NAVP9Y;B0989W6J2F;4098
R3AGSJ4P5W4OG4;B08K9PX15C;7730
R3AGXOFMA1Z00Q;B072NCN9M4;3268
R3AIUHXWWU3Y64;B07VX71FZP;848
R3AIW6ZYB8OS8W;B00K32PEW4;6816
R3AJ1T3JVA8O9V;B0B23LW7NV;5766
R3ALQNTJN4ER9N;B08WRBG3XW;4729
R3ALX1UAMP0V5F;B00Y4ORQ46;3232
R3AMNR0LJWNAUU;B00DJ5N9VK;3081
R3AMWWIWWWURKZ;B08LHTJTBB;2878
R3ANC3TLK8732Y;B07VNFP3C2;2892
R3AOKWB5DJUZIT;B08PPHFXG3;8742
R3AQT2WK20V0JD;B00LM4W1N2;8837
R3AR7U6LZEKGDZ;B08WRKSF9D;6836
R3ARFHUPI2UTDN;B085LPT5F4;5057
R3ATBUNL84UH5W;B09P564ZTJ;2066
R3ATDC4RIULGSV;B078JDNZJ8;3261
R3AUN77ZPS31VZ;B08N6P8G5K;4638
R3AUNSDP9VKTBV;B07VZYMQNZ;5294
R3AUYKWLDXI3RJ;B0BLV1GNLN;4116
R3AUZEPO4WZLD3;B07VVXJ2P5;1252
R3AV2JB3F2MMO3;B08ZHYNTM1;3842
R3AV7SRJJGTMF2;B08ZHYNTM1;6086
R3AW009ZNTYU8I;B08XNL93PL;1373
R3AWFIALUK2HLQ;B00E3DVQFS;4718
R3AX6PA4E2TM2G;B06XSK3XL6;559
R3AXDDTW3B5UGJ;B084MZXJNK;6182
R3AXDDTW3B5UGJ;B084N133Y7;6182
R3AZ1FCTLW335M;B07Q4QV1DL;7798
R3AZ1FCTLW335M;B088ZFJY82;7798
R3AZ8CAEQNP5IQ;B009VCGPSY;4429
R3AZDEK3MQA3RA;B0141EZMAI;5870
R3B09N3U7H83ID;B07MKMFKPG;8435
R3B100WGK90YXX;B098LCVYPW;2471
R3B1AQRLPRCM0G;B00R1P3B4O;8880
R3B1NJNBALUM2H;B07S851WX5;8509
R3B1OFFST3XKYU;B0BNDD9TN6;198
R3B1Y0WDM2QS0U;B09Z6WH2N1;8564
R3B1Y0WDM2QS0U;B0B8ZWNR5T;8564
R3B27WULJTV0TX;B07XLML2YS;2363
R3B2VNS1Q5M7NI;B0B25DJ352;1752
R3B3A9EA9DKDXN;B089BDBDGM;4680
R3B3CTTI0JEW3W;B08JKPVDKL;8965
R3B3DDF1D5NULK;B08QSC1XY8;8424
R3B3DDF1D5NULK;B08QSDKFGQ;8424
R3B3DDON5FH8DS;B0789LZTCJ;5001
R3B3DDON5FH8DS;B07CRL2GY6;5001
R3B3DDON5FH8DS;B08HDH26JX;5001
R3B3DDON5FH8DS;B08HDJ86NZ;5001
R3B3INPXIQLFGO;B0073QGKAS;3364
R3B3S0D5B6B0T9;B09Q8WQ5QJ;5739
R3B40N9BGXNDWH;B07DC4RZPY;3793
R3B46JNPC2T4E7;B002PD61Y4;2052
R3B4VBD2NKURWM;B00V4BGDKU;3737
R3B4VBD2NKURWM;B08FYB5HHK;3737
R3B5HP4PJ8JIOG;B09NVPJ3P4;2370
R3B5HP4PJ8JIOG;B09NVPSCQT;2370
R3B5HP4PJ8JIOG;B09PNKXSKF;2370
R3B5WOO3V8JJ4F;B00GE55L22;1655
R3B62FXQRPYCBF;B07PLHTTB4;3713
R3B6H5JPG134KN;B00NH11PEY;5984
R3B6H5JPG134KN;B00NH13Q8W;5984
R3B6HW9V910CZO;B0B9RN5X8B;4459
R3B772KI95MWNX;B07N42JB4S;3616
R3B7Y8E7QNUYOP;B09F5Z694W;597
R3B880ZLBUIBVP;B07T5DKR5D;5039
R3B8A6JCBLRUGC;B09W9V2PXG;1816
R3B8J75DKKAPIZ;B0BN6M3TCM;8213
R3B9EB3AG57TR9;B09XJ5LD6L;4164
R3B9Q9MFSBVIRZ;B08WD18LJZ;3683
R3B9RMX16ONMZ;B09BVCVTBC;4379
R3BA5G740XADYD;B01J1CFO5I;4324
R3BAG45K66JWS0;B0BCYQY9X5;5972
R3BBHIDI76JIAY;B09MY4W73Q;6001
R3BBJ9AXA1ZOSC;B097ZQTDVZ;638
R3BBTJD6N50F7O;B07W6VWZ8C;3663
R3BC8GS9GGMBTI;B01F25X6RQ;665
R3BC8GS9GGMBTI;B01F262EUU;665
R3BD16X4UBSUZT;B08GSQXLJ2;8641
R3BE5A24UBV6J7;B07L1N3TJX;735
R3BENPL8J8RWGA;B0B2X35B1K;5856
R3BGA0IR8XWNFF;B094YFFSMY;8642
R3BGLBQWLQUBW0;B06XGWRKYT;6596
R3BHJRLDSTVS7W;B08H21B6V7;3726
R3BHQM50VHKHN1;B0814LP6S9;7555
R3BIC1KGACDYI0;B08S6RKT4L;6844
R3BIERQ9BEQR9M;B08WJ86PV2;4956
R3BIG7J6V2JZTU;B09W5XR9RT;6747
R3BIRKRJLDWL46;B09939XJX8;5940
R3BIRU7WH404ND;B0B9BD2YL4;3282
R3BJBPNI2XP8HF;B071Z8M4KX;6447
R3BJBPNI2XP8HF;B07GPXXNNG;6447
R3BJBPNI2XP8HF;B07GQD4K6L;6447
R3BJSYU0KEIL4K;B07LFQLKFZ;6186
R3BK8L5F69OOGH;B08WKCTFF3;1918
R3BKCLL6D7ZLIX;B014I8SSD0;1570
R3BKCLL6D7ZLIX;B014I8SX4Y;1570
R3BKCLL6D7ZLIX;B07KSMBL2H;1570
R3BKEMT5488WIB;B07NPBG1B4;7658
R3BKQ2HLTYB0G4;B08L7J3T31;1697
R3BKR3VZ1U81LW;B07XLCFSSN;6624
R3BKR3VZ1U81LW;B0B8SRZ5SV;6624
R3BKR3VZ1U81LW;B0B8SSC5D9;6624
R3BKZ1CNXYB14D;B09MT94QLL;2841
R3BMZS3M7NRJ6H;B003L62T7W;7571
R3BN90I5BQ14ZV;B09CGLY5CX;310
R3BNQCB05PYZMV;B005FYNT3G;7321
R3BO9D050WHWVX;B002PD61Y4;4948
R3BRKYAMSBIRZI;B08Y5QJTVK;9018
R3BRLV8FDVV6QB;B09DG9VNWB;2362
R3BS8IFOXK1DNW;B088WCFPQF;1456
R3BS9HLFNF3IKI;B0B1NX6JTN;3157
R3BSHLY6DC169B;B07MSLTW8Z;3714
R3BSTKR3JUW6GY;B09C6HXFC1;2322
R3BT931YPQDPLF;B09J2QCKKM;1382
R3BTQPGZLTN48E;B0B53DS4TF;7384
R3BTY7HUJDNKG8;B01M5F614J;3142
R3BU0MFK2ORFS6;B07S9S86BF;2559
R3BU0MFK2ORFS6;B08H9Z3XQW;2559
R3BU5QCZ6URHIV;B08Y5QJXSR;2626
R3BW6OLRVHFFWR;B09NL7LBWT;3091
R3BW81NGN6FTO4;B09MY4W73Q;1038
R3BXPMFHV4SWWY;B07VZYMQNZ;3897
R3BYJ1ULP499GK;B094DQWV9B;4396
R3BYL6OMCFQ6H4;B09MFR93KS;8370
R3BZ3JNNCQY871;B08RWCZ6SY;8990
R3BZ3W2KH0X1DQ;B09V2PZDX8;6888
R3BZ3W2KH0X1DQ;B09V2Q4QVQ;6888
R3BZ3W2KH0X1DQ;B09YDFDVNS;6888
R3BZ3W2KH0X1DQ;B09YDFKJF8;6888
R3BZHVNU56YYR;B091JF2TFD;9002
R3BZR0ONOMX597;B08PZ6HZLT;6599
R3C01TBTCD6UB0;B09RKFBCV7;3903
R3C02RMYQMK6FC;B07JGDB5M1;4734
R3C02RMYQMK6FC;B07JH1C41D;4734
R3C02RMYQMK6FC;B07JH1CBGW;4734
R3C02RMYQMK6FC;B07JW1Y6XV;4734
R3C02RMYQMK6FC;B07JW9H4J1;4734
R3C02RMYQMK6FC;B07LGT55SJ;4734
R3C08PZFZRT41X;B08JD36C6H;4538
R3C0BZCD32EIGW;B08L7J3T31;3924
R3C1N7WDNPKXMU;B08GJNM9N7;7716
R3C219XKJW9GI2;B07RD611Z8;2739
R3C2WT83DOSL8U;B0B244R4KB;7414
R3C3602BFFOSHL;B07DFYJRQV;2605
R3C3HZYNE1WHDQ;B09J2MM5C6;2717
R3C4LR2YHIRZ95;B08YDFX7Y1;7847
R3C4MJ8AHKD85X;B07NCKMXVZ;6189
R3C4RMUOAJHGYO;B08FY4FG5X;8672
R3C4W7ZA3D6KJV;B0BM4KTNL1;3771
R3C4WERXJ1FXVW;B08WRKSF9D;8900
R3C50JNQ3ZC6R9;B09LQQYNZQ;4623
R3C57OMUNT7LU5;B01M5B0TPW;2763
R3C592OSGL2F93;B08CYNJ5KY;7436
R3C5I5PQSUB7L;B08VB2CMR3;1321
R3C5I5PQSUB7L;B08VB34KJ1;1321
R3C67N77WGMHKM;B0832W3B7Q;7232
R3C6DZWAYPPVIX;B07KR5P3YD;8591
R3C70FWNMP46X2;B07D8VBYB4;1190
R3C7TL9CMBKBQK;B09C6HWG18;2618
R3C83NGWIRB2VT;B09M8888DM;22
R3C8K6Z6W9MDTQ;B07KCMR8D6;168
R3C9QHHIKL25X;B097R2V1W8;3847
R3CAGP76ZXUZZA;B091KNVNS9;6914
R3CAZGSJ16RU2X;B09JSW16QD;294
R3CBLDFSRTKKYA;B0BFWGBX61;1709
R3CBVBYG86OTNE;B008YW8M0G;1762
R3CC60ZW27R468;B0BMM7R92G;4594
R3CCDJLE61ON18;B0B1F6GQPS;5776
R3CCT4DZ7PNCLT;B01KCSGBU2;7709
R3CD63WPYMHSO9;B07L5L4GTB;671
R3CDTV5JOEQJB6;B08MVSGXMY;2011
R3CDY2Z4FRV14A;B08RHPDNVV;3696
R3CEIRJ8YFRONO;B08TDJNM3G;1079
R3CEN8FE65WD8V;B07FJNNZCJ;6887
R3CEOM0J1JBDOT;B09ZDVL7L8;7351
R3CEPSJRDFFOBW;B07PFJ5VQD;610
R3CEPSJRDFFOBW;B07PFJ5W31;610
R3CEV91R65AZLH;B08JKPVDKL;195
R3CFBAHDNZG57Q;B0B2931FCV;4445
R3CG5XECVMORBQ;B09C6FML9B;2434
R3CGMQSB9H564N;B081FG1QYX;6967
R3CGMQSB9H564N;B081FJWN52;6967
R3CHENLYCMAW08;B07HZ2QCGR;1901
R3CHHGYZD5QMGM;B01J8S6X2I;5901
R3CICAEO8AI5Q4;B0856HNMR7;5866
R3CJ93AM926Y16;B07DFYJRQV;1323
R3CJKWJKEQBO76;B00KXULGJQ;3751
R3CL181R3N0TCN;B0B8XNPQPN;1847
R3CLZFLHVJU26P;B08Y1SJVV5;6249
R3CLZFLHVJU26P;B08Y1TFSP6;6249
R3CLZFLHVJU26P;B08Y5KXR6Z;6249
R3CM6K3CTECGER;B073BRXPZX;6514
R3CM92MP896BSQ;B0BNXFDTZ2;199
R3CNLHNBUYL7L8;B0BNQMF152;7002
R3CNU5WSZQK21Z;B0B8ZKWGKD;256
R3COKVLLD9MI38;B096TWZRJC;3575
R3COVVOP2R7Z28;B08B42LWKN;4177
R3COVVOP2R7Z28;B09Q5P2MT3;4177
R3COVVOP2R7Z28;B09Q5SWVBJ;4177
R3CP1YVTRBNS5T;B0B8SSZ76F;3357
R3CP5684696DX2;B00CEQEGPI;3579
R3CP5PO9W7VMQK;B09C635BMM;7198
R3CQCCWYS8XQ4Q;B09PL79D2X;3380
R3CR68E62EC8M3;B0B5F3YZY4;625
R3CR9H6ABJ4Q4O;B08Y55LPBF;4885
R3CR9H6ABJ4Q4O;B09F9YQQ7B;4885
R3CR9H6ABJ4Q4O;B09RFC46VP;4885
R3CRC3DNW750LR;B0083T231O;3388
R3CTPZMQDFCSGL;B095X38CJS;5907
R3CUNCZTU43JPP;B097C564GC;5974
R3CUOW1DUP8N92;B095X38CJS;7381
R3CV6G8SG8GVG0;B07VVXJ2P5;5599
R3CVDCIJEXR401;B09M869Z5V;7159
R3CVDJ2J9QIOBM;B01MRARGBW;1626
R3CVRZ2P93GWFR;B0B9RN5X8B;8628
R3CX62IV0TSF01;B00NNQMYNE;5678
R3CXWGXJIO3QD4;B09SFRNKSR;2546
R3CXYW32DE2XCE;B07X963JNS;6423
R3CXYW32DE2XCE;B08HF4W2CT;6423
R3CY1HGOV9WMQT;B07TCN5VR9;7806
R3CY781PK5CB8A;B00LM4X0KU;2269
R3CYO0PKFDTBV2;B07L5L4GTB;7681
R3CZD69S9SFWJT;B00EDJJ7FS;4902
R3D0ONOZPIAWS9;B0B4KPCBSH;6140
R3D0S9D7QZ3MLY;B0B2PQL5N3;1651
R3D0YV4YZWF58X;B09F6KL23R;6049
R3D1R5YMT9NWFM;B08CYNJ5KY;8247
R3D1T07CPJPZ8M;B079S811J3;5977
R3D1X15POHDHKU;B07TTSS5MP;7160
R3D2RS12J4S2B1;B091KNVNS9;6453
R3D30LR1EYBE2P;B075DB1F13;7382
R3D45IE6H47RBM;B072NCN9M4;7226
R3D5HS0620V0R4;B0B2PQL5N3;8210
R3D5OM30BEDYE0;B083RD1J99;7763
R3D6738NEAKY6;B09Y5FZK9N;5399
R3D6EV6X38WU4Q;B09CMP1SC8;3811
R3D6T949ZTO02J;B09JS562TP;4100
R3D6T949ZTO02J;B09JS94MBV;4100
R3D6UA9AB1KZ5D;B09YV42QHZ;1585
R3D6UA9AB1KZ5D;B09YV463SW;1585
R3D6UA9AB1KZ5D;B09YV4RG4D;1585
R3D78DM0715YW3;B09SPTNG58;3950
R3D7XJFJ5YMCGX;B07NTKGW45;5749
R3D8ZZR5A7F41R;B06Y36JKC3;3206
R3D9U8JX5A9TUJ;B01N6LU1VF;2668
R3DA5G1OV59TGX;B07RZZ1QSW;7714
R3DARIZBJ8DE4P;B098T9CJVQ;2075
R3DCHC8ODVBGAP;B09F5Z694W;1693
R3DCUTJ6CQCASZ;B0B5ZF3NRK;6026
R3DDL2UPKQ2CK9;B01M6453MB;3144
R3DDSZWJ24VK4Z;B09KPXTZXN;7607
R3DE0HC1JNBC6C;B00B7GKXMG;3519
R3DE3ZEHY39HOR;B01NBX5RSB;1564
R3DFY4QAXRWGIR;B08J82K4GX;2820
R3DH79YH44AXOV;B0BB3CBFBM;4631
R3DHH1B1DC2OGH;B08BJN4MP3;3495
R3DHIYEVFB2Y64;B09Q8WQ5QJ;7964
R3DHTSOB1MY0F8;B0883KDSXC;5489
R3DI9SP7OE34C9;B08D6RCM3Q;1939
R3DIAJAW70VG81;B09CTWFV5W;5997
R3DIB02TOTSYSE;B07H5PBN54;6123
R3DIC1PKBZ9GQG;B00V9NHDI4;6002
R3DIL16GD1YVNB;B08TM71L54;7405
R3DKMHIJGPJH5H;B0BBN3WF7V;7117
R3DKMHIJGPJH5H;B0BBN4DZBD;7117
R3DKMHIJGPJH5H;B0BBN56J5H;7117
R3DKX32F8OC3XE;B09HCH3JZG;7121
R3DL0H9U8GEQNJ;B0BJ6P3LSK;2497
R3DLYP0JW3PWDP;B09NVPJ3P4;5450
R3DLYP0JW3PWDP;B09NVPSCQT;5450
R3DLYP0JW3PWDP;B09PNKXSKF;5450
R3DM3S7H8XLU0;B08J7VCT12;7305
R3DNOKYB0YB2DZ;B078HG2ZPS;2574
R3DONAXVXXHGDY;B01892MIPA;8505
R3DOZ8EPZ446YS;B09YV575RK;1256
R3DPGVFQ8PV47O;B07YSJ7FF1;1072
R3DQ86RMYHDHKS;B01EZ0X3L8;4216
R3DQIEC603E7AY;B08N1WL9XW;228
R3DQIEC603E7AY;B08P9RYPLR;228
R3DQIEC603E7AY;B09NHVCHS9;228
R3DQIEC603E7AY;B09NJN8L25;228
R3DQIEC603E7AY;B09NKZXMWJ;228
R3DQIEC603E7AY;B09NL4DJ2Z;228
R3DQIEC603E7AY;B0B3MQXNFB;228
R3DQIEC603E7AY;B0B3N8VG24;228
R3DS8EL4VV5LS6;B00ZRBWPA0;6401
R3DSCZL1XTGQAX;B07PLHTTB4;8580
R3DU4LFGTAIEMN;B08B42LWKN;7888
R3DU4LFGTAIEMN;B09Q5P2MT3;7888
R3DU4LFGTAIEMN;B09Q5SWVBJ;7888
R3DV0SKGPJHAU2;B08LVVTGZK;2913
R3DVFQGVFX84XI;B07WJXCTG9;8754
R3DVFUQOK3JXZ7;B07YZG8PPY;8810
R3DVQHUR48AQ50;B08Y5QJTVK;8431
R3DYK05V939SQQ;B09DL9978Y;3980
R3DYS5BGGSYC15;B0BMM7R92G;341
R3DYXQZQA6PPHM;B01M4GGIVU;4838
R3DYXQZQA6PPHM;B01M5967SY;4838
R3DZGHPLQSWOLO;B08ZJDWTJ1;5080
R3E0GB12MWJZZX;B0BP18W8TM;300
R3E1LOFVZINEMG;B0756K5DYZ;6778
R3E1T8ZS17TP57;B0BBLHTRM9;4974
R3E1ULB5JMK8M8;B00B3VFJY2;63
R3E30BZGJ93XEM;B07L1N3TJX;3243
R3E3VUOM7IQWIG;B09M3F4HGB;3337
R3E42NTD6HXN1Q;B09L8DSSFH;790
R3E449S1ZWR7F9;B0BN6M3TCM;8351
R3E4CVN1BSCB0O;B0798PJPCL;4247
R3E4HUJ56AF24X;B00E9G8KOY;5650
R3E4NAR8EOM44W;B00LY1FN1K;3381
R3E4TI9911D1M6;B09H39KTTB;6769
R3E4WLWZRX1XIX;B08VF8V79P;8515
R3E53UMP67OLFQ;B0B5GF6DQD;4090
R3E5KUVXIJ4N3T;B07W6VWZ8C;6229
R3E5WJVPAKKEF1;B089BDBDGM;523
R3E5Z7FQ1S0QX4;B0971DWFDT;2880
R3E6FZ75Q074KH;B07YTNKVJQ;4218
R3E6FZ75Q074KH;B08DDRGWTJ;4218
R3E6TE6HH92GC3;B0B86CDHL1;7273
R3E79I7H5JT248;B09JFR8H3Q;7749
R3E7OKC86ZL6QN;B08XMG618K;4231
R3E7WBGK7ID0KV;B096MSW6CT;1714
R3E7YWE1ALH6JF;B08D9NDZ1Y;6619
R3E7Z6ZZCWNVTP;B09NY6TRXG;5636
R3EA9NKMCKHQUN;B01N1XVVLC;796
R3EATDEV562Z39;B0187F2IOK;7157
R3EAXIJ37NBEG7;B00935MD1C;8171
R3EB85UVVA528V;B07DWFX9YS;3424
R3ECO7HPNMHBTT;B00ZYLMQH0;8125
R3EEILWVIR596A;B01M5B0TPW;7892
R3EEUZKKK9J36I;B0789LZTCJ;1986
R3EEUZKKK9J36I;B07CRL2GY6;1986
R3EEUZKKK9J36I;B08HDH26JX;1986
R3EEUZKKK9J36I;B08HDJ86NZ;1986
R3EFB0EG66OLOX;B088WCFPQF;3926
R3EGALHA5I1H5M;B094G9L9LT;1627
R3EGID2HUY7LU8;B08HLZ28QC;6340
R3EGM0TULXVGUT;B08CYNJ5KY;4856
R3EGTJAA4SWQD1;B08TM71L54;9011
R3EGXE69JQH9AG;B008FWZGSG;2006
R3EH023Z1ERZZB;B07LG96SDB;7620
R3EH3U82O1X3NA;B09MQ9PDHR;6430
R3EHM43Q6M2Q3X;B09BN2NPBD;6230
R3EIW26LRB8R4P;B00PVT30YI;1885
R3EIY77S1ST0FV;B08TR61BVK;4478
R3EJ8Q3TMPSQR3;B07FXLC2G2;7484
R3EJOUTC62KKUN;B01EJ5MM5M;3978
R3EJZ83W9OHW3D;B003L62T7W;1694
R3EKLFGQGV02SG;B0B5B6PQCT;8375
R3EKLFGQGV02SG;B0B5CGTBKV;8375
R3EKLFGQGV02SG;B0B5D39BCD;8375
R3EKLFGQGV02SG;B0B5DDJNH4;8375
R3EL2OA6MMM893;B09T3KB6JZ;8885
R3EL9BC8AYLS8M;B079Y6JZC8;8051
R3ELQTJOXZNXTV;B0B61HYR92;3266
R3EMA46KP56OXK;B09KNMLH4Y;3432
R3ENGSS93WOPV4;B07YNHCW6N;6458
R3EOBXZZQZEMTI;B09FZ89DK6;1000
R3EQ4KGEQ3TQLL;B07L1N3TJX;381
R3EQVJIFUGXWDC;B07P1BR7L8;2499
R3EQVOLZJUSS1B;B09RMQYHLH;8739
R3EQX6JS3PVMLK;B0BD3T6Z1D;60
R3ERLO7QTMAD3L;B083GQGT3Z;5809
R3ERTH3R5JIJFV;B0B2931FCV;6811
R3ES0KDR3E4O9P;B07SRM58TP;29
R3ESPNPFL2XD8Z;B0083T231O;5427
R3ET6IRJTU70BS;B09VT6JKRP;552
R3ET8JTEIDTNU0;B0B9LDCX89;5016
R3ETCBWLMH5U7J;B09P858DK8;4829
R3ETNI6781FL2R;B0BHNHMR3H;7394
R3ETS7YB3Q999V;B09SPTNG58;2896
R3ETTCKO1FPQCK;B091JF2TFD;7030
R3EU822EF5KFY;B01MQZ7J8K;350
R3EUCFMNX3LPQX;B08G8H8DPL;7163
R3EUHZXX3UEYSH;B07QCWY5XV;8997
R3EUJ7A6LG8X7V;B00LZPQVMK;8548
R3EVGRFBPYMO0H;B01CS4A5V4;3705
R3EVQJSY23T8P1;B09127FZCK;566
R3EVYZ8A3LVBC9;B00TDD0YM4;4696
R3EX1BCG3VPANF;B0711PVX6Z;1142
R3EX1BCG3VPANF;B07232M876;1142
R3EX53W4D2TLR9;B01HJI0FS2;5609
R3EZN6N234M56M;B0BBLHTRM9;6675
R3F02OAHFU646V;B09Q8HMKZX;8453
R3F0Y39XWNLO8Z;B07V5YF4ND;841
R3F1K3SM97DG5P;B0B5V47VK4;2221
R3F1T36YXCNJUT;B07YNTJ8ZM;225
R3F278LDDKWR82;B00A0VCJPI;7819
R3F280BE2HYWNR;B07Z53L5QL;4433
R3F2DEWHYVNK10;B01F7B2JCI;8969
R3F2RGMVGXBBAW;B09YLFHFDW;6045
R3F2RL6ZJQTR56;B01MQZ7J8K;7166
R3F3YRVOF923CK;B07QMRHWJD;698
R3F3ZASCS3C7S3;B084MZXJNK;4927
R3F3ZASCS3C7S3;B084N133Y7;4927
R3F4T5TRYPTMIG;B08N1WL9XW;7854
R3F4T5TRYPTMIG;B08P9RYPLR;7854
R3F4T5TRYPTMIG;B09NHVCHS9;7854
R3F4T5TRYPTMIG;B09NJN8L25;7854
R3F4T5TRYPTMIG;B09NKZXMWJ;7854
R3F4T5TRYPTMIG;B09NL4DJ2Z;7854
R3F4T5TRYPTMIG;B0B3MQXNFB;7854
R3F4T5TRYPTMIG;B0B3N8VG24;7854
R3F6A5JNIS8BKN;B097R45BH8;2459
R3F6O9LJWF9UGP;B07F1T31ZZ;1130
R3F8JOBWK5R0I9;B07NC12T2R;1987
R3F9R8G9YHTF6;B097JQ1J5G;7229
R3FA7TC0VM1UY6;B00935MGHS;4861
R3FAPESPH3491Y;B09B125CFJ;4102
R3FBKF9RCYD42V;B09SB6SJB4;2868
R3FC8NLEZ4DJ8N;B0B7B9V9QP;3258
R3FCLH5G7XVDU4;B09LHXNZLR;3137
R3FCO1GKVP9JHZ;B07WDK3ZS6;6075
R3FCO1GKVP9JHZ;B07WDKLRM4;6075
R3FCO1GKVP9JHZ;B07WGPKMP5;6075
R3FCO1GKVP9JHZ;B07WGPKTS4;6075
R3FCO1GKVP9JHZ;B07WHQWXL7;6075
R3FCO1GKVP9JHZ;B07WJV6P1R;6075
R3FCVJEGVHP86V;B00LHZW3XY;6037
R3FCWGOVQZII60;B07QHHCB27;1580
R3FD50GUF74ZCS;B0BMM7R92G;2144
R3FD9YGKRHM8LY;B08YRMBK9R;1529
R3FDJRYC776MZR;B0B466C3G4;7252
R3FDZTVK38PZJW;B0B3G5XZN5;7337
R3FG2NLHXHGVP;B09VGS66FV;8016
R3FH44SD2VCUCM;B07VVXJ2P5;607
R3FI11UEJC9ZOJ;B08WRBG3XW;933
R3FJ8OR7KJB5ZP;B08TZD7FQN;8240
R3FJLW84WDDV2Y;B09CMQRQM6;7672
R3FJPTSYA7QLDQ;B08VJFYH6N;6274
R3FL7Q9VYK7FX;B07K2HVKLL;5188
R3FN5C259GVPPY;B09GP6FBZT;7360
R3FO0KZP6V25Z0;B0B3TBY2YX;592
R3FO563J6UPF3T;B00O24PUO6;3911
R3FOUBGTV1VUHP;B0758F7KK7;7323
R3FQMPLCZV75E;B07X963JNS;3892
R3FQMPLCZV75E;B08HF4W2CT;3892
R3FQSJP7H5PAIP;B088WCFPQF;7043
R3FQZ41R2YXT87;B00LXTFMRS;5013
R3FRIGI0KXGVOD;B07Q4NJQC5;3177
R3FSG9EKSAV3RH;B01M265AAK;97
R3FTMVP0OKIYMY;B07M69276N;876
R3FTVZYWY8ESQF;B07VJ9ZTXS;2047
R3FTW5HNPCX66C;B0B9XN9S3W;4395
R3FUT08S34HBHW;B09RWZRCP1;6227
R3FUT08S34HBHW;B09RX1FK54;6227
R3FUW4VZQRFKQ5;B0836JGZ74;6585
R3FVMXIFTJ8J70;B0977CGNJJ;3136
R3FVV3CRZDOTB4;B07YR26BJ3;895
R3FWP3NBL54127;B0B694PXQJ;4787
R3FXNMZ5WCRVBB;B09YL9SN9B;3885
R3FXQ9F63UCILJ;B0926V9CTV;2367
R3FXVCBQCGNPLW;B0B8VQ7KDS;2866
R3FYCFR2T0C040;B005LJQMCK;6518
R3FYCFR2T0C040;B005LJQMZC;6518
R3FYTFWQDO4FYY;B00LHZWD0C;86
R3FZTFENXGCM9;B07T9FV9YP;4305
R3G026EMLP0VS7;B07GLSKXS1;171
R3G0MU15OGGN78;B01GFTEV5Y;5921
R3G0UPCD2KN4F7;B084872DQY;6641
R3G1G06J7O6ZO7;B09NTHQRW3;8827
R3G1HG1GBQSQDV;B0873L7J6X;5676
R3G24OOLVH7NPF;B00LY12TH6;2336
R3G3MJTILP63AK;B08GJNM9N7;6493
R3G3XFHPBFF0E8;B08L7J3T31;7875
R3G3ZGNRSQXXLA;B0BB3CBFBM;2239
R3G4YE2Z67KWF;B009UORDX4;1418
R3G5PHC3VUAXU8;B0971DWFDT;7042
R3G68H04E1SWMO;B00O2R38C4;2529
R3G6AC2S24F16S;B08LW31NQ6;5993
R3G6DENLSHD8FG;B07K19NYZ8;547
R3G7FE8ICIL8K5;B07QZ3CZ48;66
R3G7TLZ13MZLMX;B07MP21WJD;7459
R3G7X6LSJFGFXP;B0B4DT8MKT;2813
R3G7Y5WQT3T0AV;B077T3BG5L;3781
R3G93XCNRW5ZRM;B094DQWV9B;5093
R3GAC6LEDQRXWV;B082ZQ4479;6862
R3GACMOLXD7OVV;B09WMTJPG7;346
R3GAOZKSESNEO4;B0B25LQQPC;2704
R3GAYL3CQ6GTJA;B09M8888DM;2487
R3GBYEZ0GVZWLC;B08M66K48D;5412
R3GC9CY0SL1XKW;B0B2X35B1K;6321
R3GC9FMTX9ZRBD;B08Y5QJXSR;6870
R3GCXN4RSB3T4Z;B09KRHXTLN;4965
R3GDVPN872JGGU;B0B5KZ3C53;873
R3GDZTWTAD4D5O;B0BJ6P3LSK;2292
R3GECDAI29GH5G;B08GTYFC37;1422
R3GEWALK7AZ64O;B07G147SZD;2274
R3GFHK3HJ4FRRZ;B0B6BLTGTT;4362
R3GFV68WKN08V3;B0752LL57V;6311
R3GFYL52VNNQE6;B075JJ5NQC;7085
R3GGQG1U2KLAE3;B0B3N7LR6K;8353
R3GGQG1U2KLAE3;B0B3NDPCS9;8353
R3GGVC0WYVIRNV;B08PFSZ7FH;7862
R3GHKCA6I36EBF;B07WKB69RS;2037
R3GHP1CGUXLWU3;B0873L7J6X;7913
R3GI30K6SI7HQR;B09W9V2PXG;3971
R3GIIUNIWHKBGU;B07DGD4Z4C;4047
R3GJ3X7MYRST9G;B07L8KNP5F;8368
R3GJXEPLJKBJL5;B0B61HYR92;4155
R3GKCN4UH999M8;B008FWZGSG;422
R3GLFGKDB9OSU6;B09FKDH6FS;5387
R3GLNMEB5Q7VW0;B0B5GJRTHB;1747
R3GM1KFHUQJ886;B09KRHXTLN;4501
R3GNTYXLIFVANT;B08VFF6JQ8;3718
R3GODXDJ5ZWRLY;B08WJ86PV2;4992
R3GOHZPUGY57VL;B0B935YNR7;825
R3GOQBMSH5MIUG;B01LYU3BZF;2956
R3GPDNKHUWXBMD;B08VFF6JQ8;7106
R3GPHUMRV75VWK;B0BM9H2NY9;8278
R3GPO2WYK6ABG;B09V2PZDX8;2149
R3GPO2WYK6ABG;B09V2Q4QVQ;2149
R3GPO2WYK6ABG;B09YDFDVNS;2149
R3GPO2WYK6ABG;B09YDFKJF8;2149
R3GPSO444Z45JY;B00A7PLVU6;693
R3GQL7YKAFJMEN;B00NH11PEY;4272
R3GQL7YKAFJMEN;B00NH13Q8W;4272
R3GR6V9CYLXCTA;B09FHHTL8L;5226
R3GR8P4J5HK9VV;B09GBBJV72;854
R3GRJEKOICA3B1;B08CT62BM1;8560
R3GRJEKOICA3B1;B08CTNJ985;8560
R3GTDALXXTDMU4;B09MJ77786;1701
R3GTDALXXTDMU4;B09RWQ7YR6;1701
R3GU8IR94309OK;B0B3DV7S9B;3682
R3GUXZHJQIMMGG;B08MWJTST6;491
R3GV3HMKR68771;B096NTB9XT;3245
R3GVTF10HD3160;B0BCVJ3PVP;8325
R3GVWLF89Q0HCU;B0BL11S5QK;3850
R3GWUP5VQM4PIW;B095X38CJS;252
R3GXAQ1UB2M9YQ;B00LHZW3XY;1989
R3GYBSPX62MJ3L;B00URH5E34;1053
R3GZGLWVKTBWY0;B00NFD0ETQ;6476
R3GZTZYTLP44FR;B00HZIOGXW;3808
R3H0LVMEVLPV0H;B098JYT4SY;3879
R3H120Q4D5UPZ5;B07SYYVP69;4513
R3H1PC871H1GM5;B08FY4FG5X;31
R3H2SARN5OCYSA;B09YL9SN9B;749
R3H2WY92CQUJMX;B09GBBJV72;8853
R3H2XBOSPH6NZR;B09SPTNG58;306
R3H313KLTQI8QQ;B07BRKK9JQ;5791
R3H37CXE15EIR1;B08RWCZ6SY;5666
R3H3D0V1SJ0ZT9;B09X7DY7Q4;3306
R3H49JV0196DEP;B07YZG8PPY;7237
R3H4H2BLYJ8K54;B00Y4ORQ46;210
R3H4IRBX721OIC;B07RY2X9MP;3444
R3H4WLHQYRTZ3H;B00BN5SNF0;8626
R3H500MXJWRGI;B09SGGRKV8;3708
R3H5NH63Y26SZ7;B00KIDSU8S;4200
R3H5OE1VNUKGEV;B09BL2KHQW;2123
R3H5V5Q927ZRI7;B09H7JDJCW;6951
R3H60TG402OZD8;B09C6FML9B;6169
R3H6WKG0TA5CGU;B08N1WL9XW;3249
R3H6WKG0TA5CGU;B08P9RYPLR;3249
R3H6WKG0TA5CGU;B09NHVCHS9;3249
R3H6WKG0TA5CGU;B09NJN8L25;3249
R3H6WKG0TA5CGU;B09NKZXMWJ;3249
R3H6WKG0TA5CGU;B09NL4DJ2Z;3249
R3H6WKG0TA5CGU;B0B3MQXNFB;3249
R3H6WKG0TA5CGU;B0B3N8VG24;3249
R3H6WPGK1I39B6;B00C3GBCIS;1479
R3H70A536HFEGG;B08VB2CMR3;4089
R3H70A536HFEGG;B08VB34KJ1;4089
R3H72Y074V957G;B08243SKCK;1028
R3H7ECG65NHSIZ;B08PPHFXG3;3176
R3H7NIOGR51BCC;B07NPBG1B4;6608
R3H7SAJ305WZL4;B09C6HWG18;6302
R3H8FPIBYNXMGC;B00GZLB57U;1488
R3H91016XYXVY3;B09FPP3R1D;49
R3H95PXGDM3OFT;B0B9RZ4G4W;6720
R3H97FN1H50F7F;B09V2PZDX8;5902
R3H97FN1H50F7F;B09V2Q4QVQ;5902
R3H97FN1H50F7F;B09YDFDVNS;5902
R3H97FN1H50F7F;B09YDFKJF8;5902
R3H9O8F9LUY5N9;B095JPKPH3;289
R3H9O8F9LUY5N9;B095JQVC7N;289
R3H9P56ULTAQPF;B00KIE28X0;7810
R3H9YQ6S3H3GLL;B07YY1BY5B;7478
R3H9YQ6S3H3GLL;B08HV25BBQ;7478
R3HADV1CIZ9873;B0BHZCNC4P;4370
R3HAH8XOGKHIXW;B09X5C9VLK;6987
R3HAW9CAE08DZ5;B07ZJND9B9;4411
R3HB3IY6922TUM;B07MDRGHWQ;6744
R3HB3IY6922TUM;B07MKFNHKG;6744
R3HBAZIE8PAIXC;B07JF9B592;4233
R3HBBWJEZQNBH4;B09J2QCKKM;8350
R3HC5G436ZWUNB;B00MUTWLW4;8932
R3HCQZ8VAQXLAM;B0B8ZM9RVV;5772
R3HDBTGLJJ34YO;B097R25DP7;6474
R3HDEMCCETO0EJ;B00SH18114;7585
R3HDI961AWUXP3;B012MQS060;6375
R3HFY8AWPFLRNT;B07S851WX5;7587
R3HH89QPKPPH0N;B09X76VL5L;3871
R3HHJCTEJ7J9CS;B002PD61Y4;7265
R3HHOGWJYSJSB3;B01M5B0TPW;5877
R3HHTVIHY2U1FO;B09YLX91QR;4634
R3HHTVIHY2U1FO;B09YLXYP7Y;4634
R3HHTVIHY2U1FO;B09YLYB9PB;4634
R3HJ0GBBBUGEJZ;B0B5LVS732;4781
R3HJO9H24LZ86;B0B2CZTCL2;4447
R3HJSJJMUWOH8Y;B097JQ1J5G;5682
R3HJVYCLYOY554;B0789LZTCJ;4786
R3HJVYCLYOY554;B07CRL2GY6;4786
R3HJVYCLYOY554;B08HDH26JX;4786
R3HJVYCLYOY554;B08HDJ86NZ;4786
R3HKP0S37A375D;B07JNVF678;3178
R3HKP0S37A375D;B07JPJJZ2H;3178
R3HLDGIDF7PO8C;B07WG8PDCW;1055
R3HMJ84LRX3RFE;B09N3BFP4M;1786
R3HO5I93IRXGK4;B09KRHXTLN;8693
R3HOQIZQ2Y2P1E;B07TTSS5MP;7259
R3HP5GYAC6M219;B09MDCZJXS;8882
R3HP7I1OD5DNW4;B09ZPJT8B2;771
R3HPSXLWX2RSHO;B09Y358DZQ;1109
R3HR0LBECGBXXA;B08D11DZ2W;6964
R3HSC8JRXPXLN5;B01N4EV2TL;7826
R3HTDIUAXMK62H;B00LZLQ624;5275
R3HTM8I9Y12U7R;B00N1U7JXM;844
R3HUBJJJS3DO4T;B09VGS66FV;8388
R3HUGR7IWPGRAN;B00E3DVQFS;7032
R3HUUS03G360Q3;B01MY839VW;7732
R3HVYAAF9REYEZ;B0819HZPXL;4112
R3HWDXEJX098MC;B07QHHCB27;274
R3HWHOM95KCAZV;B09NVPJ3P4;5119
R3HWHOM95KCAZV;B09NVPSCQT;5119
R3HWHOM95KCAZV;B09PNKXSKF;5119
R3HWZS22FT40ZO;B09X79PP8F;684
R3HWZSNDCB8EQM;B06XR9PR5X;2495
R3HXWT0LRP0NMF;B07JGDB5M1;4645
R3HXWT0LRP0NMF;B07JH1C41D;4645
R3HXWT0LRP0NMF;B07JH1CBGW;4645
R3HXWT0LRP0NMF;B07JW1Y6XV;4645
R3HXWT0LRP0NMF;B07JW9H4J1;4645
R3HXWT0LRP0NMF;B07LGT55SJ;4645
R3HYEK5C8SAQU7;B00R1P3B4O;5087
R3HZ2W80EMHUG2;B07SRM58TP;1715
R3I104PGW6NC5D;B09X7DY7Q4;2107
R3I2QVDWKPGC9X;B00O24PUO6;6126
R3I2UK18RSKIIX;B097JQ1J5G;8886
R3I31OWBU6CU10;B091JF2TFD;7373
R3I3FTSTI3YBTA;B08GJNM9N7;7513
R3I4CLISF0ZG1X;B08QDPB1SL;5498
R3I4DTEZHG51AT;B01N4EV2TL;4859
R3I4LP5SLS20FW;B08RWCZ6SY;5897
R3I568NWPF5187;B099S26HWG;4414
R3I5Y7XOJAZIPZ;B0BLV1GNLN;4438
R3I6NJUB4QS3U6;B0B2DD8BQ8;3686
R3I7005LCPIHBK;B00GHL8VP2;3789
R3I8GGSZJCEUGV;B0B9LDCX89;2818
R3I8OBYQHMK5AG;B08PKBMJKS;5631
R3I9XKM92J6MPP;B08498H13H;4708
R3I9ZZITI5NO9G;B077T3BG5L;7951
R3IAO81DOA9DOK;B00E9G8KOY;1040
R3IAQHMHSD92O6;B084BR3QX8;7123
R3IAV5LSI3J7ME;B017NC2IPM;1899
R3IBC8ULMDZUKM;B096TWZRJC;4137
R3IC0VLPIDBPTY;B09L8DSSFH;8811
R3ICE0RT3T14TH;B08TDJNM3G;6792
R3IDL21XUYVUUK;B07G3YNLJB;2165
R3IE847XT3SPSB;B091V8HK8Z;1872
R3IEB79VMJ4KUB;B0BLC2BYPX;7498
R3IEBGTGGSPM9N;B083GQGT3Z;2127
R3IEH4PJW488UX;B09YHLPQYT;1221
R3IF70MWH0IS69;B0B244R4KB;2902
R3IFT4P8VHQGL3;B092BJMT8Q;7446
R3IFT4P8VHQGL3;B092BL5DCX;7446
R3IFT4P8VHQGL3;B0B15CPR37;7446
R3IFT4P8VHQGL3;B0B15GSPQW;7446
R3IGDXE5UAOW8I;B083GQGT3Z;6386
R3IGJPGKZS06NZ;B09XHXXCFH;1881
R3IGL48GSRQXBK;B07H8W9PB6;2673
R3IGUN8ESO1GE5;B09XRBJ94N;3441
R3IIEUKG1YSWAI;B07H3WDC4X;1216
R3IJ7R6T1XNRDW;B004IO5BMQ;3872
R3IJK2M8NM5F25;B08CYNJ5KY;4139
R3IJW3DL5R0M17;B009P2L7CO;6480
R3IK34WOY8BHL6;B08498D67S;5283
R3ILP34L4UM7UI;B009DA69W6;6724
R3IM6TBVGY4SYQ;B01FSYQ2A4;5434
R3IN47V9QGF1K8;B0B8XNPQPN;4210
R3INDETNPWMHWX;B07W9KYT62;367
R3INJM16FB1HRU;B009UORDX4;5885
R3INNJUH4JO9LK;B071R3LHFM;244
R3INXSK9AF574O;B08HLC7Z3G;4478
R3IO7HFD3TGRO1;B097ZQTDVZ;5280
R3IOG04KDBKXTQ;B082T6GVG9;6300
R3IPDT2UXX2O63;B0819HZPXL;337
R3IPHL9D75XHNO;B07S7DCJKS;5645
R3IPQ2YEN9J842;B01F7B2JCI;1029
R3IQ8PWVTWENBY;B0B9XLX8VR;6437
R3IQ8PWVTWENBY;B0BC8BQ432;6437
R3IQIN3KU0Q3XX;B07YC8JHMB;1980
R3IRM4HQ0TXTJB;B00EDJJ7FS;8546
R3IS14LK5OVU68;B076B8G5D8;1292
R3ISBRG3RQ4LR7;B07VTFN6HM;388
R3ISE0B84H2FC4;B09Y5MP7C4;4394
R3IT25FXKUMTLG;B00NW4UWN6;984
R3IUDCLTBUPUIQ;B09MB3DKG1;6779
R3IUT3P06QBO1J;B09X7DY7Q4;8687
R3IUYQZ1BP7QPB;B09CMQRQM6;3802
R3IW1BTNA6GQJ4;B0993BB11X;6212
R3IW1BTNA6GQJ4;B09MZCQYHZ;6212
R3IWE5ZPWKQ69C;B086WMSCN3;7161
R3IWMYQP9WYGE1;B0B84QN4CN;5795
R3IX0H9MIZUJNR;B0B53NXFFR;5155
R3IX0H9MIZUJNR;B0B53QFZPY;5155
R3IX0H9MIZUJNR;B0B53QLB9H;5155
R3IX2AJH4QZL8U;B07Z53L5QL;2847
R3IXD6WLRFIN2Y;B079Y6JZC8;6563
R3IYD10K0ODOFQ;B09HK9JH4F;7883
R3IYD10K0ODOFQ;B09L835C3V;7883
R3IYQJAV7Z3IIJ;B00UGZWM2I;3730
R3IYSZRJ55ATP3;B08Y5QJXSR;3327
R3IZIBJ48U0KDN;B07QZ3CZ48;3033
R3IZK8U5HI1XOS;B07G3YNLJB;5450
R3J0MEY15WI71Z;B0B5LVS732;5555
R3J2O4XRRJFQ15;B07SY4C3TD;421
R3J2S0BEM61SOV;B08MXJYB2V;3395
R3J34H7VBLFKDM;B074CWD7MS;6605
R3J3EQQ9TZI5ZJ;B096MSW6CT;6399
R3J3KGQAFR06WR;B07JGCGNDG;1969
R3J3Q72YY1P7V8;B00YMJ0OI8;3132
R3J3S08AQQCGNM;B083RCTXLL;436
R3J5HRLH5MG85E;B084BR3QX8;5061
R3J5KJWXWZ9BTL;B094G9L9LT;1215
R3J5PW39AP2MFD;B009P2L7CO;1833
R3J5SC94G7LHOG;B0814LP6S9;4049
R3J71TYH2ISEUY;B01HJI0FS2;5009
R3J7G7NK5FW8U9;B0756K5DYZ;5442
R3J7GSQFAQVB31;B08MVXPTDG;2892
R3J8OMTJB5P038;B01DGVKBC6;5368
R3J9HR69Y4XKV5;B08S74GTBT;1541
R3J9SJCJGPDO4E;B08RZ5K9YH;103
R3JA7B5ISXAC5G;B0B694PXQJ;3807
R3JBAT4PI4PLO0;B09MFR93KS;7756
R3JBMU1NFJ68VJ;B07S9M8YTY;6690
R3JBXYOBYRX0A8;B08VB57558;5853
R3JCOBHM1JXUQ0;B07JNVF678;5720
R3JCOBHM1JXUQ0;B07JPJJZ2H;5720
R3JCTIK67UAT4K;B07SLMR1K6;8984
R3JDJSYI7QMMXW;B0B7FJNSZR;1433
R3JE7DP45RMLLE;B01L7C4IU2;8420
R3JEC32DYAIG6W;B09ZTZ9N3Q;40
R3JFH4CO9WJOXC;B075TJHWVC;4199
R3JFQAZ34O319C;B0148NPH9I;166
R3JFQJ4ZJ5RY0T;B07KY3FNQP;1274
R3JFY66W19993Z;B096YCN3SD;1607
R3JGGBNU2POS7K;B08CF4SCNP;1583
R3JH5EEXSYW5G6;B08QW937WV;1002
R3JH7SHSXDT1GT;B01GGKYKQM;3479
R3JHVSY69JG16Z;B09SJ1FTYV;5420
R3JITXTZXXJC25;B09BVCVTBC;2408
R3JJ8CIALK6GJI;B00YQLG7GK;8840
R3JJWGTD07H7HX;B07SPVMSC6;6620
R3JL5MHXQ8MCFN;B09WRMNJ9G;5647
R3JLT7LH2SOF0V;B06XDKWLJH;8417
R3JLTEYMK907F2;B09ZVJXN5L;3907
R3JMZ9FQ4EE6ZQ;B091JF2TFD;8775
R3JN6JLZWEUALK;B015OW3M1W;821
R3JNI0V7L0UEHY;B00E9G8KOY;6174
R3JNLJTK4WJSKY;B0BBW521YC;7027
R3JP8EI4SKB6TT;B078JBK4GX;2731
R3JP8FW93ND491;B07QHHCB27;8490
R3JP9GW6RDG7YF;B083M7WPZD;8200
R3JP9UQ5V9B751;B08C4Z69LN;5922
R3JPYH668MK3JJ;B084DTMYWK;4401
R3JPZAMX1OKWEU;B09VL9KFDB;1101
R3JQEX1BFY9D39;B09VGS66FV;5810
R3JQM04HFALWJX;B08D6RCM3Q;1417
R3JR48W2CI480;B01GGKYKQM;7994
R3JRCWMWKXH9IB;B07GLSKXS1;697
R3JRPVNGDP2W8A;B07P434WJY;8047
R3JRQ21J8LHK67;B00N1U7JXM;2891
R3JRYRMKRD0BW0;B01J0XWYKQ;7735
R3JUHPJLOMYOTC;B08J82K4GX;8878
R3JUJ27CXBI0QN;B086394NY5;4636
R3JUK9JGV9M0OZ;B08FB2LNSZ;7003
R3JVGT39A4NCLG;B08RZ12GKR;1481
R3JWC2LKUMZBD3;B0BBMPH39N;1428
R3JWZ3QRTVLQ14;B098TV3L96;1094
R3JX5CDKU775U;B095PWLLY6;7302
R3JX5JS9CX0TLE;B09CTWFV5W;5151
R3JY7DEIB727Q4;B01M69WCZ6;1108
R3JYRL1ACWZKKY;B09YHLPQYT;8194
R3JYUNYTYNOS5E;B0763K5HLQ;2338
R3JYYAE7E8XMB7;B08VGDBF3B;2686
R3JZS3OD2HDHCY;B09LH32678;6685
R3K08458ILZK0F;B09NC2TY11;7832
R3K1WGUC05G378;B08W56G1K9;8629
R3K3LMO7VBZ15E;B00SMFPJG0;7125
R3K3UN3YSLI8K9;B01MY839VW;3863
R3K4G3XSX4HVZY;B098LCVYPW;6944
R3K4W8ED08OFWZ;B08H21B6V7;2283
R3K5ZW63M5MIRN;B08KHM9VBJ;2160
R3K70V1SGG8WZ6;B09JFR8H3Q;8659
R3K8JF3L64IV9B;B0B61GCHC1;7771
R3K8N1Z38YX4QZ;B097JVLW3L;2282
R3K8P7GKLOHOW3;B09VGS66FV;2454
R3K8YFINS1P9XN;B0BFWGBX61;1223
R3KA8I1JO7VWHM;B06XMZV7RH;3588
R3KAOEMO5MHN5A;B07LG96SDB;6606
R3KATRBZJYOAFW;B09DSQXCM8;827
R3KCC7HPRPOF0C;B00ZYLMQH0;7678
R3KE4RPQT1E3NR;B08WD18LJZ;3124
R3KEMD6RG0SKOI;B09KGV7WSV;4845
R3KEPYTBVTTUGK;B08MCD9JFY;3274
R3KG6USWG4FNQI;B01F7B2JCI;2837
R3KGBGD8RQ7BH7;B095RTJH1M;3405
R3KIJ4STUFAA1;B086Q3QMFS;6920
R3KIQZ1W9FWK3P;B085HY1DGR;6532
R3KJCPWOGYC672;B07FL3WRX5;3594
R3KJZPFCPU10HY;B0BK1K598K;7991
R3KJZVGMCEDPKA;B0BBFJ9M3X;1082
R3KJZVGMCEDPKA;B0BBFJLP21;1082
R3KK4GT934ST3I;B08CF3B7N1;4161
R3KK8G1AC7URCR;B07JPX9CR7;6781
R3KKAMYDQAI5WH;B07WNK1FFN;2919
R3KKDRBZBH0TFL;B0873L7J6X;6762
R3KLQRR1UM44JG;B085DTN6R2;8589
R3KLYYUBC7THAD;B01D5H8LDM;4204
R3KLZUQCUHHOAX;B07BKSSDR2;4568
R3KM8XQNWHJ7SW;B09DL9978Y;2257
R3KN7L5WYSR0QX;B0B3X2BY3M;1738
R3KNMX723Q8CWZ;B00J4YG0PC;868
R3KPGU547U3K7Q;B08JKPVDKL;7718
R3KPNR16XZW0ZH;B08ZJDWTJ1;1376
R3KPQIECAK271I;B0B2CWRDB1;6757
R3KPZ8P5M4PG72;B09DG9VNWB;1514
R3KQ92E1PGHL45;B0BCZCQTJX;3857
R3KQSMQH0W45XR;B081RLM75M;2233
R3KUJV3XYVM4Z6;B077BTLQ67;2175
R3KVIR3Y8WBEXP;B00GG59HU2;1350
R3KVONT5CWWQ1V;B0073QGKAS;5648
R3KWBNS9ODP471;B09ZTZ9N3Q;3333
R3KX3LZE5DF03I;B08C4Z69LN;8585
R3KXHKIGWPT7IS;B0BP89YBC1;459
R3KY2YEIO4VRG3;B07FXLC2G2;4785
R3KY61SBMDJ6HG;B00RFWNJMC;1364
R3KY6XKRALU1LR;B09P564ZTJ;1884
R3KYBU80FW4GW4;B09MB3DKG1;8275
R3KYSOHRGRXD0Z;B07KKJPTWB;7154
R3KZ4E667WBY58;B0B3CPQ5PF;6329
R3KZ4E667WBY58;B0B3CQBRB4;6329
R3KZ4E667WBY58;B0B3D39RKV;6329
R3KZC4ST0RAK64;B00HVXS7WC;6732
R3L08DWQKGHDK7;B08S74GTBT;4190
R3L17NRMB2AJKW;B0BDZWMGZ1;5899
R3L1T1SL8IC3UH;B07R99NBVB;865
R3L1XUQPJ929C7;B012ELCYUG;3905
R3L27H7N1WH5BG;B09NS5TKPN;6408
R3L27Z1PJ76EKV;B0BBFJ9M3X;519
R3L27Z1PJ76EKV;B0BBFJLP21;519
R3L2IIFA8XR9G3;B09Q8WQ5QJ;6278
R3L2R2YXGR6W4L;B09G5TSGXV;4853
R3L2SDIE2FLY0Z;B01EY310UM;8163
R3L2TDS1XKX1T7;B0BMZ6SY89;2064
R3L3EFRRM8X2IY;B0B82YGCF6;1818
R3L44D00WINPGV;B0B31BYXQQ;7926
R3L4ND79MO2CRG;B0814P4L98;7086
R3L51B7RDHW16V;B08H6B3G96;7564
R3L55JQKYQUMNC;B07966M8XH;8421
R3L5E72O2NPWAX;B0B298D54H;7490
R3L5QGDIMQZJ0F;B0747VDH9L;448
R3L674Y2TEWO4K;B09T3H12GV;2202
R3L67FMAFHYG6H;B0B21C4BMX;2427
R3L6R136L1ST2P;B07T4D9FNY;6783
R3L76N34IVRAX6;B0B25LQQPC;6330
R3L7S5SH36JCUJ;B0756K5DYZ;6414
R3L8S4KNQ9XCO6;B01M72LILF;7736
R3L907SI2ZHXKE;B08MC57J31;8780
R3L9VSEBHFY0CO;B095PWLLY6;7202
R3L9WB85IB0Y5O;B07DL1KC3H;2777
R3LBIVLOABUIHD;B07B5XJ572;3066
R3LCHR1A1RPV6S;B01M72LILF;3520
R3LEJZ4FF2OSYZ;B09PL79D2X;5689
R3LEO43599XYH1;B071VNHMX2;4834
R3LEQKCCAHPSWR;B07XLML2YS;5594
R3LF4N05QHM907;B07WKBD37W;2148
R3LFL6Y72YQGDZ;B07MP21WJD;8409
R3LFQ7EDHZ6DKM;B0B3CPQ5PF;8826
R3LFQ7EDHZ6DKM;B0B3CQBRB4;8826
R3LFQ7EDHZ6DKM;B0B3D39RKV;8826
R3LFVYT98WRBZ1;B07JF9B592;3929
R3LGQPRXIGK0OZ;B07W9KYT62;828
R3LHAFK1QLQHX;B00N1U9AJS;7916
R3LHNY1FJU5Z62;B0B3CPQ5PF;5068
R3LHNY1FJU5Z62;B0B3CQBRB4;5068
R3LHNY1FJU5Z62;B0B3D39RKV;5068
R3LHO7E66T27P9;B09FKDH6FS;1139
R3LIDV3FE4WP2U;B0BDG6QDYD;770
R3LJ3MMSH7Z1BT;B09N3ZNHTY;5414
R3LJ607WFYPUQ4;B096TWZRJC;7576
R3LJECTJJCPCMA;B08CHZ3ZQ7;3073
R3LK3T3R4O8FU7;B0B8ZM9RVV;5018
R3LKDTQ3F3YBBP;B00O2R38C4;5843
R3LL7D9XJ1KM17;B08498H13H;347
R3LLDHV3WXED9C;B085DTN6R2;968
R3LLRND14DDJAB;B09RMQYHLH;6656
R3LM25KZJYPW7K;B09YL9SN9B;3369
R3LMAD40N5XICA;B00LP9RFSU;3083
R3LMQYP4S3TZ1D;B08W9BK4MD;2474
R3LN2K5C6IXQJN;B013B2WGT6;3104
R3LOHD95Y9I8Q3;B09T3H12GV;4554
R3LP9C2W2RTAQH;B0B1NX6JTN;8116
R3LPK5GH31P4HW;B0BP18W8TM;6247
R3LPNHIQDOG8J9;B07W7Z6DVL;3553
R3LQ2TPKG42KG8;B09GYBZPHF;1295
R3LQ7TCDIBG7QE;B08D11DZ2W;2398
R3LQZ1MVHYQ0AH;B0123P3PWE;8121
R3LR647NBSDMCU;B07W9KYT62;403
R3LRHEV5RKBZQH;B09NNHFSSF;1059
R3LRZAZO84DZ6K;B07989VV5K;568
R3LS2IUM23YXEX;B07Z1Z77ZZ;7896
R3LUVGT7CIHP3C;B07NCKMXVZ;7900
R3LVLRY6NMIF7B;B07S851WX5;6083
R3LVWE3Q7WY798;B09NBZ36F7;702
R3LW1RYTWDVNZK;B09GFWJDY1;394
R3LW2PWBJNEED5;B07Z1X6VFC;4931
R3LX92PW7T1NM4;B095244Q22;4669
R3LXC8533HTPVS;B08DCVRW98;7895
R3LXH31GPSHNYD;B083RCTXLL;1117
R3LXL9MYPDNLQU;B08LVVTGZK;733
R3LZ0DBRARBRZO;B09CTWFV5W;3644
R3LZFS4QTCAHA8;B07TR5HSR9;2796
R3LZQDRMNS5CZO;B08QSC1XY8;5288
R3LZQDRMNS5CZO;B08QSDKFGQ;5288
R3M0C49RRYPXKN;B09P1MFKG1;8845
R3M2ZIVIR8KIFB;B08RP2L2NL;3227
R3M3ZC7HMK17L;B08QW937WV;4065
R3M55L4CWCO99H;B0BCZCQTJX;6835
R3M5X5REVHJUFI;B07JGCGNDG;2288
R3M5YID5J08Y5T;B07L1N3TJX;4763
R3M6CEWXVKNB4E;B07N8RQ6W7;5503
R3M6NH8U0C7JBM;B0B7L86YCB;4579
R3M6T8MOF5GD27;B09ZDVL7L8;6333
R3M6TF2LH1H23Q;B0B3DV7S9B;6678
R3M6UUHPBSVWBJ;B009P2LITG;7827
R3M6VQI4E94D8T;B09BN2NPBD;4429
R3M7POECW3UFL3;B08YDFX7Y1;2976
R3M7PQLBYULEGY;B0841KQR1Z;4152
R3M83FVS6RZHFI;B07GMFY9QM;4351
R3M83QIXOQMO9J;B09H34V36W;1187
R3M97OC4YJNBQT;B07KRCW6LZ;8115
R3MB6685PDKUZK;B0B59K1C8F;1346
R3MB7ZUKQPAQ1C;B096NTB9XT;5600
R3MBQFNM21T9KF;B096YCN3SD;1341
R3MBRCZ7N5RCQG;B07H8W9PB6;1895
R3MBTEU82OA7X1;B07QCWY5XV;690
R3MCAC061E19PA;B07T5DKR5D;2223
R3MDF3ZNTMFS3M;B0798PJPCL;7020
R3MDULNGS6SJBE;B01LYU3BZF;2696
R3MDWPL6USKW2T;B09YV3K34W;3107
R3MDWPL6USKW2T;B09YV4MW2T;3107
R3ME9LEM264R7O;B09LV1CMGH;5097
R3MEDM094JOZHW;B07W14CHV8;7992
R3MEVKMG43JO84;B075S9FVRY;8463
R3MF95QMC31H35;B009P2LK80;694
R3MFG4MODO6DW6;B07VNFP3C2;6877
R3MG5C14NRKOHR;B09N6TTHT6;2249
R3MGVFU1ZMOBFD;B08CFJBZRK;3301
R3MHRRK05RD01A;B08QX1CC14;4498
R3MJ0JMWK80XK8;B09XBJ1CTN;7842
R3MKON00OQCF7T;B07Y9PY6Y1;8923
R3MKRK9JVBJ22C;B086394NY5;6358
R3MLNPNLSYH11T;B08HV83HL3;4619
R3MLNPNLSYH11T;B08HVJCW95;4619
R3MLNPNLSYH11T;B08HVL8QN3;4619
R3MLY4J9APFPSY;B00LZLPYHW;1841
R3MMCNIWBVZHMH;B08MXJYB2V;6257
R3MMP5A1MKKZZP;B07W4HTS8Q;175
R3MN2XSFL7T48O;B0B54Y2SNX;138
R3MNP5J7S2T1YC;B01D5H8LDM;1316
R3MO3QMPSUEAFJ;B018SJJ0GE;6969
R3MODCWX8MEIFI;B07RD611Z8;3649
R3MOOJUBKCJ0VR;B084MZYBTV;6725
R3MQ0FZCHTDIXT;B086X18Q71;4671
R3MQME1SHOPH91;B0116MIKKC;3289
R3MQR2IAST1ABB;B00ABMASXG;3916
R3MS03C3MG2C7C;B01NCVJMKX;207
R3MSIMI8U7QZXJ;B08HV83HL3;18
R3MSIMI8U7QZXJ;B08HVJCW95;18
R3MSIMI8U7QZXJ;B08HVL8QN3;18
R3MSYM05H7OI65;B07WNK1FFN;1991
R3MT3F6SGDQJH9;B09HN7LD5L;5429
R3MT7MII7720H4;B08MZQBFLN;119
R3MTH1DRIEXJ4M;B077BTLQ67;3098
R3MUC8BNID58B0;B07YWS9SP9;4157
R3MX15QTIQ0BXG;B098TV3L96;3288
R3MXMT6V18JJ1P;B07B275VN9;646
R3MY5QLMJHTG5E;B075DB1F13;391
R3MYQGY75L0ECV;B07YWS9SP9;7683
R3MYQMWYBPFNCE;B0B8CB7MHW;5065
R3MYYL9O8BO3GS;B08SMJT55F;4239
R3MZE0LEVB688M;B07W14CHV8;530
R3MZJHQ8REYS8C;B09XB1R2F3;1603
R3N0OO6FHZAE2I;B09XTQFFCG;6637
R3N0PTQXQ8UJY8;B07Y5FDPKV;5581
R3N1KWPD82KCJH;B08GM5S4CQ;6440
R3N1UVS0VJ5GTV;B09NC2TY11;2082
R3N2A5DV7IPG6R;B0B9JZW1SQ;2907
R3N57EVVG0EHAF;B07YTNKVJQ;7472
R3N57EVVG0EHAF;B08DDRGWTJ;7472
R3N6TUU2QT818A;B08JMC1988;819
R3N6ZYBTC2LJVW;B07NTKGW45;5822
R3N7IVWTZUMGDK;B09CYTJV3N;3200
R3N7Q2Z3RUDS01;B08CHZ3ZQ7;4273
R3N8H6JX73IGQM;B00P93X2H6;1863
R3N8TTZEOCVIC9;B07YCBSCYB;1801
R3N9DZ2JDGIAWQ;B07CVR2L5K;4333
R3N9JK1RH8STLG;B07WMS7TWB;1063
R3NB1CQXEVVQIT;B00MFPCY5C;1780
R3NBFPDHO752C6;B0BNQMF152;4742
R3NCHTJEG96BIG;B00H3H03Q4;3848
R3ND0LPTOXRICR;B08497Z1MQ;6912
R3NE24KAHO8M69;B00NH11KIK;8114
R3NE8OQ3WPJOT9;B008LN8KDM;2779
R3NED3VC2G6UB3;B00HZIOGXW;3072
R3NEEKXGIP67K0;B00Y4ORQ46;6170
R3NEQG8JV6357R;B07H3N8RJH;1097
R3NEW792RTB2MX;B09PNR6F8Q;2833
R3NF49K5GAY77U;B08D11DZ2W;6638
R3NFH3J30CCSO9;B0B21C4BMX;4227
R3NFOY58N9GMK5;B097ZQTDVZ;4586
R3NGRQVZQY9RYR;B0B2CPVXHX;526
R3NHUC9S00KIR8;B0994GFWBH;8296
R3NHUC9S00KIR8;B0B4G2MWSB;8296
R3NI7GYUBF68Y7;B009P2LK08;3590
R3NINARQVMB04K;B01DJJVFPC;3809
R3NIYIIT389DWG;B08FB2LNSZ;6452
R3NJ39MOXXHP2D;B01C8P29N0;2863
R3NJ4S4NF2MA16;B01JOFKL0A;3662
R3NK0HFG8JUGIP;B07W14CHV8;6391
R3NKJOJN2NXZVS;B08PZ6HZLT;1189
R3NLWGZTKSITSC;B086GVRP63;7137
R3NMEJ9FHUKIM5;B098K3H92Z;5978
R3NMIVJ17E0X21;B08FB2LNSZ;6784
R3NMULZYX4HN7N;B07CD2BN46;5913
R3NN6TXOM5MD2S;B09M8888DM;8179
R3NNEPKX2Y3RFA;B09X1M3DHX;7512
R3NNMZRL819Q5I;B09MJ77786;2393
R3NNMZRL819Q5I;B09RWQ7YR6;2393
R3NOMC4L51HI68;B095XCRDQW;1426
R3NOWQBXUGHRI9;B07SLMR1K6;3870
R3NPDCAH895UHB;B0141EZMAI;8772
R3NQ4FM9WQJM1R;B0BG62HMDJ;1684
R3NQC64D2P7Q16;B07F1T31ZZ;4505
R3NQKJO364XETX;B09DSQXCM8;5313
R3NS94CP1XBFL;B0718ZN31Q;2319
R3NSG8LKQJ0JJB;B0BCVJ3PVP;6629
R3NSZO31F0V6QS;B07FJNNZCJ;2941
R3NT7AA2V3I2FB;B09RZS1NQT;3285
R3NTM54N8T1YCL;B07MKMFKPG;5990
R3NU9GCTSLCR29;B09F6KL23R;4748
R3NULWNYG5BD4E;B07FJNNZCJ;4951
R3NWHW7PI02GUJ;B00NH12R1O;5801
R3NY4R1RGDRP6I;B07Y9PY6Y1;470
R3NYD5UBRVJDWP;B095X38CJS;599
R3NZCVYJBN0CPD;B07P681N66;8995
R3NZCVYJBN0CPD;B0859M539M;8995
R3NZXJDYJSIGBU;B08LVVTGZK;1074
R3O03EUB6UY68T;B08HQL67D6;8600
R3O0A0XNHT8365;B00OFM6PEO;1010
R3O0LVO6BNKANJ;B0B296NTFV;847
R3O12UIKHXRVOG;B09MMD1FDN;1383
R3O2GOW05S3YSF;B01LWYDEQ7;7011
R3O343FKFZ25X1;B00VA7YYUO;8749
R3O35YTLY12KW4;B00E9G8KOY;3169
R3O3MTC9L2VAJ5;B094JNXNPV;2692
R3O40F4X6UJHEZ;B09CGLY5CX;5367
R3O59TXWPHOPEO;B07Z3K96FR;5968
R3O68SXAARCNVV;B07DKZCZ89;4470
R3O7GL8KXFAPBF;B09KNMLH4Y;5807
R3O8V8MGL6A3AQ;B0846D5CBP;2350
R3O8ZTH4RRO02J;B0BFWGBX61;912
R3O98DZ74AMK81;B08TT63N58;6190
R3OA62LXAITW86;B0BNLFQDG2;6444
R3OAPCUWZ6KJ0E;B0B12K5BPM;132
R3OBHPHLETR6ZR;B074CWD7MS;1519
R3OCQ19TZWHSN5;B095JPKPH3;4941
R3OCQ19TZWHSN5;B095JQVC7N;4941
R3OCX18B6XDQ39;B07SLNG3LW;6373
R3ODRY6PH6VBRV;B07NC12T2R;8766
R3ODU59WZ94MGN;B07JJFSG2B;7856
R3OEUY99P64UA3;B0B5GJRTHB;5216
R3OF7DKU80WNEX;B08JV91JTK;3181
R3OF9WES5OOK6;B0B9LDCX89;1180
R3OGEQWZH4DYFA;B009P2LIL4;1597
R3OGYQ4D7SLX6;B078WB1VWJ;4811
R3OI7YT648TL8I;B07JGDB5M1;2843
R3OI7YT648TL8I;B07JH1C41D;2843
R3OI7YT648TL8I;B07JH1CBGW;2843
R3OI7YT648TL8I;B07JW1Y6XV;2843
R3OI7YT648TL8I;B07JW9H4J1;2843
R3OI7YT648TL8I;B07LGT55SJ;2843
R3OI9NIP86EJMK;B09PTT8DZF;8737
R3OIOOP7OOI9B;B07S9M8YTY;8182
R3OIY3XB4667JN;B09NBZ36F7;2802
R3OJNER98OIMQL;B07GNC2592;6477
R3OJTSZV57IWTC;B09NC2TY11;2472
R3OK8B33J8NWV4;B088Z1YWBC;4944
R3OL0GIELMWSPG;B09J2MM5C6;6012
R3OLO46FXE0Y7M;B08TTRVWKY;8709
R3OMNNV6IXSOCS;B07WGMMQGP;8942
R3OMNNV6IXSOCS;B07WHQBZLS;8942
R3OMNNV6IXSOCS;B07WJWRNVK;8942
R3OMWY6WL6XFF1;B08RHPDNVV;3710
R3ON78SE4U0D4D;B098K3H92Z;6133
R3ONAP5KD4Q7QH;B0883KDSXC;6694
R3OO98PE8MBQ6M;B09NNJ9WYM;7535
R3OQFNCN0XCNKV;B0949FPSFY;4124
R3OQN6ALK8PU16;B01GFTEV5Y;1392
R3ORITJ44RSH6F;B0B9RZ4G4W;3841
R3ORPP4CPI5V9S;B01LY9W8AF;4151
R3OS23S4DLG4RW;B09MJ77786;708
R3OS23S4DLG4RW;B09RWQ7YR6;708
R3OSBPH7X9AQUK;B0B1YVCJ2Y;5433
R3OSBPH7X9AQUK;B0B1YY6JJL;5433
R3OSBPH7X9AQUK;B0B1YZ9CB8;5433
R3OSBPH7X9AQUK;B0B1YZX72F;5433
R3OSBPH7X9AQUK;B0BC9BW512;5433
R3OSOTBK6ZE6IW;B08CFCK6CW;918
R3OSR4OYTNNMCV;B081RLM75M;2921
R3OT3GHKN7033E;B0BNDD9TN6;950
R3OTWNGHV08YRV;B08WD18LJZ;4757
R3OUB0HZCUEZBL;B07D2NMTTV;5679
R3OUTRCSE95S7U;B00OFM6PEO;3196
R3OVGAKIXHYTLX;B017NC2IPM;1409
R3OW5MN95Z8BDO;B0B6BLTGTT;5423
R3OXTS2IRETRU3;B07H3WDC4X;2416
R3OYZMQFEF9WV7;B07Z1YVP72;8195
R3OZNN0REGYW37;B0B56YRBNT;4788
R3P0F39HVQX1F2;B09VPH38JS;3352
R3P0GJ4V5HPF2M;B00LM4X0KU;2924
R3P0PRTL84LY6I;B071R3LHFM;6192
R3P1N9EPS61ITV;B079Y6JZC8;8746
R3P1QZDIWJJYVR;B0B3RRWSF6;5513
R3P1QZDIWJJYVR;B0B3RS9DNF;5513
R3P1QZDIWJJYVR;B0B3RSDSZ3;5513
R3P1VSN1MLDAC8;B08N6P8G5K;3632
R3P3AYLYQSCIHC;B09J4YQYX3;7611
R3P3N5PQLDHLYS;B00SMJPA9C;4531
R3P3UORQU1RBUS;B08Y5QJTVK;5712
R3P48DOOF0CDJ8;B08C7TYHPB;6301
R3P4FG9657U0PS;B0B4PPD89B;4894
R3P4WQ85WREE09;B08L7J3T31;4873
R3P69DNOICR8GR;B07VJ9ZTXS;8835
R3P6GI329T63NN;B07QDSN9V6;4567
R3P7QO38TZ591S;B07VQGVL68;7982
R3P9E303DFLLWO;B0B7L86YCB;534
R3PA1IDUY9QNC8;B07DJLFMPS;1112
R3PAFFUU229VTJ;B0B2X35B1K;8181
R3PAX3XE02N0SU;B08SKZ2RMG;4657
R3PB00C7ZEBAMG;B0819ZZK5K;2213
R3PB7I71NCM2LX;B0BJ6P3LSK;8918
R3PCJMP1XTXVUP;B08XNL93PL;7254
R3PCNE5292DYOG;B0811VCGL5;8160
R3PCRI9KDXF4QD;B09GFN8WZL;2798
R3PCRURZ1LS5JQ;B08J4PL1Z3;5161
R3PCU8XMU173BT;B096MSW6CT;3864
R3PCVDWZGC3I2B;B0BJ6P3LSK;7275
R3PEJ703N4DY56;B07J2BQZD6;8533
R3PESF4URSOFRC;B00A328ENA;7402
R3PFU7N4OQCZ68;B097MKZHNV;6895
R3PFYE8GPM1BM2;B09FZ89DK6;5686
R3PG1FBD4TX2RF;B07WHS7MZ1;8959
R3PG7SPU02XR6Z;B09VH568H7;7468
R3PGNXSPA35NB3;B09W5XR9RT;908
R3PHKXYA5AFEOU;B082LSVT4B;7018
R3PHKXYA5AFEOU;B082LZGK39;7018
R3PHKXYA5AFEOU;B098NS6PVG;7018
R3PHYNEGUHVNDJ;B09NFSHCWN;6758
R3PI3E0VLZY2C3;B0841KQR1Z;7584
R3PIVKT8BNMA4G;B0BLC2BYPX;5642
R3PJ930B4YQATF;B08KDBLMQP;3332
R3PJHP1S75AYAW;B0B2DZ5S6R;1639
R3PJIYCNWQ8Y2L;B09MFR93KS;5556
R3PKUJGSWS6X6T;B09GYBZPHF;4846
R3PLOVWNC48BP6;B08SBH499M;1008
R3PLZEPY4BHWX;B0BLV1GNLN;7967
R3PMLB832O0JFF;B09TT6BFDX;3947
R3PN1HMPH33439;B08YD264ZS;1866
R3PN59YSGTFQA4;B08H6CZSHT;2111
R3PNOFAB5MTZMN;B0747VDH9L;1736
R3POHJCTG2XX71;B01N90RZ4M;3760
R3PPFDE9PF1D66;B01F7B2JCI;6523
R3PQ1KGTPP89XV;B09YLFHFDW;8988
R3PQCDKA1JZC5J;B01C8P29N0;7973
R3PRBLGHPRCZ6A;B01FSYQ2A4;2629
R3PSGENDBUUIVP;B09B9SPC7F;442
R3PTXRLR7MPN25;B09CMP1SC8;7857
R3PTZIPG57O5A6;B0BMM7R92G;2680
R3PU1G9HCGIUHP;B0B65MJ45G;1270
R3PU1G9HCGIUHP;B0B65P827P;1270
R3PUTU32IYSOX0;B08TDJ5BVF;1511
R3PV91U8ZYN5DU;B00LZPQVMK;1437
R3PVGKMU58BIN3;B00LHZW3XY;714
R3PW0HIELRL2VT;B09BN2NPBD;5192
R3PWLUFNP117X0;B0B3RRWSF6;1955
R3PWLUFNP117X0;B0B3RS9DNF;1955
R3PWLUFNP117X0;B0B3RSDSZ3;1955
R3PY9TXJSQ085F;B09XTQFFCG;600
R3PZ3ENFIS7IJG;B0BFWGBX61;3087
R3PZ9M9NRLFCBK;B0BCYQY9X5;5132
R3PZ9OABVKGYOQ;B08D11DZ2W;8102
R3Q0E1AI2I2B30;B09BW334ML;7909
R3Q0EFB6CKAL4W;B0B31BYXQQ;5448
R3Q3101C0DYUP7;B00LY17RHI;5171
R3Q36Y6U3YKG6B;B07PLHTTB4;4453
R3Q3J9ZCQW08SJ;B09R83SFYV;3505
R3Q3L1KP5QWPV3;B08N1WL9XW;453
R3Q3L1KP5QWPV3;B08P9RYPLR;453
R3Q3L1KP5QWPV3;B09NHVCHS9;453
R3Q3L1KP5QWPV3;B09NJN8L25;453
R3Q3L1KP5QWPV3;B09NKZXMWJ;453
R3Q3L1KP5QWPV3;B09NL4DJ2Z;453
R3Q3L1KP5QWPV3;B0B3MQXNFB;453
R3Q3L1KP5QWPV3;B0B3N8VG24;453
R3Q4ZCHWSAQD5B;B09KLVMZ3B;3513
R3Q5DCTI9MGLIN;B09SGGRKV8;2005
R3Q5M78JBLPTF5;B07YSJ7FF1;7872
R3Q5MVGBRIAS2G;B009P2LIL4;1279
R3Q6AZSWSPY4RH;B07SPVMSC6;35
R3Q7KHGMYL8KPE;B07J2BQZD6;7368
R3Q8NDQHWTOEMA;B08CTQP51L;4477
R3Q8O6PFUVQU7A;B07K2HVKLL;5162
R3QA00SN4P1YUC;B09X7DY7Q4;1161
R3QAFK08KOEM4X;B08J7VCT12;5827
R3QAWS03V5OYSG;B09NL4DCXK;7334
R3QAWS03V5OYSG;B09T37CKQ5;7334
R3QB4RKKFY10JI;B08CF4SCNP;4980
R3QBLT1NI01FGR;B084MZXJN6;1329
R3QBLT1NI01FGR;B084N1BM9L;1329
R3QCRFDNP1RZM5;B09KPXTZXN;7508
R3QD7XA5DS8I8K;B07CD2BN46;3840
R3QEKYN8ZHH98T;B079Y6JZC8;3256
R3QGSGJ6K6D8R9;B08498D67S;1862
R3QI3EV1PDEDJT;B08PPHFXG3;2234
R3QISO0RQ0Q3Y9;B0B8XNPQPN;2222
R3QJ8DYTSW3N7V;B098T9CJVQ;5996
R3QJXYS4TXWZUF;B09HCH3JZG;1684
R3QKEI2SGY9HHY;B097MKZHNV;7280
R3QKFVLI9WHP40;B07XLML2YS;4451
R3QKL6QNRFS6T;B0B6BLTGTT;5744
R3QLOAFS794JE2;B00P93X2H6;7135
R3QLX0DTF1C3J7;B08XXVXP3J;636
R3QMD6JDUGQUCI;B0B4HJNPV4;7452
R3QMD6JDUGQUCI;B0B4HKH19N;7452
R3QMD6JDUGQUCI;B0B4T6MR8N;7452
R3QMD6JDUGQUCI;B0B4T8RSJ1;7452
R3QMEGXUL7BM6J;B08MCD9JFY;7855
R3QMLOKIJFMZ4P;B07GMFY9QM;8906
R3QMM0HI96HW0Z;B0B6BLTGTT;1880
R3QNDW1DBNUYYV;B08H5L8V1L;7908
R3QNKPNSUIZP59;B08G43CCLC;6014
R3QONJCF8NKEWD;B097JQ1J5G;5139
R3QOZ26RJV3Y3Q;B09XHXXCFH;8557
R3QP7PGD3SMG5I;B07VNFP3C2;656
R3QQUAIJT1HNL4;B0148NPH9I;426
R3QS7GCDG4CKQ5;B0B97D658R;4728
R3QSZKBK7BXCOP;B09BL2KHQW;1537
R3QTAOTV6O9TGA;B09NNZ1GF7;5402
R3QTDYT0UEVTKT;B07SBGFDX9;1596
R3QUBDARIE2ZHS;B09TBCVJS3;8779
R3QV31R1SXLLW8;B08TZD7FQN;5129
R3QVXCO0WYM84N;B07SYYVP69;3669
R3QW79LOKH6EDA;B078G6ZF5Z;231
R3QW79LOKH6EDA;B089WB69Y1;231
R3QWATH0CEY9UB;B00B3VFJY2;1656
R3QWLE8JHROKC1;B07YTNKVJQ;8724
R3QWLE8JHROKC1;B08DDRGWTJ;8724
R3QWLI0TRYXK2S;B0B31FR4Y2;6203
R3QWMJ5DS2A0B9;B00TDD0YM4;5406
R3QX33JL1X0RQ2;B01N6IJG0F;8656
R3QXJLS2BDGPZU;B00KXULGJQ;1773
R3QY58980PL4G7;B08WWKM5HQ;7990
R3QZ19MECGWG9A;B002SZEOLG;8318
R3QZ19MECGWG9A;B0088TKTY2;8318
R3QZ19MECGWG9A;B008IFXQFU;8318
R3QZ5MNLOXLYOJ;B082KVTRW8;3930
R3QZUREJQF2YLA;B075DB1F13;8912
R3R09SQ3LQZWP0;B09R83SFYV;5201
R3R1OIOGZG4W4C;B07L1N3TJX;3658
R3R2G8NOZZEM2R;B0B2DJ5RVQ;6308
R3R2TJZ3XDR2N9;B09LH32678;3465
R3R5DS04EXELTJ;B08VB57558;879
R3R6D9TUIP8SNV;B00LZLPYHW;2690
R3R6G8YFZJEHDX;B00LY1FN1K;4467
R3R6UOU1IUUI8Z;B09DDCQFMT;3989
R3R7EC2HWX3X1Z;B00GG59HU2;5540
R3R7LS0IO8KO0S;B08LT9BMPP;1217
R3R7UHOVSK5HK6;B09BCNQ9R2;4363
R3R812J0VVBD0A;B01M5F614J;3582
R3R825GTA0F2EB;B00E9G8KOY;4901
R3R8PESWWVT8XO;B01M0505SJ;6426
R3R8TSL66Y6E6F;B078JF6X9B;8292
R3R8UN7IQY7EIT;B07XLCFSSN;4229
R3R8UN7IQY7EIT;B0B8SRZ5SV;4229
R3R8UN7IQY7EIT;B0B8SSC5D9;4229
R3R9A3JWS33ERF;B08HLZ28QC;4877
R3R9NQXE7ERW69;B0085W2MUQ;1608
R3R9U30Y3LL03Z;B00ABMASXG;5329
R3R9Y258UAOCTI;B08G43CCLC;7863
R3RA6FKE9WX9CM;B00LOD70SC;6172
R3RBBXW4E5LKWH;B08S7V8YTN;467
R3RC91ZJN8FXRE;B0BNDGL26T;8455
R3RCHNNZ1GVHBL;B0BPBXNQQT;7638
R3RCM1DK0EBGWB;B09CMQRQM6;8488
R3RD0LCTRTMC3M;B017PDR9N0;4636
R3RD12MBAHBOGJ;B095PWLLY6;1415
R3REX484T6TAC7;B08D64C9FN;585
R3RFDGR8TPI8RK;B07H3N8RJH;6200
R3RGAH7ANQFR10;B08LHTJTBB;8624
R3RHA159FH0SOQ;B0B9XLX8VR;4060
R3RHA159FH0SOQ;B0BC8BQ432;4060
R3RHTIGZI3S51Q;B08M66K48D;6919
R3RIE0EEY4D6AU;B099PR2GQJ;1184
R3RITYKX4MWYCK;B08MZNT7GP;386
R3RK45ISPYVM54;B07WG8PDCW;4711
R3RKDGFWWFXK6U;B0BMGB2TPR;3374
R3RKDGFWWFXK6U;B0BMGB3CH9;3374
R3RKDGFWWFXK6U;B0BMGG6NKT;3374
R3RKJLBB11FNIO;B09XBJ1CTN;4882
R3RKYBJ36UG0KS;B07Z1Z77ZZ;5929
R3RLXT74FJNH0M;B07HZ2QCGR;4419
R3RMJEG2M36L3R;B0B3TBY2YX;8679
R3RN7ISB50U4FU;B09L8DT7D6;3946
R3RNBI15LHZP4A;B00KRCBA6E;2122
R3ROJ6AWGN2UFN;B08CHKQ8D4;3434
R3ROJ6AWGN2UFN;B09HV71RL1;3434
R3ROYQ6BV3RM5T;B09P858DK8;365
R3RP22I8F1KJ3G;B07WVQG8WZ;8349
R3RPSQIJV4SO8P;B071113J7M;8156
R3RQYH6EH78GZM;B081RLM75M;8153
R3RR2895R9O2DS;B07SYYVP69;6782
R3RR7IUQGDTSNR;B07QMRHWJD;5261
R3RSVTS2C7Q2A5;B08243SKCK;3998
R3RT49SO6YCNDO;B09T3KB6JZ;7026
R3RT5I5JOFAPWD;B088ZTJT2R;463
R3RTCJ45K1TVI5;B01EY310UM;1811
R3RU9Y16IO9WEC;B0116MIKKC;7092
R3RUBB6REUGTT;B092BJMT8Q;7483
R3RUBB6REUGTT;B092BL5DCX;7483
R3RUBB6REUGTT;B0B15CPR37;7483
R3RUBB6REUGTT;B0B15GSPQW;7483
R3RUTUF4VKRG87;B09MT94QLL;8113
R3RUZMOBCK3L6O;B08CGW4GYR;8686
R3RWH85AAMCDDX;B08CT62BM1;2065
R3RWH85AAMCDDX;B08CTNJ985;2065
R3RXQPQONGB1ZD;B0BMFD94VD;2938
R3RYDW0O1D5PYI;B098LCVYPW;3452
R3RYEYCYNV47BZ;B07B275VN9;8037
R3RYMJ2WU0SE6K;B0B61DSF17;3587
R3RZ9TPNV34433;B079Y6JZC8;6121
R3S0IIYYQMXKF;B09LRZYBH1;4775
R3S0NP80Q732UM;B09CYTJV3N;3135
R3S0S1OUOOTNC2;B07L3NDN24;2753
R3S0UMZSM6FNWM;B07RD611Z8;5069
R3S13J4FS6WPSO;B07YFWVRCM;7440
R3S263IWR7GQ9;B08GYG6T12;8033
R3S29FN21O2CMZ;B0752LL57V;2882
R3S2CEY1ZBAKJJ;B00SH18114;1739
R3S2E5C2I6JD1P;B00SMFPJG0;6060
R3S2TJNZAZMVLI;B08QHLXWV3;6112
R3S3ER956A091;B0B7DHSKS7;7677
R3S475ZLFA6K5C;B08S7V8YTN;4380
R3S4F4U2MF1Y50;B0746JGVDS;5715
R3S53R4I0ZE364;B0B5F3YZY4;917
R3S583DFLJ72KS;B07Z3K96FR;8938
R3S5U7BJ1KTKAU;B09Q8HMKZX;5923
R3S6FZ236ULL4K;B09P22HXH6;1793
R3S7HEACPHR8D5;B094JB13XL;2540
R3S7HEACPHR8D5;B09BNXQ6BR;2540
R3S7L5IYOMYVDS;B0759QMF85;6028
R3S8DLWTVTZT74;B00R1P3B4O;4713
R3S8IJGRFFCKTT;B075DB1F13;5861
R3SAFGRVGD7GTV;B00TI8E7BI;4706
R3SB0VOD36AXI0;B0BBVKRP7B;2859
R3SBJYLLR84FNM;B09NY6TRXG;8677
R3SBR1YRGFORQV;B0B31BYXQQ;8002
R3SCT96D2225LJ;B07TXCY3YK;1289
R3SCTI2ZS83HM4;B09XB1R2F3;751
R3SDFVG2YU1A0K;B01D5H90L4;2328
R3SDM4NN6LFSL;B083M7WPZD;627
R3SEMQ02KZ7NN5;B00E9G8KOY;4970
R3SETXTOZ47CM4;B09W5XR9RT;752
R3SFPV2D6N2S9Q;B08SCCG9D4;8702
R3SHUZZHWO2W3P;B0B217Z5VK;7612
R3SHXIE18BG29W;B09SJ1FTYV;6179
R3SIBLYM5T5AFY;B08WD18LJZ;3642
R3SJIFJH77JC1O;B08SJVD8QD;7053
R3SLQOT4AZDXOJ;B09KPXTZXN;2571
R3SM2QDMLBGDIK;B09SB6SJB4;2351
R3SMBF0YI93Z13;B0B8CHJLWJ;8284
R3SMLK8O4PUTW5;B08H21B6V7;6534
R3SMQ18FRX81ZM;B01I1LDZGA;409
R3SO8N3OF4401O;B07N2MGB3G;2464
R3SP1VLD2ICGHM;B08WWKM5HQ;8137
R3SQTXO5SE96IF;B084PJSSQ1;7023
R3SRF1NZK2DCS4;B07924P3C5;3545
R3SS3G4T33J3WS;B0873L7J6X;3729
R3SS4A3ZPHNIS3;B0162LYSFS;7885
R3SSOBQITYNPKB;B01L8ZNWN2;6961
R3SSR4ROJ92G30;B0BJ6P3LSK;2372
R3ST56H0XWNVV2;B07JNVF678;338
R3ST56H0XWNVV2;B07JPJJZ2H;338
R3SVFIOXQ99SOJ;B097R3XH9R;2840
R3SVTCGHMIRBEU;B07D2NMTTV;5048
R3SW1UZKGBAI70;B09BCNQ9R2;6662
R3SXQQ9NVG7HOY;B09XJ5LD6L;8495
R3SYP2PI42JEC;B009P2LK08;851
R3SYQPLCIXHS1E;B0085W2MUQ;3429
R3SZ6SM72UXPT9;B0B9F9PT8R;2996
R3SZH0PVUBQJ80;B09WN3SRC7;2858
R3SZOTNLJ4B1LL;B07TMCXRFV;4767
R3SZTBONWK6EEB;B08H6CZSHT;4448
R3T0CWF358RZNJ;B08BQ947H3;7996
R3T0E4YGGLI4VL;B0BLV1GNLN;313
R3T0U6U3J4PDPY;B09VL9KFDB;1909
R3T10F5XX7DYJ8;B00LHZW3XY;7780
R3T10OKWTH8OE8;B09G2VTHQM;1467
R3T1GTTWKWWNZZ;B08CFCK6CW;2575
R3T3F038IAP2Z5;B00P93X2H6;5105
R3T3W32BSFI2C3;B07B5XJ572;6648
R3T5NNNE4VO6Z5;B08VFF6JQ8;6985
R3T6DF21D1TVYC;B095XCRDQW;8936
R3T6IUBAYZZ3KO;B0B61GCHC1;3202
R3T6PJ40WKL2M2;B099S26HWG;1812
R3T6U58L22D6SD;B08PFSZ7FH;8970
R3T70N2JGTAPV2;B0B7DHSKS7;7954
R3T8UTHQS6VMTK;B01F7B2JCI;2376
R3T9C8BMA8PF8P;B09NBZ36F7;7164
R3TAACQ304V0Q5;B09NR6G588;726
R3TAVI48RMGJX5;B01IBRHE3E;3197
R3TCEP7588ZBZ;B078JF6X9B;1386
R3TCP13OGSIO0A;B08VJFYH6N;832
R3TCUV39Q5GMP7;B07L3NDN24;7052
R3TD9LHIZPOJZZ;B077BTLQ67;988
R3TEYFY6989IR4;B07GLS2563;5817
R3TFFDWEHT3NTP;B08CKW1KH9;5812
R3TFGARGJENEPY;B07ZJND9B9;6332
R3TGQK7IIJLS03;B0B2931FCV;55
R3TGTIJ54KHOL0;B0B5LVS732;8816
R3THK9M26CIDNQ;B07Z1Z77ZZ;4596
R3TJKDUB3GKBQ8;B084DTMYWK;4504
R3TK26WSQHBGNK;B07T9FV9YP;7641
R3TKVWL3ZLGJ2L;B00LZLPYHW;6671
R3TL5BYHCMQSB3;B08CDKQ8T6;2534
R3TLCE9JSBU3UP;B014I8SSD0;419
R3TLCE9JSBU3UP;B014I8SX4Y;419
R3TLCE9JSBU3UP;B07KSMBL2H;419
R3TLR3XSHP0UH9;B014SZO90Y;2524
R3TNBYI02BNXDP;B08CHKQ8D4;8949
R3TNBYI02BNXDP;B09HV71RL1;8949
R3TNI0JHPOWSE6;B088ZTJT2R;110
R3TOOFPX256D59;B0912WJ87V;4883
R3TQ0TEJ67VL2V;B01DGVKBC6;7108
R3TQ32UCRS81WR;B085HY1DGR;1351
R3TQ721HDLL0UC;B00LVMTA2A;2009
R3TQACIQUXT2WO;B09JPC82QC;7404
R3TQJKN7EJKGXO;B0752LL57V;6597
R3TR96F911X3VY;B09F3PDDRF;2360
R3TRCC0769D12A;B07KRCW6LZ;6556
R3TRXLCPJ7CXLS;B087FXHB6J;2089
R3TS5E690D6AFF;B00SMFPJG0;1377
R3TSRA5SXC5XJ9;B07KNM95JK;5377
R3TT1JXUXT8ZR1;B07YZG8PPY;7494
R3TUSIFSD4QCKJ;B01DEWVZ2C;2556
R3TUSIFSD4QCKJ;B01DF26V7A;2556
R3TVMEHW7XIWSU;B072NCN9M4;8888
R3TVRE3301FSM8;B0978V2CP6;8375
R3TWKN96MA3YTC;B07N2MGB3G;6191
R3TWPYZY4WV9SK;B07VZH6ZBB;1470
R3TWY3L3AL5FYY;B07VZYMQNZ;5687
R3TXEYX89U440E;B08498D67S;1964
R3TXMZ9OL1L7MI;B099FDW2ZF;7300
R3TY53243YFG8E;B0756CLQWL;4461
R3TYVHL507XB76;B085W8CFLH;4819
R3TYY0655P2RMO;B0BNDGL26T;1147
R3TYY9FVH4FCHC;B08VB2CMR3;904
R3TYY9FVH4FCHC;B08VB34KJ1;904
R3U0NCD7XO2KX4;B0B7L86YCB;2199
R3U0OEWBKIO5Z3;B01DEWVZ2C;3664
R3U0OEWBKIO5Z3;B01DF26V7A;3664
R3U1GKVTCQ21OO;B08D9MNH4B;6616
R3U23VHZY4V64Z;B07VTFN6HM;6107
R3U26KEWXGCBX2;B0073QGKAS;2901
R3U349CN4O5SC6;B0BHYLCL19;689
R3U3Q0ET3JUC76;B09NFSHCWN;7665
R3U57AW0L6O5C6;B09LHXNZLR;4604
R3U5F3UJMK0DZP;B0BK1K598K;2270
R3U6Q310IX6DDS;B01DGVKBC6;4428
R3U7MTLZA3L5CH;B08H5L8V1L;797
R3U7XXGC3DE0IB;B0972BQ2RS;1689
R3U82K5ODIGUF6;B00LHZWD0C;1618
R3U8F3JQ8WX7NS;B09P22HXH6;8536
R3U8JXSUPY8MSJ;B09XJ5LD6L;5040
R3U8L7PHH3OIZC;B08D6RCM3Q;996
R3U8Q4IBUKCLZV;B09MM6P76N;5789
R3U9FRV2Q625DO;B003L62T7W;315
R3UBFGKNSPP1T;B0BCKJJN8R;3275
R3UBMYP1E5RM5Z;B0BJYSCWFQ;3013
R3UBUQT5L25WJV;B00YQLG7GK;4542
R3UCW7IYN6BWZ3;B08MWJTST6;6584
R3UEORHQEZE02I;B09J2MM5C6;3290
R3UEQM867K8BUH;B07DC4RZPY;7479
R3UF71OXPULBHN;B0BHYJ8CVF;5197
R3UFE6QT0QHH7G;B09G2VTHQM;5482
R3UFTGEYELMOS2;B09163Q5CD;2091
R3UFXXP9B7DVUJ;B0B9BD2YL4;9048
R3UGNLBXR6LUNT;B09YLFHFDW;8332
R3UGUI3KYDDOC2;B098R25TGC;856
R3UHV5AN1DF5H3;B09KNMLH4Y;3636
R3UI3Z6GBVW39Z;B09C6HWG18;4732
R3UISEQJ70M7M4;B098LCVYPW;7601
R3UIZ85E8RCFUT;B09F6KL23R;1935
R3UJT1TH1470HU;B00NH12R1O;6794
R3UJT4TR76E3A;B09NY7W8YD;5008
R3UKHBPPXQOJ7Q;B08TZD7FQN;6711
R3UKO8DK958TVU;B09BW334ML;7471
R3ULCCZZHBNLA4;B08WRBG3XW;3234
R3ULD6B7PBI3FQ;B07SLMR1K6;8410
R3ULSAT0BPNPG4;B07WDK3ZS2;8883
R3ULSAT0BPNPG4;B07WFPMGQQ;8883
R3ULSAT0BPNPG4;B07WHSJXLF;8883
R3UME3PEOKCQ5B;B09BF8JBWX;8214
R3UONEK0PLA01H;B09CYTJV3N;1359
R3UPD9POT3K5MD;B078JBK4GX;5821
R3UPIMMS24KIKB;B0BD92GDQH;2990
R3URBXHQ9H8DAF;B09HN7LD5L;8100
R3URKY34C3O6C6;B07RZZ1QSW;430
R3URL5J0TF2CFR;B07R679HTT;7953
R3UTU1ETF9YL12;B0993BB11X;1262
R3UTU1ETF9YL12;B09MZCQYHZ;1262
R3UU1TR7386E57;B0B53NXFFR;4007
R3UU1TR7386E57;B0B53QFZPY;4007
R3UU1TR7386E57;B0B53QLB9H;4007
R3UUKCS12Q0B9X;B09F6D21BY;1116
R3UV2ZJIR07U21;B086JTMRYL;8763
R3UV9O11G5O7EC;B094QZLJQ6;1104
R3UVDDIPCFBZMK;B08XMSKKMM;8573
R3UW73PKX5XAOA;B09XJ5LD6L;6763
R3UX0I4P6QYZDT;B096VF5YYF;6533
R3UXDJEW3BYXBD;B07WHS7MZ1;7088
R3UXSYW0X740ED;B00KIDSU8S;4558
R3UYCY0PK6T5JS;B083J64CBB;6351
R3UZ1PKYHGKLV6;B09J2MM5C6;7130
R3UZ9QELD4SGH9;B0BL11S5QK;5517
R3UZD33WNT4AD;B0BF4YBLPX;7815
R3UZD33WNT4AD;B0BF54972T;7815
R3UZD33WNT4AD;B0BF54LXW6;7815
R3UZD33WNT4AD;B0BF563HB4;7815
R3UZD33WNT4AD;B0BF57RN3K;7815
R3UZGGP0USHERY;B09ZHCJDP1;6034
R3V035V0E672U2;B07N8RQ6W7;4408
R3V03S1XKJWJ4F;B07W7Z6DVL;100
R3V0GQV599E046;B09FKDH6FS;1324
R3V12FGGUVZMOD;B07YR26BJ3;3061
R3V1DRV00BSNS5;B0B97D658R;5664
R3V1ETN1KQ4QL2;B01LYU3BZF;1533
R3V1KGX1M84MDL;B07F366Z51;6135
R3V1NU4NDXXV74;B09TBCVJS3;2068
R3V1U8IIB8FFO2;B08QJJCY2Q;7234
R3V2BSMUA81YBR;B07WDK3ZS2;1559
R3V2BSMUA81YBR;B07WFPMGQQ;1559
R3V2BSMUA81YBR;B07WHSJXLF;1559
R3V2ZQIOIWA0PL;B0BB3CBFBM;221
R3V395NK0BE964;B0B1MDZV9C;3948
R3V4MXWG0YPF9R;B0971DWFDT;6374
R3V4QKSGSKWY6Z;B075ZTJ9XR;1990
R3V4ZRTE667XFW;B0BPCJM7TB;2607
R3V539LPWIH3CD;B09Y358DZQ;5357
R3V5B4OYIG9WX6;B00VA7YYUO;1807
R3V5CR48TYWKVC;B09H3BXWTK;772
R3V5G6EGGCQHO4;B09M869Z5V;3373
R3V5ZJK278N7DE;B0BBLHTRM9;1484
R3V669AZP1XAAF;B01DJJVFPC;5627
R3V76M88BH6XO4;B098T9CJVQ;5147
R3V788MKGR7BT6;B09Q8WQ5QJ;1412
R3V7O33VH25ONB;B00LY17RHI;7747
R3V8S0ESHRPDBO;B09HS1NDRQ;6553
R3V8S6MZGP7QAL;B07RX14W1Q;8387
R3V903TPDK44R2;B07WG8PDCW;5713
R3V94LO1BMB55D;B075JJ5NQC;6183
R3V9KCNAJ0PXQ;B0836JGZ74;1506
R3VA611ERW9TJ2;B01J8S6X2I;2042
R3VAP7JD6S5Q9B;B003B00484;4316
R3VB6LUO0KQAC7;B098K3H92Z;6971
R3VBC6VU8OT0QP;B0B54Y2SNX;6173
R3VBGTOFWPE9OQ;B086Q3QMFS;8444
R3VBWUYTKOOUQ7;B07VZH6ZBB;6123
R3VCIW3UM7QMO0;B09RF2QXGX;8998
R3VCM9XQOZO7IX;B0B21C4BMX;6477
R3VF5DEKULWSKF;B0B16KD737;5100
R3VFX06LEJWEGM;B09MB3DKG1;7033
R3VFYJ2WAD73ZC;B0BBW521YC;2396
R3VG49O0264FQ9;B07S9S86BF;6510
R3VG49O0264FQ9;B08H9Z3XQW;6510
R3VGJSGVVRKN24;B08QDPB1SL;8232
R3VGVVQLQT97ML;B09ZTZ9N3Q;4297
R3VH49P53CT04T;B08LKS3LSP;2824
R3VH5ITHUL3GUT;B017PDR9N0;1157
R3VHEFOX9HOCWT;B0856HY85J;1522
R3VHQRRATDBKW3;B00V9NHDI4;1666
R3VIKEVJ5DBF5G;B08WRBG3XW;6657
R3VJ1YSW5XZI0D;B0B2CPVXHX;6738
R3VJF3LZ7XK3WV;B0B9BXKBC7;1496
R3VL4SYCU5AQ1X;B07VJ9ZTXS;5514
R3VLPV94UNTN7D;B008LN8KDM;1996
R3VM7P3773KRV;B082T6GVG9;43
R3VMIAJI5S2S9M;B07X963JNS;4115
R3VMIAJI5S2S9M;B08HF4W2CT;4115
R3VN34M1FH4YAZ;B09C6H53KH;7339
R3VN8XDH215N7I;B09YLX91QR;1465
R3VN8XDH215N7I;B09YLXYP7Y;1465
R3VN8XDH215N7I;B09YLYB9PB;1465
R3VO2OQU0NX1GE;B00BN5SNF0;5432
R3VOHGBLWI7YD3;B012MQS060;5463
R3VORTRB8TWN89;B09B125CFJ;5056
R3VPNPIBWBPUB1;B07FXLC2G2;4575
R3VR5WFKUS15C5;B002SZEOLG;525
R3VR5WFKUS15C5;B0088TKTY2;525
R3VR5WFKUS15C5;B008IFXQFU;525
R3VR8G8SJCIQM;B084PJSSQ1;8851
R3VTBRIS9BCUR4;B07LG96SDB;8356
R3VTLQFO4KMHHC;B0B72BSW7K;1968
R3VTU271LEFDVB;B07VSG5SXZ;6155
R3VUA0WWCNQK33;B082T6GVG9;1214
R3VUE0FS0NDIRK;B07KY3FNQP;147
R3VV8VK7HOOYQS;B07XJWTYM2;4897
R3VVDILPFTB4N;B09WF4Q7B3;373
R3VW4D1UNO8HON;B09ND94ZRG;5117
R3VW949SRSI8DG;B08235JZFB;3477
R3VWD0BGB1RXGB;B07LG59NPV;6937
R3VX2X08SUPGXI;B0978V2CP6;8069
R3VXTRX34YFXJ9;B083M7WPZD;4298
R3VZ6Z283J13QS;B09Z7YGV3R;6315
R3VZFLZVFVZ13G;B01MQ2A86A;8109
R3VZRQJOKCBSH4;B08L12N5H1;4794
R3W0T7AI69710R;B01L8ZNWN2;8148
R3W19RHKGXE1OV;B07Q7561HD;1907
R3W1MUYN039NGZ;B08PKBMJKS;7830
R3W2R17WXI3T8;B08K36NZSV;1334
R3W2X53D3BLIBR;B082T6V3DT;2040
R3W3H7WY3GXGHM;B014SZO90Y;5826
R3W3PK017U6SIG;B01N90RZ4M;203
R3W47CO2GVMAVC;B00NH12R1O;5369
R3W4H9QPAJXJYC;B08PSQRW2T;5510
R3W4H9QPAJXJYC;B08PSVBB2X;5510
R3W4I9B0JTZJH4;B0BCZCQTJX;5722
R3W4R95XAZYMHH;B013B2WGT6;264
R3W56W4AW11KW1;B07YY1BY5B;8415
R3W56W4AW11KW1;B08HV25BBQ;8415
R3W8PELKPQYYI;B08ZHYNTM1;4605
R3WA8CHZXMRJR;B07J2NGB69;4665
R3WKLPJAQHGX0;B01M5B0TPW;5124
R3WPIQCSIWIMK;B07M69276N;6696
R3X13NSZ9R7V8;B09G2VTHQM;5289
R3YGN1PYLTA95;B0BNLFQDG2;1179
R3ZUCD78I2REL;B0BDS8MY8J;5325
R3ZXPPAOL3P9C;B017PDR9N0;8576
R407TEVC3CYBY;B08JV91JTK;21
R40G9679B3M95;B017NC2IPM;5138
R410I44U1ORFS;B0BJ966M5K;9027
R41500Y3DT8IX;B0BD3T6Z1D;1920
R41I3GR7DNRBK;B00YQLG7GK;3478
R41RLIIPI7UUH;B095RTJH1M;7610
R41ZM7UPJZQ8W;B09XX51X2G;1943
R42A5QTEMPPGQ;B0BNV7JM5Y;7981
R42A5QTEMPPGQ;B0BNVBJW2S;7981
R44E31ZTVX5VT;B07SBGFDX9;8989
R44ZNSYWMMKWH;B09XRBJ94N;2565
R45K5XEROLCRK;B0B8SSZ76F;1229
R46IEAURB1339;B01KK0HU3Y;8841
R46KBLJ4XGT53;B009P2LK80;8416
R47L546EDBNEC;B097R3XH9R;5868
R47YX2LMQDMCL;B00NNQMYNE;1297
R48118BKXJTKZ;B08XMSKKMM;4418
R48EN3ANVWEX9;B08L5FM4JC;7604
R48EN3ANVWEX9;B08L5HMJVW;7604
R48EN3ANVWEX9;B0BDRVFDKP;7604
R48EN3ANVWEX9;B0BDYVC5TD;7604
R48EN3ANVWEX9;B0BDYW3RN3;7604
R4A9Q67LKCDN3;B08ZHYNTM1;6681
R4AMYK7Z8U971;B0B2RBP83P;3417
R4ATJJVUY9JO6;B092BJMT8Q;2554
R4ATJJVUY9JO6;B092BL5DCX;2554
R4ATJJVUY9JO6;B0B15CPR37;2554
R4ATJJVUY9JO6;B0B15GSPQW;2554
R4B8YJ4015C8C;B09H3BXWTK;2906
R4BFNUNWNX1R0;B07XCM6T4N;4537
R4DZTYE4O453G;B07WGPBXY9;2789
R4E5DYXHHGZTD;B07NRTCDS5;3819
R4ES2CY3SDLGW;B0BMZ6SY89;1137
R4F2HUXYO2V7U;B095PWLLY6;1169
R4F8T565MXCHD;B00CEQEGPI;8309
R4FCBHSKL92PJ;B08RP2L2NL;7072
R4FRMNYYMSIBC;B0756K5DYZ;1398
R4GY3NDK1NKOJ;B01C8P29T4;2645
R4GYZF4RHILFG;B09MKG4ZCM;5302
R4JGI2NFX4AOT;B09VC2D2WG;3901
R4JW61N9AEDHA;B00PVT30YI;759
R4KKHOLNKM7XN;B09Z7YGV3R;3037
R4KUI529XXAL5;B00LVMTA2A;2884
R4L3BQHQJOIO7;B08GYG6T12;8768
R4LNZP9RCX3H3;B08CDKQ8T6;3598
R4NCD2RDWQWZ0;B097ZQTDVZ;4852
R4NG5TLAQ0WZR;B07W6VWZ8C;754
R4P7D5FJZ86K4;B07N8RQ6W7;885
R4PXSKQEZNJGO;B0B9959XF3;3961
R4PXSKQEZNJGO;B0B997FBZT;3961
R4RAOBEKJMT1E;B0B8VQ7KDS;7369
R4RMB9P1YZJV3;B0B31BYXQQ;7235
R4S7MHI8MJKLU;B07L5L4GTB;1566
R4TD9COGBSNUW;B09R83SFYV;2440
R4TFLMVQ5UVRJ;B00EYW1U68;8157
R4U8VD6OEEGE4;B08LT9BMPP;2727
R4UCVBMFQCOB2;B09CKSYBLR;4226
R4UWGPOL1PSZZ;B0BNDRK886;4426
R4YUH7EZ5DB9C;B01MUAUOCX;1151
R4ZVFDLVBQV07;B08Y57TPDM;5938
R50BAXXBZWYIE;B09CMQRQM6;5618
R50IDO4SB3AFN;B08G1RW2Q3;5796
R50KZDO2KFBYT;B07RZZ1QSW;4473
R50QNWM2SDL2V;B004IO5BMQ;1999
R50YC789QBGLM;B017PDR9N0;8360
R518SEQWS6UN3;B097R3XH9R;9023
R51BP5RJHSCM8;B08CS3BT4L;8889
R52EDT5ZD6ZQF;B0BD3T6Z1D;1829
R52K5GWEQ070L;B083RCTXLL;2557
R52TPUGTJPEEN;B0B25DJ352;2966
R52YG96EXD03Q;B08GSQXLJ2;3238
R537ORAZ3D691;B08VJFYH6N;6780
R53JNVT67N0WC;B00F159RIK;1458
R53M82T1POPU;B08GSQXLJ2;4443
R552K8E1PGVSB;B09474JWN6;5632
R55EXM1PLX7BM;B072J83V9W;2078
R55NBBAP45T6G;B08YXJJW8H;808
R560D18O1BJM7;B09YV42QHZ;3299
R560D18O1BJM7;B09YV463SW;3299
R560D18O1BJM7;B09YV4RG4D;3299
R564J6V9I533Q;B08CRRQK6Z;5202
R597Z0G89GU27;B09XB7DPW1;4658
R597Z0G89GU27;B09XB7SRQ5;4658
R597Z0G89GU27;B09XB8GFBQ;4658
R59S0ST3CRK72;B07RCGTZ4M;2265
R5A7COKUGSUIQ;B0B16KD737;1605
R5ADY24AITSUM;B08MWJTST6;1865
R5B8NDUDBMN6W;B097R45BH8;4959
R5BPUDDXQP2LX;B09M3F4HGB;2967
R5D0HBQWAXYEP;B07NRTCDS5;927
R5DI7U9X7CQ6L;B07RX42D3D;1149
R5E0YEMP9TLPD;B09XRBJ94N;316
R5F8EK88EABNY;B01M72LILF;3829
R5GIMGF2NA526;B0BN2576GQ;3904
R5HEJW9MXSBSN;B00B3VFJY2;7296
R5I0WH8YY7K9V;B009P2LIL4;7846
R5IN013LBDOSD;B01M0505SJ;3568
R5IQN4CBEDBAH;B07LG96SDB;4945
R5IR2JMR7OMZK;B009VCGPSY;3540
R5JWWU7OUVRAK;B09GYBZPHF;2598
R5KGDEFAJ5RVH;B08HLC7Z3G;3122
R5KYEFZM5496A;B08WKFSN84;4886
R5KYEFZM5496A;B08WKG2MWT;4886
R5KYEFZM5496A;B09QGZFBPM;4886
R5KYEFZM5496A;B09QGZM8QB;4886
R5L3FAFS6JXJF;B003B00484;4590
R5L8G10EKZ9ZR;B082T6V3DT;6693
R5MA8UQ3PF9SN;B0841KQR1Z;8262
R5N1E18Z4JNOH;B07X2L5Z8C;426
R5OJ20F8H5T8U;B07XLCFSSN;5608
R5OJ20F8H5T8U;B0B8SRZ5SV;5608
R5OJ20F8H5T8U;B0B8SSC5D9;5608
R5OOQZ5ILIG7E;B0B1F6GQPS;2656
R5P9JRFHZZ909;B0BD92GDQH;4910
R5PBZ2AGECCNG;B00LUGTJGO;6204
R5PQ3LYZAIGIZ;B07YZG8PPY;1352
R5R3XSEYG901F;B08W9BK4MD;4281
R5RCZRA2XSJVU;B09Q8HMKZX;4989
R5RES2LABIW7Q;B0B1YVCJ2Y;1797
R5RES2LABIW7Q;B0B1YY6JJL;1797
R5RES2LABIW7Q;B0B1YZ9CB8;1797
R5RES2LABIW7Q;B0B1YZX72F;1797
R5RES2LABIW7Q;B0BC9BW512;1797
R5RP542IMC4OI;B07F1P8KNV;1170
R5RP542IMC4OI;B07GVGTSLN;1170
R5S6E55NYGJUK;B08JW1GVS7;7342
R5UPOXES8HS5T;B0BBMGLQDW;3990
R5V3SEBXEYTV9;B078G6ZF5Z;1545
R5V3SEBXEYTV9;B089WB69Y1;1545
R5VZWTCWXT2WY;B08D64C9FN;2532
R5WG9NHM3YOOT;B01IBRHE3E;2183
R5WNQOBU27J2R;B07W14CHV8;3168
R5YSMPE1H316Q;B08HDCWDXD;1776
R5Z1TDHJJTBCN;B09SZ5TWHW;121
R5Z3PXJSYP16A;B09XB1R2F3;1665
R5ZTYD2K563IC;B07P1BR7L8;4034
R60A0C43OOMRA;B0B3RHX6B6;6660
R60DKH62VTGDU;B0B5GJRTHB;6776
R6223NK3BQ0MR;B098T9CJVQ;8090
R63Y7I2Q7B0RH;B08VGM3YMF;5668
R64CRSTE9SLW1;B08WRWPM22;1624
R65UG8VBWZ9FO;B07Y1RCCW5;4068
R662AI3F4SL2W;B07W9KYT62;680
R664LC5TVQ8FY;B07DFYJRQV;5004
R66WLAR3WTRKN;B0856HNMR7;461
R67DCS6U6YAX1;B0912WJ87V;1915
R67UM0U4KH8C0;B08XLR6DSB;5939
R68JE2G98FHTQ;B009DA69W6;4268
R69FUCBNGBRX1;B083T5G5PM;2668
R69JBU6LC4NYC;B07P434WJY;1974
R6AQ69P24LF60;B0811VCGL5;6814
R6AQJGUP6P86;B07JGDB5M1;7439
R6AQJGUP6P86;B07JH1C41D;7439
R6AQJGUP6P86;B07JH1CBGW;7439
R6AQJGUP6P86;B07JW1Y6XV;7439
R6AQJGUP6P86;B07JW9H4J1;7439
R6AQJGUP6P86;B07LGT55SJ;7439
R6BEKBJDZAEX5;B097R25DP7;4274
R6BH0WP7AU7K5;B09SGGRKV8;7744
R6BV56BS9PVP9;B094YFFSMY;3883
R6CTY16XAGKZ3;B09MJ77786;2466
R6CTY16XAGKZ3;B09RWQ7YR6;2466
R6CVYFDUXBS36;B0141EZMAI;8939
R6CXBNPC3JUIO;B0BPBG712X;7191
R6D68WWCYXIE6;B09SZ5TWHW;1998
R6DAU516QU91Z;B0B3X2BY3M;2379
R6EAH6XUMX4SX;B00K32PEW4;114
R6EYGLUKXGGAH;B01N6IJG0F;229
R6GD9MATBBC0;B08K4PSZ3V;6683
R6GD9MATBBC0;B08K4RDQ71;6683
R6GGJIECET8VX;B07VSG5SXZ;1631
R6GQW6RKQ9MK5;B07NKNBTT3;2055
R6GTVCFXBWOXH;B0883KDSXC;7711
R6H0LMQOYOUPR;B0B16KD737;8017
R6HSVD0DMTQMY;B08SBH499M;3440
R6IL66UV4Q64X;B00DJ5N9VK;8976
R6IPR9FHZ5BOT;B08B42LWKN;1670
R6IPR9FHZ5BOT;B09Q5P2MT3;1670
R6IPR9FHZ5BOT;B09Q5SWVBJ;1670
R6IWEVMWJ6MD;B0BPBG712X;3436
R6IZF0GLY43S;B09Y5FZK9N;4087
R6J12JP3JTH6C;B097R4D42G;3423
R6JXH6RLGD3NV;B01EZ0X3L8;2294
R6KSB6ZQJ1N9;B08D6RCM3Q;8486
R6KWBGOKI1N9Y;B0B4F1YC3J;4926
R6KWBGOKI1N9Y;B0B4F2TTTS;4926
R6KWBGOKI1N9Y;B0B4F2XCK3;4926
R6KWBGOKI1N9Y;B0B4F2ZWL3;4926
R6KWBGOKI1N9Y;B0B4F3QNDM;4926
R6KWBGOKI1N9Y;B0B4F4QZ1H;4926
R6KWBGOKI1N9Y;B0B4F52B5X;4926
R6KWBGOKI1N9Y;B0B4F5L738;4926
R6LNTBPRGQ5SH;B0B1NX6JTN;8491
R6M4QYFXEWFW0;B0977CGNJJ;8971
R6M5JQDR2XO6E;B0BLV1GNLN;4084
R6ML5G46VYY0P;B07989VV5K;4932
R6MP28BOL57KT;B015ZXUDD0;5331
R6NCDUG0BJSA9;B0762HXMTF;6525
R6PIB7C4JS214;B01892MIPA;7036
R6QHEB7AVI99H;B08TT63N58;6216
R6R86HD57LOXJ;B00HZIOGXW;3439
R6RJYAZUM5240;B003B00484;6609
R6SYJU2XCOP39;B083J64CBB;8229
R6TRKFTKS65XK;B00MFPCY5C;5745
R6U8VVIZKHF7Y;B09BVCVTBC;4112
R6V7QSZXNVMZ1;B08KRMK9LZ;3200
R6VNO2JYF3N4U;B0B8CB7MHW;2738
R6VPUQX7S0ZXK;B07RCGTZ4M;5730
R6WQGLVY46ZMZ;B08ZN4B121;4373
R6X92GH1ETNJ;B08SBH499M;2551
R6Y5P0TXY8RZN;B07SY4C3TD;404
R6YVRITBSRECR;B00NH11KIK;1385
R6Z0QUUTZU58T;B08G43CCLC;1198
R6ZMVE3VFMOTC;B09MTLG4TP;2751
R6ZP9NF1BL84O;B074CWD7MS;415
R6ZS6BQ48ID7H;B07WGPBXY9;151
R70MW25QBMRGK;B06XSK3XL6;3044
R71B6O4PJPF1A;B07NCKMXVZ;5515
R71E1FO9JA0SZ;B08DCVRW98;900
R7214V7D90EN3;B07HZ2QCGR;7548
R721PFMOZ1ZA7;B078V8R9BS;3082
R72MOQ4D28G1E;B0BD92GDQH;4222
R72U42YTSBK1O;B09NL7LBWT;3024
R732VQVZLKUGL;B07966M8XH;1301
R73A6T8MRDZIC;B09RF2QXGX;1172
R73PI9VTV760M;B01LYU3BZF;4799
R74664PDS2LKO;B097RN7BBK;2092
R74OCT3MJO4BX;B09NNGHG22;8028
R75IA3ZAEBTFU;B09YV3K34W;6975
R75IA3ZAEBTFU;B09YV4MW2T;6975
R76P8S1ZO6BND;B08G28Z33M;5174
R76XPXMKXLWKH;B09ZHCJDP1;3527
R775RLGKXA7Q2;B00GE55L22;5366
R77IQG19KY16L;B0836JGZ74;1540
R77IUN9DGACP3;B092JHPL72;3152
R78BFK5PTL1N8;B098LCVYPW;2654
R79MJI0BFQHB3;B08K36NZSV;8367
R7A4EU8NKCTXI;B01D5H8LDM;3491
R7BJF3442UAD5;B00LY12TH6;878
R7BSCX0SA1OQ9;B0162K34H2;216
R7BTN0BZCR0JG;B09Z6WH2N1;5028
R7BTN0BZCR0JG;B0B8ZWNR5T;5028
R7CBANEBW241L;B08BG4M4N7;7025
R7CW64V48YJHE;B00GGGOYEK;3263
R7D2D2BOMAUTO;B01L6MT7E0;8201
R7D8YGIM2DO6R;B00CEQEGPI;673
R7ESCSWWQ9CMY;B0B2DD8BQ8;8359
R7F0OBTD3SPH3;B0BCKWZ884;8134
R7F86XL2S6MY;B07P681N66;8272
R7F86XL2S6MY;B0859M539M;8272
R7GMXPSA7U047;B09NBZ36F7;2117
R7H07OI7LETQC;B09PTT8DZF;7051
R7HQDX5RMXVNS;B07JGCGNDG;1461
R7HUKVB4XODCQ;B06XSK3XL6;7791
R7IC04YHLBUXZ;B0BK1K598K;2583
R7JA1V7MRECMB;B08497Z1MQ;4020
R7K5AJJ5YJMCJ;B083RC4WFJ;4301
R7KGIU29C0TLL;B07RD611Z8;62
R7KWJGO2GW0F1;B0926V9CTV;7802
R7KZZYD3ECD0T;B08LW31NQ6;5671
R7M2JXHO1GESO;B072NCN9M4;7985
R7MF48JTCLE3I;B0B61DSF17;4135
R7MVBDVHW7FGJ;B098TV3L96;935
R7O3R0R2OR9EZ;B096NTB9XT;6079
R7PB9YYX02O1S;B08JV91JTK;8255
R7PI4N37TBENX;B00O24PUO6;336
R7Q0TY2ZGMMIN;B09MT94QLL;8077
R7R351CJN43NM;B07N42JB4S;3509
R7S8ANNSDPR40;B08Y1SJVV5;1546
R7S8ANNSDPR40;B08Y1TFSP6;1546
R7S8ANNSDPR40;B08Y5KXR6Z;1546
R7U8B1E7W8E54;B07TCN5VR9;5585
R7U9X4A8OGS3I;B0746JGVDS;865
R7UCJZNVINTCF;B00935MD1C;8483
R7UCUG9Q2AOY9;B08K4PSZ3V;4733
R7UCUG9Q2AOY9;B08K4RDQ71;4733
R7UIR1SQ3MQ7C;B08WWKM5HQ;8788
R7VI24QL64CL;B0BD92GDQH;304
R7X2SNIY1SC15;B09CGLY5CX;6015
R7X57IG9SMZ9I;B08CRRQK6Z;6617
R7XWY4BKE5UP3;B09Q3M3WLJ;7315
R7YQR5EWPT7UD;B078HRR1XV;1188
R7YRJ5LC06RF1;B0B61HYR92;5869
R7ZHZFO8L3X2W;B0BD3T6Z1D;1746
R806LMS8MHN8Y;B09C6H53KH;8637
R80WOLVHE45AG;B08QDPB1SL;541
R81KUPKOTEI6J;B00K57MR22;3391
R81L413HRWD8B;B07WG8PDCW;7527
R81UJPCPDBR41;B09MM6P76N;84
R82P639AU9R6Z;B0BCKWZ884;2634
R83JPRO9V52P;B0993BB11X;4536
R83JPRO9V52P;B09MZCQYHZ;4536
R83MIUSADRAJZ;B08XMSKKMM;5219
R84AXG1XCM1R3;B07N42JB4S;6343
R84PM9B4EXEQX;B00A0VCJPI;6275
R85UZWVZHVWQF;B0912WJ87V;686
R86A6O666WPGN;B08KS2KQTK;5740
R8729SR7LQFUU;B09WN3SRC7;2382
R877Y6K5MW32G;B08Y55LPBF;5164
R877Y6K5MW32G;B09F9YQQ7B;5164
R877Y6K5MW32G;B09RFC46VP;5164
R87MN20OCTGUO;B07R99NBVB;756
R88E54B144DD0;B07K2HVKLL;5185
R88P3ETAAIQ4M;B00LHZWD0C;64
R892AATDO8QNT;B09PL79D2X;4410
R898UMT5A5N06;B094G9L9LT;2086
R8AM97GFJ0FQP;B07K2HVKLL;176
R8AVX9DP1CA8T;B07J9KXQCC;156
R8BJJZVA7O7SE;B09N6TTHT6;8987
R8BSHHFRCZ0MJ;B07Z53L5QL;2225
R8C32TJ4LFEH2;B00JBNZPFM;7664
R8D1M05NWS80B;B07MSLTW8Z;5604
R8D71Z6FT69SZ;B07K19NYZ8;4967
R8DMW17GQ6AOQ;B00EYW1U68;8212
R8E73K2KWJRDS;B08WRWPM22;4918
R8EDW68GK5IJK;B07SLNG3LW;5762
R8EZGLNJWYUI0;B086Q3QMFS;3866
R8FCL3C8MXBOU;B0162LYSFS;4143
R8FKFWXGMFKWC;B00PVT30YI;1868
R8GBOLYUN5UP6;B08CF3D7QR;4277
R8GI3QXXT6HDE;B09VPH38JS;5596
R8H5BG1FDKRSA;B08RZ5K9YH;5582
R8H8QTOWYMITR;B09HSKYMB3;4338
R8HUCZYM2F8UJ;B07W14CHV8;6266
R8IJQ4BCU3EYB;B08ZXZ362Z;4270
R8JGWFB8APIP2;B09MQ9PDHR;482
R8K3FFKBEQUL8;B01D5H8ZI8;6978
R8K4AKD25TGGM;B09CGLY5CX;5859
R8K9J0PO0U7SZ;B08Y5QJTVK;6296
R8KWWR9D7Z8ZP;B01J8S6X2I;7766
R8KYBGAM1VF8Y;B08C7TYHPB;1275
R8L7UK03RGGA;B09SPTNG58;1686
R8LD3TIJ6NJ6U;B01D5H8ZI8;2904
R8LK8I42MTY6L;B09NFSHCWN;6869
R8M1T6I3PDMWQ;B09X79PP8F;6828
R8MW9P91PIMJ3;B00S2SEV7K;7257
R8MWH2C3FSEK3;B00SMJPA9C;7795
R8N82LBHX7SR4;B09X7DY7Q4;8993
R8NGRUX0L544R;B09Y5MP7C4;8426
R8OA8PY28PACZ;B08SKZ2RMG;2865
R8P1LH1QES7X5;B09VPH38JS;7304
R8Q0FKDLJ9B8L;B0949SBKMP;4215
R8QBCR9MM1LGY;B09YLX91QR;6410
R8QBCR9MM1LGY;B09YLXYP7Y;6410
R8QBCR9MM1LGY;B09YLYB9PB;6410
R8QWY8HXI120P;B08PV1X771;6265
R8QWY8HXI120P;B09F6S8BT6;6265
R8R0S99ZI0KQV;B00LY1FN1K;7945
R8S61DB3WGBVT;B099S26HWG;5113
R8TG7TKO28ONS;B07W14CHV8;6692
R8U2QMRFNCD7Y;B08XMG618K;8011
R8U5WNK0AIG7Y;B00KIE28X0;7141
R8UDGYG74HT52;B08W56G1K9;3653
R8V5HHELYQBN5;B00A7PLVU6;5268
R8V781K3EEXOA;B099SD8PRP;7828
R8VXX7ZVUBYGD;B078XFKBZL;1024
R8VZ569JVM3CS;B083T5G5PM;7329
R8W5BHTVFMCB2;B073BRXPZX;7083
R8WN9F9D8U570;B0B2DJ5RVQ;3698
R8X3CAMJEQANF;B00P93X0VO;5170
R8XCX03RG32U;B0B1NX6JTN;2465
R8ZDM5P3NBJ6V;B08CHKQ8D4;5231
R8ZDM5P3NBJ6V;B09HV71RL1;5231
R8ZNW2WNUSCA3;B00CEQEGPI;1950
R907U5NEBJ1YF;B07HZ2QCGR;2836
R90ADLZBP2L4B;B09Y5MP7C4;2710
R91I40PR8A2CN;B08CNLYKW5;4774
R91WZEICT9YIM;B09MT6XSFW;4805
R91WZEICT9YIM;B09MT84WV5;4805
R92FUN7UWEVOW;B09LRZYBH1;7455
R92QJE5NTZ9V7;B09WN3SRC7;2385
R92Z4OC4KIRC5;B09HK9JH4F;4371
R92Z4OC4KIRC5;B09L835C3V;4371
R93L2MCBC4Y90;B0B3MWYCHQ;3119
R94MCO9Z1XEG2;B07DXRGWDJ;3084
R94RMNAVSZNCT;B076VQS87V;5574
R952F931MCOR5;B085DTN6R2;892
R957RND66RVWX;B0BB3CBFBM;5416
R95AYORS91NWX;B09ZPM4C2C;3951
R964KPPOLNHFJ;B0B935YNR7;7643
R968YTI3QLHUU;B09VGS66FV;5544
R96JMMJFCJKL3;B07KKJPTWB;7779
R96RJS8HIVU9Y;B07YFWVRCM;3026
R972JSI8VWR33;B09163Q5CD;778
R975UDYN89ORH;B00N1U7JXM;3191
R97EXY4ON0ZL7;B09BVCVTBC;7442
R97FQ3X9NLEAL;B072NCN9M4;7639
R97GYSJA4SZEV;B07L8KNP5F;6594
R97VJ0SV72PH6;B08LPJZSSW;1414
R98JKKNCSM7B5;B09XB7DPW1;3302
R98JKKNCSM7B5;B09XB7SRQ5;3302
R98JKKNCSM7B5;B09XB8GFBQ;3302
R993RWWGJ9AOK;B07H3N8RJH;3413
R99TNL1C7XQ5O;B07XJYYH7L;3146
R9A1OF3EW7MGN;B09J4YQYX3;3399
R9DLK5R9IBY7H;B08J7VCT12;7534
R9DM4KZATOPQE;B0B6BLTGTT;2246
R9EFKXYBWPGEM;B01MRARGBW;6213
R9ERTYK7DPN51;B0B1MDZV9C;1523
R9F5EX21OJF17;B097C564GC;4257
R9FF9TS3M8P92;B08MWJTST6;7553
R9G633VF65R7;B0BDZWMGZ1;8041
R9GL8284FSYUG;B0BBLHTRM9;2590
R9GNL4OF49DH6;B07966M8XH;6823
R9H7E21WJPRKL;B07W9KYT62;3730
R9I0QZ1U8YU92;B01D5H8LDM;1348
R9IGOHDBCYFME;B0841KQR1Z;9003
R9ISXRV6DA0OY;B08R69VDHT;678
R9ISXRV6DA0OY;B08R69WBN7;678
R9J5VXGXQDEI5;B0763K5HLQ;736
R9J8N0DJ50QX8;B08WLY8V9S;8347
R9L25UA45NALQ;B07Y1RCCW5;5875
R9LR8JP82ED2X;B0819ZZK5K;7961
R9M1ZHBVREOSZ;B07KNM95JK;5462
R9MK42KRU62FP;B00LUGTJGO;3089
R9MSI1TDK6AI7;B07GMFY9QM;2984
R9MTYU83EHJ96;B087JWLZ2K;8230
R9N6QZH6MI5P4;B07WMS7TWB;4437
R9N90QYWD7OVZ;B01EY310UM;2569
R9OEDGO6AP6W;B06XSK3XL6;3179
R9P75XMCRRIIA;B09NNHFSSF;7038
R9PTPIYPJWRIL;B01D5H8ZI8;3407
R9Q5HZCYA8M7W;B098K3H92Z;6299
R9R2RIKI1CO8Z;B08VS3YLRK;8712
R9RZUDWJS5AWT;B09NS5TKPN;2375
R9S8ITSL78R5U;B0B3X2BY3M;5017
R9SAQHLVMF9ON;B08L7J3T31;9017
R9UEQQ3FCV3UD;B0BMVWKZ8G;4336
R9UERN9FGRIX9;B00F159RIK;7950
R9WFEPTQ1AVOT;B086WMSCN3;1826
R9X812EYFQOYQ;B08FB2LNSZ;6864
R9XVQWX40D175;B09VCHLSJF;5971
R9XVQWX40D175;B0B3MMYHYW;5971
R9YRKNJ667H1E;B08Y55LPBF;7023
R9YRKNJ667H1E;B09F9YQQ7B;7023
R9YRKNJ667H1E;B09RFC46VP;7023
R9YYIK65OU16I;B08RDWBYCQ;7093
R9Z8ZA620SXJR;B0B31FR4Y2;6260
R9ZFKUH0FBRMX;B09XBJ1CTN;5035
R9ZTXWWLOMGJA;B08KRMK9LZ;8813
RA0RPO7G5XXOL;B0746N6WML;7295
RA12UNLR8Z325;B0BHYJ8CVF;650
RA1PNAU355MLG;B0BMXMLSMM;7801
RA1RQZLLULLS;B09JFR8H3Q;5362
RA1YZBDD2GHLO;B0756KCV5K;3255
RA2K9X6CPRLS3;B083RD1J99;2675
RA3AN81AVMPTR;B0BB3CBFBM;5464
RA44P2P2I6OAT;B0123P3PWE;4012
RA49OAQBPGOY1;B0B5YBGCKD;6882
RA53P1TSFESWJ;B09X76VL5L;4880
RA7EY4YTEQ2E;B08JD36C6H;3260
RA7Q9QDG5JCPA;B07GMFY9QM;2276
RA7ZKRJ46E457;B07222HQKP;4768
RA80Q7ZKXPY2Z;B07PFJ5VQD;6825
RA80Q7ZKXPY2Z;B07PFJ5W31;6825
RA88ON37S8GZ5;B08243SKCK;2714
RA8LHY0YBC8WB;B08MC57J31;6429
RA9R916JUUZ4K;B07D8VBYB4;4045
RAA54PH39YEPK;B09MFR93KS;88
RAA5Z4UFLIC05;B0BMZ6SY89;5833
RAB464T30GKBZ;B0B2DZ5S6R;7462
RACP11DCWDX8H;B07Y9PY6Y1;7534
RADJ27GF3JOCA;B079Y6JZC8;4890
RADPOOEFMJQBU;B09JKNF147;8400
RADZV5UTZTYWO;B07QZ3CZ48;6478
RAEGRKQ26HAKB;B08D9MNH4B;6930
RAG4DPQGRW30H;B09MQSCJQ1;909
RAG8BKBQRDKAD;B00H0B29DI;2128
RAGDDQU7ERLG3;B08SKZ2RMG;7035
RAH387U1B1AFN;B00N1U9AJS;7096
RAHRN3DS37LUC;B08D9MNH4B;3515
RAHUCIL8N8IK5;B08TV2P1N8;5022
RAI2NHXM94X69;B0993BB11X;6435
RAI2NHXM94X69;B09MZCQYHZ;6435
RAI7NSHUQO02D;B09XB7DPW1;4553
RAI7NSHUQO02D;B09XB7SRQ5;4553
RAI7NSHUQO02D;B09XB8GFBQ;4553
RAIDTB825PVVB;B01GFTEV5Y;6271
RAJ3HLMLW5246;B08PPHFXG3;2775
RAJ9NOUFV1DOY;B08XMSKKMM;2158
RAK9U4VEYZCB7;B0B3G5XZN5;6954
RAKJKLDU074QU;B01MQZ7J8K;3648
RAKVMHE1HIAWS;B07H3N8RJH;6305
RAL7X08LLK26F;B078HRR1XV;5466
RAMY81VZCIB2D;B098QXR9X2;3379
RAN94F4HUX984;B01JOFKL0A;1309
RAO17F0JUKD13;B09TY4MSH3;360
RAO29VFIR7Y20;B09XRBJ94N;4201
RAOZT6IRRYUCQ;B08ZN4B121;412
RAPJSV76BEX8A;B00MUTWLW4;3141
RAQPY2NRM7G4U;B08T8KWNQ9;6252
RAR3D2XLJPVF7;B0BBW521YC;8259
RARQJ27WIF1OJ;B00YMJ0OI8;4423
RARQYQ8POOFA9;B085DTN6R2;3462
RARR0KXLZMJXS;B09X79PP8F;6136
RAS4252SOW901;B09QS8V5N8;292
RAS4252SOW901;B09QS9CWLV;292
RAS4252SOW901;B09QS9X16F;292
RAS4252SOW901;B09QS9X9L8;292
RASLSCV353KFB;B08SJVD8QD;919
RASSFJPXJD0WU;B09CGLY5CX;5355
RAT511FHTC8Q4;B08QX1CC14;1245
RATCMF628XERW;B099SD8PRP;2518
RATIBJBLJ4VZA;B08MCD9JFY;5625
RATMJ847EPDQX;B09CMM3VGK;5707
RAU26U2KP1OQH;B0B9BD2YL4;3419
RAUA868KW5M5W;B08B6XWQ1C;485
RAUIJTIWYWXZO;B01M0505SJ;6185
RAUSXWSL8XXU6;B09PNR6F8Q;7540
RAWHBOZFQG4DA;B071VMP1Z4;6114
RAWMG4UI4CZD3;B08Y55LPBF;3377
RAWMG4UI4CZD3;B09F9YQQ7B;3377
RAWMG4UI4CZD3;B09RFC46VP;3377
RAWY8DHIK1ZUO;B08BG4M4N7;3839
RAXEY84M4ISW1;B06XMZV7RH;24
RAXJMWTTGEC3N;B08FB2LNSZ;8934
RAXM0B85QNFMQ;B08GSQXLJ2;8665
RAXNC3YTW25AS;B00NH12R1O;5830
RAXXIP39FK2ZL;B00V9NHDI4;1243
RAYDUICJELIOP;B0949SBKMP;4432
RAYIW8N256R4Z;B0BNXFDTZ2;4256
RAYTSZHN0P9H5;B07V82W5CN;5588
RAYWMRZPZ14X1;B09KPXTZXN;7849
RAZEY6CB0C851;B012ELCYUG;7156
RAZHKBDIIJ0NH;B09X1M3DHX;1957
RAZSYIJNF6OTY;B09VPH38JS;8530
RB0722F22JJV4;B008YW8M0G;4724
RB0LBG619UMSN;B09JS562TP;6460
RB0LBG619UMSN;B09JS94MBV;6460
RB0Q5W9URO8ZE;B0085W2MUQ;4945
RB3KGEQP8LOJ1;B01GZSQJPA;5084
RB3V1I84PKVH4;B097R2V1W8;130
RB48XNZD8P2Q4;B07WDK3ZS6;1042
RB48XNZD8P2Q4;B07WDKLRM4;1042
RB48XNZD8P2Q4;B07WGPKMP5;1042
RB48XNZD8P2Q4;B07WGPKTS4;1042
RB48XNZD8P2Q4;B07WHQWXL7;1042
RB48XNZD8P2Q4;B07WJV6P1R;1042
RB4G46R1235AZ;B08Y5QJTVK;3159
RB55IVR4IJ658;B008LN8KDM;5602
RB564J68ZBB84;B07T4D9FNY;7659
RB59C2UES2IGE;B00KXULGJQ;5243
RB5E6IQ420JLF;B097JVLW3L;6618
RB5W0IR72WUCL;B08FB2LNSZ;2667
RB6PFQQVU7KUM;B0B12K5BPM;5728
RB7KRXWWEVCNK;B0B5RP43VN;75
RB89710Z7M8OV;B00ZRBWPA0;1327
RB90KDMXOCCPZ;B09WRMNJ9G;8098
RBB31LE5QA4LE;B0BNDD9TN6;8343
RBBUCW5C77081;B0B56YRBNT;7616
RBC057ZTXOL5Y;B0941392C8;617
RBCCWRI4IUHH5;B00LM4X0KU;3062
RBD55BYULL457;B08JMC1988;4178
RBD5L7F8BAR71;B00P0R95EA;2025
RBDZELVBRCEKZ;B0977CGNJJ;7933
RBEABUL23L3HP;B07X2L5Z8C;2624
RBEG7QZLRCJDN;B09Y5FZK9N;7652
RBEWSTPDQYHFQ;B00LM4W1N2;7068
RBEZGG735KAU4;B07KSB1MLX;8342
RBF3D3XXWV6MG;B0949SBKMP;8392
RBF9VE36ZHRYW;B01D5H90L4;5237
RBFTHSBIUQTM1;B0819HZPXL;2953
RBHGRXXSWSZY0;B09DDCQFMT;2614
RBHSTO6P5WKLZ;B09C635BMM;7460
RBI1IUQXMHF9H;B07DJ5KYDZ;9004
RBIB6RYE55F7;B082T6GXS5;1916
RBJPTKHYQ7G7U;B085194JFL;1483
RBKGVCEB3S8C2;B08L4SBJRY;5876
RBKV67DDOAO0H;B07RY2X9MP;7332
RBNBAX3RV9RPS;B01MUAUOCX;8979
RBO17QNYZ6BIP;B07CD2BN46;6209
RBOERVXC2919N;B07RD611Z8;1308
RBOPA6420OHEP;B08GJ57MKL;1045
RBPCGQGUPOSY;B0B8ZM9RVV;3915
RBPM3YRVWMMMK;B0BP89YBC1;1959
RBPZ3TL6JUGB7;B09CKSYBLR;3677
RBQ1DML3XWOLI;B07YSJ7FF1;7186
RBQ5KLENMT5W;B09ZQK9X8G;4867
RBQF76FUWS8PH;B09NL4DCXK;7682
RBQF76FUWS8PH;B09T37CKQ5;7682
RBQKKFWRS8SOH;B0B7DHSKS7;8721
RBQNYREQ6R6XW;B08MVXPTDG;1345
RBQO4ZTLRXA60;B0B2DD8BQ8;3818
RBRBI3TZWFXW7;B09PTT8DZF;8556
RBRUS2N936FP7;B07YCBSCYB;2134
RBS3MOLNUR0IS;B07LDN9Q2P;8174
RBS3PPFKHIUVE;B01CS4A5V4;4700
RBSI4Y0V4BQ0A;B09CKSYBLR;4153
RBTESL54NFQBN;B075DB1F13;1298
RBTZE0Y27F7IZ;B09YV3K34W;3506
RBTZE0Y27F7IZ;B09YV4MW2T;3506
RBUHQYPP4PK87;B081NHWT6Z;5743
RBUWQS3IU65ZP;B0994GP1CX;7331
RBVWNT5DJQ11U;B09NNJ9WYM;911
RBWFP5OHEVKRS;B09RFB2SJQ;2244
RBWH0KVFX695F;B09MM6P76N;7493
RBX2T333MBFDW;B083GKDRKR;9016
RBZIBERM0VQSN;B088Z1YWBC;7731
RBZRSE5J6HCF3;B00J5DYCCA;6129
RBZWRPAGEE7YW;B07MSLTW8Z;8675
RBZWY4WBYKKI1;B005LJQMCK;1211
RBZWY4WBYKKI1;B005LJQMZC;1211
RC05PR7RHAM9E;B01NBX5RSB;3559
RC0FSCHN4TB9A;B09P858DK8;6226
RC0ZKG91JP10X;B09TY4MSH3;1515
RC16I7A47XY5Z;B0846D5CBP;6508
RC1OYQZGSAU8Y;B07GLSKXS1;640
RC2JPYCTJRIWP;B0B2C5MJN6;2496
RC2P508NWBM5I;B009P2LK08;3881
RC2RF00D78VWN;B0994GP1CX;5160
RC3ZLDRM8GA9T;B0B3XXSB1K;2911
RC3ZLDRM8GA9T;B0B3XY5YT4;2911
RC458V57ETXDN;B08Y55LPBF;897
RC458V57ETXDN;B09F9YQQ7B;897
RC458V57ETXDN;B09RFC46VP;897
RC4NQGWR1VSW1;B07KR5P3YD;7565
RC4P64ZDVMZCM;B07GXPDLYQ;8129
RC4T7CRXKZKTB;B08HQL67D6;5508
RC6AWPQ7PREJZ;B08G8H8DPL;8972
RC6F71GCW3ITC;B09P8M18QM;2429
RC6J6VCOUGA5C;B09G5TSGXV;8607
RC7IDRI4JEBY7;B0B84QN4CN;3554
RC7ZMZ000I0FQ;B07WKBD37W;520
RC81G65D5P4SW;B009P2L7CO;3825
RC8319TSKZZXN;B07WGPBXY9;3127
RC85YPCMOFPON;B08D9NDZ1Y;8777
RC89B5IAJUTR5;B0789LZTCJ;4033
RC89B5IAJUTR5;B07CRL2GY6;4033
RC89B5IAJUTR5;B08HDH26JX;4033
RC89B5IAJUTR5;B08HDJ86NZ;4033
RC89DCR0F7SCA;B09SDDQQKP;3455
RC8A7CPLOKIQ1;B08JMC1988;5451
RC8LE1R8ZUXK6;B09ZQK9X8G;2797
RC8Q07HVOX1M1;B07B5XJ572;7646
RC9CBGOS4Y0ZA;B0718ZN31Q;7417
RCA1M3W4RIXUR;B014I8SSD0;105
RCA1M3W4RIXUR;B014I8SX4Y;105
RCA1M3W4RIXUR;B07KSMBL2H;105
RCBVF30PUU6UT;B0B9XN9S3W;1076
RCD1ZRKX9XILR;B082ZQ4479;3601
RCDQUPWVIM6NN;B08K4PSZ3V;7588
RCDQUPWVIM6NN;B08K4RDQ71;7588
RCDYRGDMI1WOA;B08G43CCLC;4326
RCE8NJ5IXR7Y0;B08YXJJW8H;4344
RCECT6PI2SW9H;B07Z1X6VFC;8438
RCELKVG2GR6IG;B0949FPSFY;7095
RCFFXI7HE5S1O;B07H5PBN54;3558
RCFHMWUSBIJO;B08CF3B7N1;2955
RCG0RE5G16O10;B00N3XLDW0;7915
RCG667UMY43KY;B01CS4A5V4;4119
RCGA8MAYBXPJV;B009DA69W6;456
RCI40FPILZN2J;B09HK9JH4F;7719
RCI40FPILZN2J;B09L835C3V;7719
RCIVIPD80E5T8;B096TWZRJC;8714
RCJDG69APX3S0;B098JYT4SY;4772
RCK3L91V5KB3H;B09163Q5CD;1634
RCKKIEW0YW52N;B0BJ6P3LSK;8432
RCKVFOB5KX6F3;B09GFN8WZL;2748
RCMFGYS1T27LL;B09V2PZDX8;6057
RCMFGYS1T27LL;B09V2Q4QVQ;6057
RCMFGYS1T27LL;B09YDFDVNS;6057
RCMFGYS1T27LL;B09YDFKJF8;6057
RCMGM5B1EHGHZ;B01MUAUOCX;5681
RCMJ655HJBITT;B005LJQMCK;90
RCMJ655HJBITT;B005LJQMZC;90
RCMMD8QLTRHS3;B09MFR93KS;8663
RCN9YFDUB1BZL;B09CYTJV3N;7109
RCNO312K340D9;B09T3H12GV;2494
RCNWHX6JCJZ24;B08461VC1Z;3354
RCNZVZSXG9YK0;B01JOFKL0A;1135
RCOBXDIQSU3M5;B008QTK47Q;1420
RCOH95A6KJB8J;B09N3BFP4M;5665
RCOR7R8N8DCVR;B0B4KPCBSH;1183
RCP907FSHW2CI;B09GFLXVH9;2653
RCP907FSHW2CI;B09GFM8CGS;2653
RCP907FSHW2CI;B09GFPN6TP;2653
RCP907FSHW2CI;B09GFPVD9Y;2653
RCQ75ERMBZMJ5;B07QHHCB27;8271
RCQRBHBTG5TBM;B09F6VHQXB;1822
RCREBFSXZQ9JF;B091JF2TFD;8660
RCRNFX4VMUPFM;B07H1S7XW8;5411
RCRYJ6I1OC3S4;B00KXULGJQ;3216
RCSP9RH3A0VAE;B09HSKYMB3;7561
RCUB5N7M7W4XM;B09B9SPC7F;2606
RCUHBFP4RIAI5;B08PSQRW2T;5443
RCUHBFP4RIAI5;B08PSVBB2X;5443
RCUOZRUAOVZKU;B07VTFN6HM;8770
RCVN98N40B1C5;B09YV3K34W;8594
RCVN98N40B1C5;B09YV4MW2T;8594
RCVPU4XZ7O68C;B07T9FV9YP;7635
RCX3IHOVKD69A;B00A328ENA;4480
RCX9JVSY2ISRL;B008FWZGSG;5816
RCXEZXWETXG3;B01C8P29N0;7951
RCXJF5CVRLCI4;B09Q8WQ5QJ;8884
RCYHGGNFDK4S3;B0B5RP43VN;815
RCYHKHTW0MAL8;B08HD7JQHX;3239
RCYM7OUD8PKWH;B09TP5KBN7;3355
RCYPHGHZYUAAE;B08TV2P1N8;3077
RCZ2A2MM0MX3N;B06XR9PR5X;7
RCZUJPVI3RK1S;B08DCVRW98;1690
RCZZ3OE0HNTMR;B099Z83VRC;7340
RD129PA7KQQOR;B0B53DS4TF;5926
RD1855R8RRSKW;B00LXTFMRS;8312
RD1I9V3J84SRN;B00UGZWM2I;3366
RD1MU2VG6M6UQ;B07LFQLKFZ;5141
RD2MZ0Y1MQGF2;B0B21C4BMX;92
RD2T9Z6AG9GBY;B09VT6JKRP;5536
RD31MI3UMAXP8;B08QSC1XY8;5729
RD31MI3UMAXP8;B08QSDKFGQ;5729
RD43FPKWA79MH;B09M869Z5V;5183
RD4E7SRKUIIAA;B0B3G5XZN5;5189
RD4X602L8KNNS;B09QS8V5N8;8851
RD4X602L8KNNS;B09QS9CWLV;8851
RD4X602L8KNNS;B09QS9X16F;8851
RD4X602L8KNNS;B09QS9X9L8;8851
RD5EMW1UBYKX6;B097ZQTDVZ;1192
RD6B051DBXTKA;B08MTLLSL8;4739
RD6OIJUG0R241;B00LZPQVMK;115
RD6Q3K7ATDOMX;B08WWKM5HQ;4337
RD7IHEAUK0KA6;B07YNTJ8ZM;2366
RD7IUGN9EM77P;B07LG59NPV;8774
RD87PA0KNH3GQ;B07SBGFDX9;4863
RD8XDFHPQTF6M;B077BTLQ67;8329
RD8Y8FJWLK3XY;B08CKW1KH9;1431
RD94LCPFDC5TC;B01M72LILF;5480
RD9IPXKRI6ZDY;B07DL1KC3H;6243
RDBIPNQ4FXGZR;B07LG59NPV;2951
RDC2ZTQAO2XXC;B004IO5BMQ;8236
RDC47YGUQAJF0;B09P182Z2H;6712
RDCJBFGUBZWFJ;B07V5YF4ND;5949
RDCOOX58V6318;B07YNHCW6N;3330
RDD5TKKRXAHI6;B00UGZWM2I;4750
RDDDU5N0JHZS7;B071SDRGWL;4518
RDDDU5N0JHZS7;B077Z65HSD;4518
RDDDU5N0JHZS7;B0974G5Q2Y;4518
RDDDVU6EMW3OP;B095X38CJS;9049
RDE1ESVYI4CAI;B08KDBLMQP;4659
RDELRZF6J9JBU;B081NHWT6Z;7765
RDFETF8YFDP96;B0B86CDHL1;1432
RDFTXU0U50TS;B07LDN9Q2P;5242
RDGNXFM923PG4;B01F25X6RQ;4591
RDGNXFM923PG4;B01F262EUU;4591
RDJVGMEMJEEZM;B09JN37WBX;2937
RDJYI5PWSD45Y;B07TR5HSR9;2100
RDL2RYETBREO3;B0BDS8MY8J;5337
RDLKA670FVMKY;B08XXVXP3J;1425
RDMK41H97ZT8M;B07H1S7XW8;7056
RDO7DACXMAJ84;B08CF3B7N1;7080
RDOS8J6F5UUFR;B0B56YRBNT;8366
RDPHA1Q2BUYT2;B0BMVWKZ8G;7703
RDPRCGL4SELOQ;B0B298D54H;4165
RDQ894LVO01UH;B083RCTXLL;1445
RDR64CJXIU14Q;B09MB3DKG1;6700
RDRCHM3EVHLZP;B0B935YNR7;8740
RDTNEEMI8KLO0;B00RFWNJMC;747
RDU15S26VUSDV;B0763K5HLQ;3165
RDUL770GDRUAB;B098QXR9X2;947
RDUMYFY75NN95;B07D2NMTTV;7365
RDUWK5R7MYO0F;B009P2LIL4;958
RDV1T7ZH0FK06;B09G2VTHQM;983
RDVFTWAGEQNT;B0B54Y2SNX;1675
RDVX50PD4CTFE;B08N1WL9XW;8132
RDVX50PD4CTFE;B08P9RYPLR;8132
RDVX50PD4CTFE;B09NHVCHS9;8132
RDVX50PD4CTFE;B09NJN8L25;8132
RDVX50PD4CTFE;B09NKZXMWJ;8132
RDVX50PD4CTFE;B09NL4DJ2Z;8132
RDVX50PD4CTFE;B0B3MQXNFB;8132
RDVX50PD4CTFE;B0B3N8VG24;8132
RDVYDNR6YE0P9;B08XLR6DSB;7804
RDVZX2VNEXWBJ;B083GKDRKR;621
RDW68UNQSWDHI;B08YD264ZS;1888
RDWMFBKOBMYGY;B01NCVJMKX;6498
RDXE4NC3K02IY;B07KCMR8D6;5449
RDXQHIOFK1PKR;B07D2NMTTV;1877
RDXU0X5IQVEFY;B0B5YBGCKD;3956
RDXWINVIMDE9W;B097MKZHNV;2342
RDYBCWGPZF1K1;B07DJ5KYDZ;8731
RDYCQRETZ04TO;B07VTFN6HM;4509
RDYNZZPHU7SZK;B00LZPQVMK;986
RDYVX68OZFVLI;B097R45BH8;7775
RDZQYOXIANHNQ;B07LG59NPV;1952
RDZVN2ZMIRT0Z;B09TMZ1MF8;7874
RDZVWJ2BSZH21;B0B2PQL5N3;48
RE0HLO48TPM4O;B09VZBGL1N;4721
RE0HLO48TPM4O;B09Y14JLP3;4721
RE0OUI8Y9LSQY;B07G3YNLJB;6971
RE10WZDEARA78;B0BD92GDQH;8730
RE17RGP11IXFB;B013B2WGT6;941
RE1AN3DMA316N;B08L7J3T31;260
RE1RVB3YIBPKD;B095RTJH1M;2949
RE3G53JY62RU4;B084MZXJN6;7603
RE3G53JY62RU4;B084N1BM9L;7603
RE3HSY12L9YBG;B006LW0WDQ;6442
RE3OPNCDGNAGC;B078XFKBZL;5454
RE3SOUOHD3XN5;B08CGW4GYR;4585
RE3SVGKZFVW84;B07JPX9CR7;2038
RE4IGG1ZTRBVF;B07YZG8PPY;1625
RE4J9O3GFANNE;B0977CGNJJ;4308
RE4SLVEI48Q4Z;B00NM6MO26;5400
RE56NENNOHLIG;B075ZTJ9XR;1940
RE584E1HHMEB6;B095244Q22;3790
RE5OA1UZUJM9W;B094YFFSMY;5165
RE6LIDZ65EW5G;B01M69WCZ6;5644
RE6XTKYH9FSA;B005FYNT3G;571
RE7V0E8WMQXEZ;B01MY839VW;2541
RE8OSDUM47BMX;B0BBFJLP21;4825
RE91TY7MTPBCX;B08XNL93PL;2357
RE95R60UIR3E4;B018SJJ0GE;3286
RE9NKZ6CH2C3S;B07VNFP3C2;999
RECSJ6GYWXJWE;B07TTSS5MP;6142
RED9KLRCGWVCA;B07J9KXQCC;6958
REDECAZ7AMPQC;B0789LZTCJ;7172
REDECAZ7AMPQC;B07CRL2GY6;7172
REDECAZ7AMPQC;B08HDH26JX;7172
REDECAZ7AMPQC;B08HDJ86NZ;7172
REDXJWMNEPZK1;B07S7DCJKS;4736
REDXMJ8ACPK8Z;B07DC4RZPY;2020
REEEYL5KDQ81L;B086JTMRYL;6310
REGCZ4KOQ0OWS;B07X2L5Z8C;1757
REGWIUI7EJ0IS;B00GG59HU2;3535
REHOKLPMH5R8P;B08D75R3Z1;2793
REHUMWC9Q9EAG;B09VCHLSJF;5980
REHUMWC9Q9EAG;B0B3MMYHYW;5980
REHZ3AO9CMIAV;B08D9NDZ1Y;1209
REHZI4HEMEHJV;B00SMJPA9C;8049
REILW6738EJTP;B078JDNZJ8;4203
REJ2BDZ46X1UX;B0BBMPH39N;3219
REJGTU93MWH8Y;B09WN3SRC7;2399
REKF75G4SOAOX;B01486F4G6;450
RELIQ4H7CYX2Q;B08WRBG3XW;1976
RELVLPI29SFMO;B07W6VWZ8C;7837
REM1ZOQ5E2OE4;B07L5L4GTB;688
REN3MEL7IYDKT;B0B82YGCF6;3321
REO2V9YOS1V6L;B07Q7561HD;2616
REO6KS9OTSOLA;B091KNVNS9;3985
REPOE3PIM6ZRN;B08YK7BBD2;4258
REPXGC5R2LG85;B09RWZRCP1;899
REPXGC5R2LG85;B09RX1FK54;899
REQ0A5BYHG678;B0BJYSCWFQ;6963
REQ2U03TENWZ5;B08KRMK9LZ;6519
REQ74ZVYY2I01;B08HD7JQHX;3307
REQQ0KOQUU7N5;B07WDK3ZS6;7861
REQQ0KOQUU7N5;B07WDKLRM4;7861
REQQ0KOQUU7N5;B07WGPKMP5;7861
REQQ0KOQUU7N5;B07WGPKTS4;7861
REQQ0KOQUU7N5;B07WHQWXL7;7861
REQQ0KOQUU7N5;B07WJV6P1R;7861
RERB22NNP18BZ;B01M69WCZ6;3103
REREHUV2GTGYO;B07GXHC691;4309
RERXVOZZDMCMH;B075K76YW1;4764
RET6MLCT292IA;B00KIDSU8S;3722
RETQ7C9XRV1WY;B082T6GVLJ;8187
REU3XX3MNVWX9;B0758F7KK7;5106
REU6EKQK98RBL;B07Z3K96FR;4435
REVEDLADDDB1V;B093QCY6YJ;5286
REVG93OC7J7E7;B08N6P8G5K;6766
REVSR0ILY3547;B014I8SSD0;6504
REVSR0ILY3547;B014I8SX4Y;6504
REVSR0ILY3547;B07KSMBL2H;6504
REW2CYD532JB3;B00BN5SNF0;8951
REWASLCJXLZ0P;B08W9BK4MD;6363
REXSBUHVOE0WE;B08J4PL1Z3;1096
REY9RHIDKB28T;B01HJI0FS2;3775
REYTAGJ74749P;B0B5RP43VN;805
REYYFWWGQT2H1;B01D5H8ZI8;2893
REZ13G8C3Z7KF;B07S7DCJKS;2392
REZOPKFLKI7YE;B07QZ3CZ48;803
RF0NNFS6PEPAV;B06XDKWLJH;4942
RF3YHF01ASGWA;B00B7GKXMG;1628
RF43347JSIPWZ;B094QZLJQ6;3638
RF4O6NIV5JCCW;B08CF4SCNP;2438
RF5IPHWYF1726;B01C8P29N0;4052
RF5Y8BO9PDVBD;B0BM9H2NY9;1067
RF6FTZ2BMK3U7;B08FD2VSD9;1784
RF6JADMLOSANJ;B0756K5DYZ;763
RF70HM6O98GV9;B0B8XNPQPN;4588
RF73D5K5ZPBIU;B07TR5HSR9;6640
RF7XT25GUKMXL;B09Y5MP7C4;212
RF8105HZQ4I7N;B098QXR9X2;989
RF99IXGAWSCF8;B07T4D9FNY;2170
RF9V415MCUOM1;B0083T231O;3734
RF9Y5B4XM5YZ6;B0747VDH9L;2691
RFA922H587JFN;B08MTCKDYN;5133
RFAF6MDWADF00;B07YR26BJ3;6031
RFCIU1144956F;B0B8CHJLWJ;6655
RFCKXSEJOQX6W;B09LH32678;4644
RFCY28Q2RJYLY;B09MKG4ZCM;6812
RFDIHHBHV6149;B00F159RIK;2760
RFDKRGYGQB7U6;B0B82YGCF6;8688
RFEQZHNT7QDV3;B07222HQKP;8549
RFF7U7MPQFUGR;B08Y1SJVV5;7338
RFF7U7MPQFUGR;B08Y1TFSP6;7338
RFF7U7MPQFUGR;B08Y5KXR6Z;7338
RFFLKG1LJ0XOI;B00P93X0VO;6058
RFGESZVO4TD3R;B09MM6P76N;9035
RFH8DR3A2O8BG;B08MTCKDYN;3182
RFIJDX0AGS6ZR;B081FG1QYX;2185
RFIJDX0AGS6ZR;B081FJWN52;2185
RFKGZ644H33WX;B009LJ2BXA;807
RFMQXL2EJSMQ9;B0756CLQWL;3251
RFMS5SU0JSYPQ;B00SMJPA9C;7640
RFMW7AV5SCYI4;B014HDJ7ZE;7789
RFNCQH476BUID;B09PTT8DZF;7445
RFNJ1019NIZ43;B08GYG6T12;2729
RFPSJKWNCQAO2;B08444S68L;6091
RFTJVE897RMI1;B09M3F4HGB;1778
RFTP6BKBX70WI;B09939XJX8;8333
RFTSM34EH66WL;B07YZG8PPY;6253
RFURJKL6POOC5;B09C635BMM;6100
RFVNS7HLYCWLS;B0BBWJFK5C;6764
RFVPFUT2AVH9A;B0B7B9V9QP;3393
RFVSFZCU692EX;B09ZDVL7L8;695
RFXQZHQJTAHZ0;B09127FZCK;4709
RFY606NHN2Z3N;B07G147SZD;1084
RFYYONBM15HX5;B09GFLXVH9;2339
RFYYONBM15HX5;B09GFM8CGS;2339
RFYYONBM15HX5;B09GFPN6TP;2339
RFYYONBM15HX5;B09GFPVD9Y;2339
RFZ1X95QMXWFZ;B07MDRGHWQ;3329
RFZ1X95QMXWFZ;B07MKFNHKG;3329
RFZ5R15WZV8SZ;B07GLNJC25;8389
RFZ7PECSOYOD0;B08461VC1Z;7803
RFZOVKT1IXFRY;B009VCGPSY;5148
RFZS8GTC3FBL5;B09MQ9PDHR;4355
RG0532BEQHFMJ;B07DFYJRQV;6357
RG0TXUBVZEKZD;B08RWCZ6SY;7543
RG1M1ENVZBFAP;B003L62T7W;8024
RG1S054Z1LNM;B07H3N8RJH;7559
RG1W93HZ0LNQX;B08KS2KQTK;1313
RG3VFGY4HM38X;B0BB3CBFBM;920
RG44LYJXRFLJJ;B07W6VWZ8C;7069
RG4C2KF3ZRM0O;B00LZLQ624;2213
RG5NSLD24104J;B09VL9KFDB;7246
RG5V69YDA5TLP;B081FG1QYX;1568
RG5V69YDA5TLP;B081FJWN52;1568
RG6KQGZF3D6EB;B09BVCVTBC;5750
RG7D4BZAWAW7I;B09VT6JKRP;4246
RG7LDRDT2XW44;B09VKWGZD7;2184
RG7SBYTNG42XA;B08RX8G496;4557
RG8BSIGRIQFID;B09CGLY5CX;7617
RG8WXHVO3Q5BN;B08FTFXNNB;5757
RG9KNQN3E5K2O;B097MKZHNV;5000
RG9LN7755H1GQ;B08XNL93PL;995
RGABQNB8MCJIV;B08H6CZSHT;3503
RGAGJH8NCQG57;B07DL1KC3H;503
RGAH8BAUKGJ2N;B07T5DKR5D;4290
RGAWUJYXKIWME;B01EY310UM;6145
RGB7OLWZEBW2D;B0BNDGL26T;1087
RGBXMT5Q7DSGO;B07V82W5CN;3827
RGC8KIMM1CE9L;B086199CWG;3187
RGCN4QA7Y5QFL;B00GG59HU2;4957
RGCS38FNYUI9H;B08CT62BM1;3965
RGCS38FNYUI9H;B08CTNJ985;3965
RGCUCD1BJZ3QB;B09VC2D2WG;5936
RGDHODCPC089K;B08243SKCK;648
RGEDIZCX7LB34;B0B82YGCF6;3031
RGEJZY2OM7YJ2;B09XB1R2F3;2875
RGFPF1FPU9POV;B0BGPN4GGH;7194
RGG00MCOD3B6A;B07G3YNLJB;2445
RGH8GEFOI9GPP;B07LG59NPV;2303
RGI050G1TY9NP;B07L8KNP5F;4737
RGIN9AS9WAQNP;B08H21B6V7;739
RGINUSORDHO9N;B0BP7XLX48;5911
RGIQEG07R9HS2;B082LSVT4B;610
RGIQEG07R9HS2;B082LZGK39;610
RGIQEG07R9HS2;B098NS6PVG;610
RGJ8L0BDZJ7U8;B0B9JZW1SQ;3514
RGKDXCG824W5;B0B8ZM9RVV;3943
RGKPT6A78DSX2;B08K4PSZ3V;8750
RGKPT6A78DSX2;B08K4RDQ71;8750
RGLM8T8GTSTYH;B07FJNNZCJ;3805
RGLPAU9M85OBG;B07RD611Z8;6932
RGLXWU5W86L32;B09SB6SJB4;1273
RGMYTIRB3LWEA;B085HY1DGR;2530
RGN1P0TZA7RF0;B07JQKQ91F;6272
RGN972IS97APK;B06XMZV7RH;7474
RGNARUOE22V1A;B08WKFSN84;8038
RGNARUOE22V1A;B08WKG2MWT;8038
RGNARUOE22V1A;B09QGZFBPM;8038
RGNARUOE22V1A;B09QGZM8QB;8038
RGNGF6Z9XB5LH;B08HQL67D6;4002
RGOII6UHDBYOT;B083GKDRKR;2172
RGQ39S8C5PP47;B01EJ5MM5M;7367
RGR9FMKB5LX06;B07YC8JHMB;7835
RGRLYUCCNW475;B09Y358DZQ;3918
RGRROWWT9JAHP;B08VGFX2B6;3797
RGT4RR0V5DWT3;B09C6FML9B;1413
RGTTBAUNEDZSX;B07JJFSG2B;1266
RGU29XK250TD5;B016XVRKZM;7769
RGV3TPWIES7KM;B07VJ9ZTXS;8718
RGVJ5KUUNIU77;B08YRMBK9R;8419
RGW48SIV6YSO8;B078JBK4GX;7129
RGXQJUL1WL355;B00KRCBA6E;6546
RH0STL2LKD7N5;B0B53DS4TF;628
RH11TBBZE9F1S;B008QTK47Q;3501
RH13U02O9OE8A;B08CS3BT4L;7306
RH2BUJWJ3T5M0;B018SJJ0GE;3810
RH2E56CG2VRB0;B0846D5CBP;777
RH2ODFAELL6ID;B00K57MR22;3534
RH31TSS0MO3KW;B0B59K1C8F;2918
RH36PLQFRREG5;B07RZZ1QSW;6984
RH39YOGKX760V;B07G147SZD;5038
RH3EG6R2EK2UJ;B07TMCXRFV;8553
RH47AG02THZJ9;B07Z1Z77ZZ;3759
RH4LQXPYKNUHQ;B08VF8V79P;6289
RH4Z7TDR11EEK;B07TMCXRFV;1712
RH57438QTA6TG;B09YLWT89W;1225
RH5W7R1Y9BY84;B07GNC2592;5334
RH6J3MDX33HMA;B0B3TBY2YX;8583
RH6S639ZX7JLT;B07YR26BJ3;1106
RH6UHEBP622FT;B0B9XLX8VR;4265
RH6UHEBP622FT;B0BC8BQ432;4265
RH7OQL4IKCOHR;B00VA7YYUO;649
RH7QC8KMYJACT;B01EJ5MM5M;5333
RH81LB9FFSVDB;B09NFSHCWN;3804
RH94RL6QTX9ZG;B08X77LM8C;1133
RH9I43YOGMCU5;B08PKBMJKS;7598
RH9TQT6VOR6JJ;B07NTKGW45;1244
RHA2MO1Y7A64J;B0BHYLCL19;1282
RHABSU5NRAV4F;B097XJQZ8H;2415
RHALLXNBV1RXU;B09Y5FZK9N;110
RHAN9P6JJBKA5;B08VS3YLRK;6040
RHAXM6WBH7UXK;B0BP18W8TM;3719
RHB3ONZ4OL1N2;B09BW334ML;3283
RHE3HXKSONROE;B09YLX91QR;6702
RHE3HXKSONROE;B09YLXYP7Y;6702
RHE3HXKSONROE;B09YLYB9PB;6702
RHE4AF3VC0YG;B08YK7BBD2;1556
RHE6HF6ZA5R2W;B0BNV7JM5Y;8270
RHE6HF6ZA5R2W;B0BNVBJW2S;8270
RHFB5XTT2UM3K;B012MQS060;3421
RHFEA5EOYKD7Q;B08TDJNM3G;1044
RHFP87WF4XV8F;B097R3XH9R;8681
RHHIZ45VYU5X6;B09HQSV46W;46
RHHIZ45VYU5X6;B0B6F7LX4C;46
RHHIZ45VYU5X6;B0B6F8HHR6;46
RHHIZ45VYU5X6;B0B6F98KJJ;46
RHHIZ45VYU5X6;B0B8CXTTG3;46
RHHZ7GL342YDW;B01GZSQJPA;3566
RHI3BSTRUG006;B09DSQXCM8;691
RHI91TJRIR95F;B086199CWG;4888
RHINAF5XZTNSB;B01LYLJ99X;3923
RHIVLM50D4L50;B08GSQXLJ2;6194
RHJIGY0KORSEO;B00J4YG0PC;2110
RHJOMDBO7WS73;B0B25DJ352;2451
RHK2VI4OFC8UW;B0B31BYXQQ;2178
RHK4K6M2PFZCT;B09YLWT89W;4946
RHK81ZNE4PTND;B09SDDQQKP;186
RHKJASTLGEF14;B01J8S6X2I;3792
RHL803DXBI13J;B0BJ6P3LSK;327
RHLZDSUTN4WQ;B09NL7LBWT;1613
RHM5Q098AI06R;B0BNDGL26T;287
RHMI8LH34RDXN;B07GXHC691;159
RHMZ3T3WZDDMY;B08QHLXWV3;3821
RHNG6YOP5P6GA;B09BN2NPBD;2848
RHNPI4ITBJ1DZ;B00935MD1C;5014
RHNR43R07U1HL;B094G9L9LT;6158
RHNRKZTFXDK89;B00LVMTA2A;2385
RHNVN7WEES6ZV;B0B3CPQ5PF;8648
RHNVN7WEES6ZV;B0B3CQBRB4;8648
RHNVN7WEES6ZV;B0B3D39RKV;8648
RHOJTWXKPNHNT;B09C6H53KH;8055
RHPAZK9629WGB;B07VQGVL68;3111
RHPQ553ZWQIME;B09JN37WBX;2207
RHPUY1L6EN7BY;B0BPBXNQQT;4422
RHQJ6BFGU8S7I;B09VL9KFDB;6771
RHQXPF9G54YP4;B086X18Q71;5072
RHR04GI4R2ULD;B0BHVPTM2C;7969
RHRVKXM6JJBX7;B09DSXK8JX;3240
RHRVKXM6JJBX7;B09PLD9TCD;3240
RHS375RK0RRAQ;B09JKNF147;6306
RHS9HYJMJGCAN;B09LHXNZLR;4166
RHSML7W05JVC0;B08H21B6V7;6253
RHSVGQWZTK60L;B09MKP344P;769
RHTRI5KXL3B0G;B00AXHBBXU;1510
RHU5ZL65TEJAD;B08RHPDNVV;859
RHUH1KUO9N3LB;B08G1RW2Q3;3899
RHUJOS46Q51UG;B07P681N66;7370
RHUJOS46Q51UG;B0859M539M;7370
RHWFJRSKL5O8R;B0B7DHSKS7;4001
RHWJXUIB7QJY4;B09CMM3VGK;1138
RHZ7QGZ3QY95Q;B08ZHYNTM1;3375
RHZFWFPW57PEH;B078G6ZF5Z;2734
RHZFWFPW57PEH;B089WB69Y1;2734
RHZHGXAI6M674;B086WMSCN3;5099
RI02F8V2VWZ0P;B09P182Z2H;3116
RI06LTB0D8TP;B09HN7LD5L;2062
RI07TDJ2DO7ID;B078JT7LTD;4661
RI0NHWUS3HCNY;B08VFF6JQ8;5386
RI0WQOZ9OHFQR;B00A0VCJPI;8554
RI1F2WGK4HN7I;B01NBX5RSB;3806
RI1FLXH6TFEAJ;B071Z8M4KX;7063
RI1FLXH6TFEAJ;B07GPXXNNG;7063
RI1FLXH6TFEAJ;B07GQD4K6L;7063
RI1QYUZU94RKT;B09XTQFFCG;5918
RI1X7COS2IBOL;B08TDJNM3G;8922
RI4AALZTE7G17;B009P2LITG;1835
RI4BBDQRBX3QS;B08ZHYNTM1;8745
RI4DLEXTUDQ8;B099FDW2ZF;4529
RI4FDI27R40FR;B08PFSZ7FH;6427
RI4YG0LQODJ1Z;B00OFM6PEO;4321
RI4YLH4V4IERV;B09FHHTL8L;6481
RI68W30TV8E76;B09MY4W73Q;8616
RI7CEYXWJ4WUJ;B00H47GVGY;7593
RI7WWH1O32LTQ;B01KCSGBU2;1843
RI96NGZIWTIRY;B07VQGVL68;359
RI9CLAGH4SW9S;B09ND94ZRG;3661
RI9OJ89Z7HZ5F;B09VL9KFDB;4546
RIAQUZT21P6N1;B081FG1QYX;921
RIAQUZT21P6N1;B081FJWN52;921
RIB8B25Y91N0Y;B091KNVNS9;6337
RIBJBDPVX394D;B091V8HK8Z;1870
RICD6CW1J29LM;B07RCGTZ4M;4125
RICLGKGN5RFBD;B08H673XKN;6139
RICP1UJVB4PBJ;B07KNM95JK;5806
RIDD37MLHUPMC;B09TT6BFDX;2315
RIDGDE0K9RNRA;B0BCVJ3PVP;524
RIDJYDQN13E73;B09F3PDDRF;7272
RIEIASWD1PQYW;B09NTHQRW3;8087
RIEIIOVX84JE9;B0B31FR4Y2;7809
RIGD9PRAW6OA7;B012MQS060;2473
RIGWLTT24Q9NI;B07YWS9SP9;10
RIIJNBY14TAEF;B083GKDRKR;1086
RIIZL921VLEN2;B00C3GBCIS;4289
RIJ0LF1TCS88U;B09NFSHCWN;3691
RIKQ3HQUQVC0Q;B08MVSGXMY;2493
RIL3X4K17UXMZ;B00NNQMYNE;6356
RIL69DS3C4JGC;B0BBMGLQDW;385
RILQMI1I1DYD1;B01IBRHE3E;8106
RIM7DE0ZQWVZC;B0B61DSF17;8921
RIME7JQPW8QM8;B09T3H12GV;3271
RIMQ7KGAFAY45;B00SMFPJG0;8104
RIN87V1ZT8M2F;B08G1RW2Q3;7126
RIN8HIN341K9M;B01M5B0TPW;7416
RIND9MF93GBO0;B088WCFPQF;4602
RINNKP59LVQ2F;B09LHXNZLR;1604
RINQEFDY3172H;B00R1P3B4O;784
RINUCCBLHOP73;B09L8DT7D6;849
RIOC9B1740DPI;B093ZNQZ2Y;6707
RIOXEFPBH3GVJ;B00GG59HU2;6885
RIP6JERBIMOOZ;B076VQS87V;4114
RIQHKLJ3CV86P;B0BBMGLQDW;730
RIQJOO5ZR8L0X;B0BBN3WF7V;6409
RIQJOO5ZR8L0X;B0BBN4DZBD;6409
RIQJOO5ZR8L0X;B0BBN56J5H;6409
RIQXPCOM8RRPS;B09RF2QXGX;1683
RIR1M6FLP836E;B09NR6G588;1581
RIR2EVLB3KG1Q;B086GVRP63;7372
RIR8457ELA3D6;B07WVQG8WZ;1769
RIRMEEQUWCCJK;B07PR1CL3S;4122
RISUCL5YV9EZN;B09TWH8YHM;2135
RISUCL5YV9EZN;B09TWHTBKQ;2135
RISUCL5YV9EZN;B0B14MR9L1;2135
RISUZF7W6LE2K;B00KRCBA6E;2933
RIT3TAH74G3JM;B07W7Z6DVL;1457
RITJUD5WP59UI;B0BBN3WF7V;8369
RITJUD5WP59UI;B0BBN4DZBD;8369
RITJUD5WP59UI;B0BBN56J5H;8369
RITW1G6EL12AP;B08XXF5V6G;1734
RITW7QXM8HJHT;B008LN8KDM;8175
RIV5YY3MLWNHU;B00J4YG0PC;5989
RIVLIRNSSO3M1;B09939XJX8;7212
RIVPXD585WKHV;B0BPBXNQQT;5257
RIVY9LOY4XDM8;B00AXHBBXU;5339
RIW7K2PKLTNVA;B07222HQKP;5904
RIWQ3QB0V2RCQ;B0765B3TH7;5747
RIXG2KYOQHKVB;B07WDKLDRX;47
RIZ4B3XEDA5K2;B078W65FJ7;3101
RIZF30TNXEI0C;B084MZYBTV;3646
RIZJA1XHKPH5M;B09M8888DM;6600
RIZOHKWA7NHO4;B08JW1GVS7;1227
RJ05T5WBN8SDA;B097MKZHNV;2752
RJ0CS41K876BR;B09T2S8X9C;6642
RJ0CS41K876BR;B09T2WRLJJ;6642
RJ0CS41K876BR;B09T39K9YL;6642
RJ0CSQUUWFF9W;B0B4HJNPV4;6359
RJ0CSQUUWFF9W;B0B4HKH19N;6359
RJ0CSQUUWFF9W;B0B4T6MR8N;6359
RJ0CSQUUWFF9W;B0B4T8RSJ1;6359
RJ12PR5BVXX0Q;B098JYT4SY;4908
RJ12UME7RFM5D;B01M5F614J;3777
RJ13RMYUVYNIW;B07NC12T2R;7979
RJ19CW7WCSFUI;B01N90RZ4M;1443
RJ1FQK256DKD5;B099FDW2ZF;8310
RJ29G3M313IFR;B09XXZXQC1;2981
RJ2PP06G0YUWC;B0B8SSZ76F;5835
RJ2RFRYTSYWQ6;B084MZYBTV;6756
RJ2YNRIIONHOT;B0981XSZJ7;6003
RJ3JAJU16YNQM;B0B5KZ3C53;1441
RJ4G2WPEDZFK9;B095244Q22;2413
RJ4G42V45QKKS;B09B125CFJ;99
RJ5U2OT67JPML;B08L4SBJRY;8061
RJ60KRLZG27ON;B09B9SPC7F;8892
RJ6E5TLJP5Z7S;B09H3BXWTK;536
RJ7LTANMKSLFC;B08WLY8V9S;1967
RJ7M5SZZI5210;B08QDPB1SL;1890
RJ855UPV0ZZIX;B0994GP1CX;4488
RJ881YNSQW00R;B08MCD9JFY;6178
RJ8QD3DJEQ5JN;B01EJ5MM5M;174
RJ9UNCLT4UGVW;B08CFJBZRK;8523
RJB32KHP5D5O3;B01N90RZ4M;5019
RJBJT7A32QWPV;B0BPBXNQQT;305
RJC5HHN4FL2JC;B0B5KZ3C53;8143
RJC9WVXKSYT99;B07WGPBXY9;13
RJDDXBOXLND1S;B09474JWN6;3657
RJDGO8A1H214O;B08CYPB15D;1932
RJE8U42OVIJFV;B08CS3BT4L;5765
RJEZREZBPBIOE;B08MTLLSL8;5986
RJFBAWAVEG383;B07J2NGB69;4358
RJFI2R3H927Q;B0B84QN4CN;4008
RJFSSIL53ZUE;B098JYT4SY;7707
RJGJ2HUWX9GSC;B09XTQFFCG;6137
RJHBMPZRSI8AJ;B09MKP344P;5969
RJHX6V54VZFP4;B08HDCWDXD;8147
RJHYN4I6B113J;B09ND94ZRG;312
RJIVL7YN5KMKL;B097R45BH8;4705
RJOCZ7VETYOPA;B07WHS7MZ1;2126
RJOU5K9ECNW7Y;B0B4F1YC3J;7115
RJOU5K9ECNW7Y;B0B4F2TTTS;7115
RJOU5K9ECNW7Y;B0B4F2XCK3;7115
RJOU5K9ECNW7Y;B0B4F2ZWL3;7115
RJOU5K9ECNW7Y;B0B4F3QNDM;7115
RJOU5K9ECNW7Y;B0B4F4QZ1H;7115
RJOU5K9ECNW7Y;B0B4F52B5X;7115
RJOU5K9ECNW7Y;B0B4F5L738;7115
RJP0K4KZDD2HP;B08GJ57MKL;2125
RJP1JLG2KKDYM;B01D5H90L4;5825
RJPAKDZRUJIDF;B07JF9B592;2862
RJQS7P8SU8IWQ;B00GG59HU2;6940
RJRMSM1RS2W29;B01C8P29T4;8814
RJRZYF6J55OCD;B07DKZCZ89;7413
RJS13UCRXJ0V3;B07JQKQ91F;6501
RJS87YIWGG7GF;B08QX1CC14;2549
RJT2AYA3VYJKW;B07J9KXQCC;4450
RJTM1AE1IP9JL;B08GJNM9N7;8800
RJUMN5TQXB046;B08RZ12GKR;1555
RJW0MA6VZOJLA;B07SY4C3TD;7898
RJX2WGB0X99SY;B00NH11PEY;6455
RJX2WGB0X99SY;B00NH13Q8W;6455
RJX93LCK9FMRS;B084MZYBTV;720
RJXAZXDE8B60L;B07TMCXRFV;7692
RJYAUT0FRKDMB;B0123P3PWE;3732
RJYLPPJ0FGP7W;B07WDK3ZS2;1218
RJYLPPJ0FGP7W;B07WFPMGQQ;1218
RJYLPPJ0FGP7W;B07WHSJXLF;1218
RJZUZ9HFCXQSD;B07CWDX49D;8225
RJZUZ9HFCXQSD;B07CWNJLPC;8225
RK1BO9M1S8VSI;B071VMP1Z4;5652
RK1D5GNVFWW81;B08Y7MXFMK;5800
RK1J2BJVDS8SY;B09MZ6WZ6V;1685
RK2GIVBNOGOZ3;B08KHM9VBJ;8825
RK2SK2T9306PY;B00935MD1C;5062
RK381D6AH8JFI;B0BG62HMDJ;675
RK3CT1IZJNZOT;B084N18QZY;9009
RK3DSUGKIZT8Z;B09W5XR9RT;6847
RK46ZE8SQLQTZ;B07YL54NVJ;237
RK4CS8ATPVMJ2;B09PNR6F8Q;8332
RK4TT1MUA9PPK;B09BCNQ9R2;7614
RK56D57RLGNG7;B08H6CZSHT;543
RK5XMFM6GJ9ZP;B01D5H90L4;6323
RK6BDZJW30UE1;B09P182Z2H;7852
RK6F5JOI2TI2P;B01L8ZNWN2;2526
RK6FONHRBSSFI;B0B3TBY2YX;3562
RK6G1OA2NXLKX;B08ZXZ362Z;164
RK6SO6RSVNLFQ;B09ZPJT8B2;2509
RK7Q6W5FOPESC;B09ZHCJDP1;4667
RK96X31K91U0O;B07SPVMSC6;1495
RK9JKA9U9LZ49;B0B9XN9S3W;2137
RK9ZW19PLNUYO;B082T6GVLJ;1924
RKAF5JOIWID2G;B0BDZWMGZ1;729
RKAXT22G5HS62;B0BBFJ9M3X;6276
RKAXT22G5HS62;B0BBFJLP21;6276
RKB470J0YGFZS;B08RZ12GKR;535
RKBKMUMLLEFJZ;B008YW3CYM;9042
RKBKQKSEET7CC;B07JF9B592;8384
RKBS5BN6STD7C;B0B466C3G4;7843
RKC553AXS535M;B08JW1GVS7;8339
RKC66BZO3QSXE;B09NTHQRW3;7310
RKDNXHI6GT6UZ;B08Y57TPDM;4884
RKEC16QEHA2WT;B06XGWRKYT;3993
RKEUW208YEVV5;B078XFKBZL;4541
RKFAA9SRDAAR0;B00ABMASXG;3530
RKFTTUKO1A54T;B07GLNJC25;8027
RKHB971WSLXO5;B095244Q22;2794
RKHYI4QXIDG0B;B0BLC2BYPX;8313
RKIITDXE4AGW3;B07ZKD8T1Q;1331
RKILLVCVGFROD;B00N3XLDW0;2816
RKJS44FVJ9WDN;B07CD2BN46;8170
RKKX7CGMNCZLA;B09CMM3VGK;7017
RKL6OE1GWZ2UL;B07924P3C5;7454
RKLEZ22TP2OC;B08BG4M4N7;1759
RKLM5089QQVNH;B09SGGRKV8;743
RKMFDAV9I8Z3;B00BN5SNF0;6436
RKN5ISCXXFA4B;B00N1U9AJS;4349
RKQN29JW7LMHS;B084N18QZY;2395
RKQY8Y6U3Y4BT;B0B19VJXQZ;3007
RKRTDX4HUEL24;B09Y5FZK9N;1276
RKS2GT83G9XWF;B07DGD4Z4C;3055
RKS4KUTPX1X5Z;B0083T231O;4783
RKSB6RZJD7Y4B;B09F6VHQXB;7931
RKU0JLLNRC05S;B0BBN3WF7V;7834
RKU0JLLNRC05S;B0BBN4DZBD;7834
RKU0JLLNRC05S;B0BBN56J5H;7834
RKU0YNFBI9H6U;B01LONQBDG;6971
RKUIUH511UFQ;B0977CGNJJ;6946
RKUQAQZUBEG5P;B095RTJH1M;6719
RKV5WXDU6KA7K;B07DWFX9YS;1206
RKV8CMWS5JH6D;B0763K5HLQ;6530
RKVEH58EIOD7R;B0BDG6QDYD;3235
RKVFIWXJ28K5E;B07RCGTZ4M;1525
RKY1OFMHN5A3D;B099Z83VRC;6891
RKYJMDLBEO56M;B075K76YW1;2709
RKYSZQWYQIFBV;B08RP2L2NL;3051
RKZFNA3ZOCH42;B09Z7YGV3R;4795
RL01KZO95GX4F;B08MTCKDYN;217
RL03M79RJEZYY;B09P858DK8;2412
RL0X3ZRIGX4DE;B08WKCTFF3;2651
RL140F6KGYTH4;B00VA7YYUO;7114
RL1H11C1J4W4U;B01HJI0FS2;1806
RL1N0IR94UURO;B09474JWN6;6858
RL1RO7M4UDHQ3;B09JKNF147;3099
RL2BJ2CXUV5RX;B009P2LITG;2003
RL2GYO9N48DA1;B09NNGHG22;2819
RL2IQ53WUNMXA;B09RKFBCV7;5198
RL3T9B6IF35TF;B088Z1YWBC;6765
RL4BDAUF747PA;B01DGVKBC6;537
RL4FCGDFPX5JP;B01IOZUHRS;6234
RL4KVP8C4HB1V;B08MC57J31;7099
RL5X2D0KMAID9;B07YCBSCYB;1861
RL642290VV0FY;B07K19NYZ8;6221
RL6IWO0F5BP3F;B09PDZNSBG;8531
RL6Y1UJJL18A1;B07DJ5KYDZ;6084
RL8266FZ4TCDG;B09VC2D2WG;4415
RL8AFQ3JO8B1N;B09CMM3VGK;7111
RL8FH0EY6MYW2;B0123P3PWE;1844
RL8HUBRTJ3LLL;B08S7V8YTN;7955
RL8QQ5LOOTC1B;B0B298D54H;6588
RL8X7H598LEE4;B09JS562TP;2456
RL8X7H598LEE4;B09JS94MBV;2456
RL9O5LBT420FW;B09BW2GP18;4643
RLAJSE9228SAA;B078G6ZF5Z;6806
RLAJSE9228SAA;B089WB69Y1;6806
RLBAK5CT8NA03;B0116MIKKC;5560
RLBENTTPSBBSN;B08N6P8G5K;776
RLC1RHGMCZS55;B0B31BYXQQ;728
RLCW4ACH6TGM7;B08VS3YLRK;291
RLEFI0WUITF14;B09VCHLSJF;2627
RLEFI0WUITF14;B0B3MMYHYW;2627
RLEOSHQWOXO2M;B07FXLC2G2;7577
RLGRM2EQJBC20;B09127FZCK;3774
RLHERK8U1LREO;B0BN6M3TCM;8550
RLHRP9RFNLBWY;B0BHVPTM2C;7169
RLHRRVTR54DUP;B0B9RN5X8B;5525
RLJ5VUW87FE0G;B0BBW521YC;1549
RLJKQ3A9HU77X;B00O2R38C4;6528
RLK0Q8WACYKMY;B079S811J3;6175
RLKRRQI8IIBB2;B08T8KWNQ9;1322
RLLQ8T7VXWR65;B09CMM3VGK;6006
RLLTRV5LUMPGQ;B093ZNQZ2Y;3543
RLNOOCUPB3G8H;B09J2SCVQT;3597
RLNUKMIVTZF3D;B095PWLLY6;4806
RLO3JXRM2INDT;B09WMTJPG7;1032
RLO8C2QNQ5TH;B00NW4UWN6;1659
RLPLHEPRNO61J;B00B7GKXMG;3315
RLPQ6DDNYDH9F;B085W8CFLH;4593
RLPU6DY334IHA;B09X76VL5L;6822
RLPZWUOSK6F4U;B09WMTJPG7;1571
RLQGXS14ZJDHJ;B09M8888DM;4186
RLQPU8GARVD9A;B0B16KD737;3273
RLR4ETD7RIB3P;B08YDFX7Y1;3362
RLS3Q3GQ6V9X5;B01M265AAK;8443
RLT5ZN2J9CR4R;B08CGW4GYR;2619
RLU72AJAAOA8D;B08CTQP51L;4083
RLWAYTZH1YOFR;B082T6GVG9;6986
RLWBE1NALLDFQ;B097ZQTDVZ;107
RLWCOK6XMDAGC;B0BQ3K23Y1;7873
RLX900TDISJGG;B08KS2KQTK;8208
RLXE2MCKLCYMB;B08SMJT55F;8040
RLXVHHR81VC4Q;B09J2SCVQT;5341
RLYFQIPR3R7CX;B0B3X2BY3M;4640
RLZ31DCVWX3TE;B07YFWVRCM;2887
RLZ80A5MC1F5G;B092BJMT8Q;2335
RLZ80A5MC1F5G;B092BL5DCX;2335
RLZ80A5MC1F5G;B0B15CPR37;2335
RLZ80A5MC1F5G;B0B15GSPQW;2335
RM008Z6AJ6V5D;B07GLNJC25;4111
RM02DLDK8Q9KI;B00W56GLOQ;8272
RM040SFEJL7HY;B08VF8V79P;2970
RM0CKWZYGTO62;B01MUAUOCX;7582
RM0HKLK17HGWT;B09SZ5TWHW;220
RM0KONA0D7IDQ;B0BD92GDQH;2927
RM0S8X7RALDXR;B08RZ5K9YH;1089
RM1F5QKM6SSLE;B08CYPB15D;2826
RM2L3W83I8OIA;B094YFFSMY;741
RM2YVJE73LH91;B09G5TSGXV;3752
RM3DGSI1GEJ08;B06XFTHCNY;2828
RM4IBEHSZRD8V;B012ELCYUG;5930
RM596L5QWH41H;B07Z3K96FR;4140
RM5YUP58CTVMN;B07MSLTW8Z;1864
RM6F2CS52ASGD;B00NM6MO26;8590
RM7IFDV9KNC2O;B0B9XN9S3W;4720
RM7JUADWLUK6A;B07CD2BN46;8392
RM8086AZAWNQB;B07NRTCDS5;451
RM88OEEDBGL7E;B0B5YBGCKD;4191
RM8D6XNWRSKRD;B01I1LDZGA;3593
RM8NC55MRQ6V9;B09CYTJV3N;3877
RM8OH7G4FEYF2;B01LWYDEQ7;7171
RM9IAPXXFI5L;B0B3G5XZN5;8013
RM9RH8FX9U95D;B0BFBNXS94;1230
RMA1TQHKE89WV;B00H0B29DI;7489
RMA358YLCTHG2;B085LPT5F4;1083
RMAC0LO0EDHO9;B07TC9F7PN;2182
RMB267WFB3JDM;B08C4Z69LN;4509
RMC18YA95OV3J;B0BCKWZ884;6314
RMC53XMIQL6LY;B09PDZNSBG;5303
RMD5MQGT1Z7TX;B07VTFN6HM;3428
RMD97V7ZXPVBW;B06XFTHCNY;6938
RMDL90RMZO5Y;B09GP6FBZT;3461
RMDN4PSDM8SKK;B0B3XXSB1K;5419
RMDN4PSDM8SKK;B0B3XY5YT4;5419
RMDVRDSEK73L8;B09VGKFM7Y;2778
RMEKYV7XWTWKV;B09RWZRCP1;3403
RMEKYV7XWTWKV;B09RX1FK54;3403
RMG3T7RJ48ZLD;B09G2VTHQM;57
RMGA8IGV2WQDX;B0BMXMLSMM;8822
RMGE5B6FD1FS5;B09MKP344P;2812
RMGGBMIVVTPJU;B09JN37WBX;6995
RMHVA60P9USYS;B08RX8G496;8193
RMHY4XGSZT7UR;B00A0VCJPI;5955
RMIC8UQMGL0U3;B08VF8V79P;5130
RMJH8X11LNM88;B07SYYVP69;1936
RMJTIHWOEVJ2S;B083RCTXLL;6157
RMJZ65KLW040B;B0BQ3K23Y1;4842
RMKFA51N2GL3C;B07YQ5SN4H;6473
RMKT12XVNLW9K;B0B4PPD89B;5094
RMKY6FED1DV2L;B094DQWV9B;6746
RMMHFQPA8C5FJ;B0747VDH9L;7076
RMN6DAWRN6MNN;B0B2DJ5RVQ;4026
RMO1CT02OKUNJ;B097XJQZ8H;1156
RMOKL16V5DQIB;B0926V9CTV;2109
RMPKJJKZC848Y;B0B2RBP83P;2547
RMQ0XU5QGL5LV;B09VZBGL1N;8899
RMQ0XU5QGL5LV;B09Y14JLP3;8899
RMQ3KAMNNQ2X2;B09CTWFV5W;3878
RMQA2CY9FRUOR;B072J83V9W;3596
RMRDDMYPHJVVP;B09G2VTHQM;7270
RMRNID3H5V0O4;B00MFPCY5C;787
RMSETHYGGA4P7;B08SJVD8QD;855
RMSTOC1WCLL3X;B07LG59NPV;7642
RMT3S18UOGE3G;B097XJQZ8H;7999
RMT5PSCPJISQD;B08CS3BT4L;142
RMTBPDSRHUOO0;B09BL2KHQW;8910
RMTUS17UNIUS9;B07WHS7MZ1;7808
RMUCAZHGYK1RB;B07GWTWFS2;8393
RMUJQEHAD3JV3;B084MZXJNK;4994
RMUJQEHAD3JV3;B084N133Y7;4994
RMV4FW2P0WYMA;B06XFTHCNY;5502
RMVC4YY8V7RYM;B086WMSCN3;2849
RMVC7IIYGMZJ8;B07Z3K96FR;1758
RMVTEJJSA64Y1;B07V5YF4ND;4698
RMVYCEXD67P7Y;B07VJ9ZTXS;4565
RMW15G5GM7HKY;B0747VDH9L;8018
RMWWVT8FORZQU;B081NHWT6Z;5020
RMWY1UTR0CJR3;B00H0B29DI;753
RMXN9V3YLV8Q9;B09ZPL5VYM;912
RMYMTG7HATYTR;B00RFWNJMC;4915
RMYPWXFB5Y3MQ;B09P18XVW6;630
RMYPWXFB5Y3MQ;B09PLFJ7ZW;630
RMYWUK6J83TM9;B096NTB9XT;7256
RMZG7RNEPFOII;B07NRTCDS5;1018
RN09522VLQZIP;B01C8P29N0;2027
RN0DG3MRTSSP6;B079S811J3;1162
RN0DQOQT1HQTW;B01N6IJG0F;407
RN12RA7AP349F;B07P434WJY;5760
RN23FCU4EP3F3;B01F25X6RQ;6539
RN23FCU4EP3F3;B01F262EUU;6539
RN321J53AKU0K;B08243SKCK;7269
RN3HT9PBUD3NZ;B0B694PXQJ;8000
RN4L9AGI1M35U;B0B8XNPQPN;1542
RN4RJMHA6Z17Z;B0762HXMTF;4499
RN4ZPVL2G6BXG;B01F7B2JCI;2755
RN5RKOAR1MQZ7;B07VSG5SXZ;3450
RN7COQSQK4VHG;B092JHPL72;4656
RN7RYZ9MBIC42;B07ZR4S1G4;3
RN8096LY7UFUJ;B0B84KSH3X;8804
RN8PZREKYVUCU;B09PTT8DZF;2204
RN8Y9B2XGVMGI;B07JZSG42Y;8964
RN9FDFWKUWE27;B0B1MDZV9C;5441
RN9O9A0ARA83;B01KCSGBU2;6168
RN9VBZPCHG67H;B012ELCYUG;5116
RNA18UM3K1AE5;B0085IATT6;6482
RNA87JCGRTQJU;B09YLX91QR;3034
RNA87JCGRTQJU;B09YLXYP7Y;3034
RNA87JCGRTQJU;B09YLYB9PB;3034
RNAHH2L1RS339;B079S811J3;5629
RNB44LXBJIPTL;B004IO5BMQ;4628
RNC0MI1CWR8H9;B07NRTCDS5;2054
RNCM6E4OW05E;B0B23LW7NV;7408
RNDLXV8UJZSO;B08ZJDWTJ1;5150
RNDYBQHMT47QL;B09R1YFL6S;7320
RNE99IXSFU1NV;B017NC2IPM;7466
RNEAQQCZW4BQR;B01N6IJG0F;3939
RNFDIM9PF1C9U;B0B9F9PT8R;3423
RNFY9ZYM6195O;B01DEWVZ2C;2304
RNFY9ZYM6195O;B01DF26V7A;2304
RNFZF13HB44YR;B0B54Y2SNX;8140
RNGB4OZTF3NE9;B08MXJYB2V;8425
RNGN2ZRL685Z5;B07B275VN9;420
RNGWBEEZP77VF;B00HZIOGXW;3833
RNH0MZ907JI2S;B07WKBD37W;2982
RNHDS9HCAZYPP;B08W56G1K9;7204
RNHLZSPMRSBN3;B0B9F9PT8R;4642
RNHRK657LGIDV;B09MDCZJXS;3547
RNHUBO94L9NVZ;B083GKDRKR;3416
RNICXWCGHEGNR;B0B467CCB9;889
RNJ28HCJAVS7P;B07Y1RCCW5;1911
RNJ6P4996W6TH;B09NS5TKPN;3994
RNJPU360H19UG;B00SMFPJG0;7948
RNJWTE3FEEOBF;B07Y5FDPKV;209
RNK57EYURB9DH;B08PSQRW2T;8567
RNK57EYURB9DH;B08PSVBB2X;8567
RNK7Z9UWFZ55N;B08VFF6JQ8;8057
RNKC5XGEH5NV2;B0B7FJNSZR;8635
RNLXNQ72I1GIR;B08LHTJTBB;8203
RNN7UL8Y8WODW;B08CRRQK6Z;4382
RNNWCGXGPM79N;B07JZSG42Y;641
RNP5KTHVIELH4;B0B16KD737;3611
RNP9KG0AKI8QG;B0B1NX6JTN;7089
RNPXYD8APOUDV;B099SD8PRP;5623
RNQ3UU0QIAJO3;B07WNK1FFN;1855
RNQ8FWEZB09XX;B09DSQXCM8;8472
RNQB4SFH4DX7B;B09JN37WBX;7903
RNQDSVULD4JIE;B08MZNT7GP;3639
RNR1ZWXYAVZB1;B07MKMFKPG;3174
RNR9AZJON6EHU;B09MQSCJQ1;6991
RNRX90QGDJCVW;B07VVXJ2P5;2720
RNS7CWZGDI8R0;B08VGM3YMF;6317
RNT0QZ6SRDN5V;B07YY1BY5B;791
RNT0QZ6SRDN5V;B08HV25BBQ;791
RNTYVAAWTJ5CE;B07TCN5VR9;4535
RNUAYGA4DMRC3;B082KVTRW8;3612
RNVPA6MFR64PA;B09BW2GP18;1453
RNVX0V6SJF3CP;B07L9FW9GF;4906
RNWNTRNLSJWSB;B071Z8M4KX;149
RNWNTRNLSJWSB;B07GPXXNNG;149
RNWNTRNLSJWSB;B07GQD4K6L;149
RNWY4IN06HR5S;B0162K34H2;468
RNY8DA1733V0U;B072J83V9W;7728
RNYLV1SZDEPLA;B00NH12R1O;3046
RNZ3UOYY7B2N0;B07X963JNS;8836
RNZ3UOYY7B2N0;B08HF4W2CT;8836
RNZNVONK9XAL7;B08JW1GVS7;3402
RO083A44QXKV9;B07DFYJRQV;3120
RO0DFX54L3NCC;B00S2SEV7K;1696
RO0KLBJXV6XCR;B08H21B6V7;6144
RO0RSJKPHXH1A;B0972BQ2RS;7423
RO0S1HB5CYIZ9;B08D64C9FN;6639
RO163Q6WRVSZZ;B08BCKN299;4727
RO1WU1XMSF20C;B09V12K8NT;1246
RO1WU1XMSF20C;B09V175NP7;1246
RO1WU1XMSF20C;B09V17S2BG;1246
RO2E58ZA8YH7E;B09L8DSSFH;4876
RO31NNHWLOQF4;B09CKSYBLR;3171
RO3LTHQ4OZR1F;B0073QGKAS;8480
RO3Q0361RMHT8;B09LH32678;905
RO4BI7QVTST6E;B086394NY5;7839
RO567V8MWM1JK;B08JKPVDKL;7201
RO5CYFP6J9F8A;B08WJ86PV2;8828
RO5MNH2EETV7Y;B097RN7BBK;5274
RO5SV6PIRUVQH;B0B467CCB9;7297
RO77OQG21KZ7C;B09PL79D2X;4280
RO78JI2HT6J3P;B09BW334ML;5693
RO7LRFL67Z505;B07966M8XH;4184
RO7RFHI6XIDYE;B083RCTXLL;5775
RO9GYYPV0QDRB;B09CTRPSJR;8466
RO9KNXZ2RH2TI;B01FSYQ2A4;3964
ROAF183XMTYOB;B0085IATT6;853
ROANI9ZPECRM0;B097R25DP7;6705
ROASRYCFUFCK0;B09QS8V5N8;1060
ROASRYCFUFCK0;B09QS9CWLV;1060
ROASRYCFUFCK0;B09QS9X16F;1060
ROASRYCFUFCK0;B09QS9X9L8;1060
ROBDUAJXECNYM;B08K4PSZ3V;2926
ROBDUAJXECNYM;B08K4RDQ71;2926
ROBLP3CK320DX;B086394NY5;3111
ROBRVYJQR5A81;B07QDSN9V6;6569
ROCT9PEGTFHBI;B077T3BG5L;1255
ROE0YIUOFNATH;B0BHZCNC4P;4821
ROFN3NUPDY258;B01M5B0TPW;6667
ROG35PUVPRISM;B08QHLXWV3;888
ROG4D0YGDQMH;B07ZJND9B9;1644
ROG94W9K5IZPP;B09R83SFYV;3684
ROHRC9ZCY3ZKI;B08BCKN299;7579
ROIDOHU6ZPBY6;B00LP9RFSU;8948
ROIO5NPQ0WAKA;B07GMFY9QM;424
ROK6ZCMA5J3HR;B095X38CJS;704
ROKIFK9R2ISSE;B01486F4G6;4949
ROKY7UXCNAYLZ;B098TV3L96;7721
ROL6AMVOS7M31;B009P2LK80;6365
ROMIRCTILGR1L;B08MTLLSL8;6348
RON8WF9GCAV06;B01DGVKBC6;104
RONEN38QVS6OD;B01JOFKL0A;4120
ROOP0SB30EBY3;B09MT6XSFW;1423
ROOP0SB30EBY3;B09MT84WV5;1423
ROOYF4SUB0DMH;B00MUTWLW4;1706
ROQNJTEGAA7VN;B07WMS7TWB;1103
ROR2RQZ4G72JO;B08RX8G496;8975
ROR9XQ354KNW2;B00C3GBCIS;4798
RORPHMFZM8M9X;B08LW31NQ6;1125
RORVGP6V0EP21;B0B9F9PT8R;4578
RORXQ24THT5LS;B089BDBDGM;8091
ROS3I3HXBLAYE;B0BJ966M5K;317
ROS8J8LJM2XVI;B01GFTEV5Y;3459
ROSY5BMO160S8;B09MT94QLL;604
ROT0JJ2ZLKMPF;B08B6XWQ1C;4691
ROTBOX5J8LVNW;B0B9959XF3;4086
ROTBOX5J8LVNW;B0B997FBZT;4086
ROTCPLKO6UKDA;B097JQ1J5G;7179
ROTGU2DMM6OU0;B00LZLQ624;711
ROTKHGUAN5KUR;B0819ZZK5K;5919
ROTSX1QO0ZBS6;B09VT6JKRP;7389
ROTYDHVA4QC9L;B014HDJ7ZE;3106
ROUIP06IT2CPE;B00TDD0YM4;5741
ROVLXRDLVHM2;B0B2DD66GS;7554
ROWPNMWIGNJ78;B09CKSYBLR;2952
ROWQXDKTB82ZR;B00RGLI0ZS;206
ROX9I533DCL1L;B0B3RHX6B6;6421
ROYTJMQHK8TR;B0B21XL94T;4187
ROZ7GLYC4255J;B097RN7BBK;4730
ROZB42OM5ZUZC;B07F366Z51;5251
ROZVZWR5N5XFF;B09YLWT89W;3409
RP16EV0JDQBKX;B0981XSZJ7;7105
RP16HJYUCT002;B00HZIOGXW;5917
RP1O8SOYEEI2L;B01MRARGBW;4096
RP2NLPF4P8159;B01CS4A5V4;3430
RP30K2QKPN7RL;B088GXTJM3;1931
RP412MHJT3TXO;B09LRZYBH1;7938
RP43KMMRPV2Q3;B08MZNT7GP;8260
RP44N8NRPVZ64;B0B97D658R;7998
RP49KRXSTSAZO;B0B2CZTCL2;5301
RP4NUVUGYLM25;B09P564ZTJ;6149
RP53N14Q2723T;B07L8KNP5F;8572
RP577JII0SXT0;B08JD36C6H;6952
RP5AN5NRHB0TT;B092X94QNQ;5278
RP7C5V4J1BO3B;B0B2X35B1K;3069
RP810P9RDWC3G;B0798PJPCL;6371
RP81LPR632RSZ;B08FGNPQ9X;8497
RP84GJ5M88XI;B09ZPL5VYM;4634
RP9JIO6DPGAL;B09RQRZW2X;4360
RPA8V1051ERUL;B07DJLFMPS;37
RPBCYAHF3NX4E;B07989VV5K;7539
RPEKYFBH5K20D;B098R25TGC;2010
RPERYOA7LX9AI;B08X77LM8C;8631
RPF6BQZ9ZGOD7;B08T8KWNQ9;7437
RPFBIUJQY7U8J;B07J9KXQCC;5756
RPFUVX3Z31TRO;B07966M8XH;4179
RPGDFO3VRQZ0S;B0B3TBY2YX;8957
RPGI8FD8L5XJ6;B0B5GF6DQD;246
RPGQI0SP1LWQD;B00R1P3B4O;8738
RPGTYXQGC3TXI;B07ZJND9B9;5308
RPH459PHQQOP4;B07SLNG3LW;348
RPHKXENT6881N;B06XPYRWV5;5854
RPJ5DDRIN3STD;B07YY1BY5B;8493
RPJ5DDRIN3STD;B08HV25BBQ;8493
RPJVB23K2QB2Z;B00TDD0YM4;4746
RPKOAVSXXPSKU;B00K32PEW4;1444
RPLQJZOGRLKVX;B0B3X2BY3M;8640
RPM4MVT8HNIXD;B07WNK1FFN;4085
RPM4RV2MQNNN0;B08SCCG9D4;7250
RPMIFU0S3U0CG;B0B59K1C8F;6833
RPN411MPADDQD;B006LW0WDQ;7210
RPNGVTBER1EP8;B08VB2CMR3;998
RPNGVTBER1EP8;B08VB34KJ1;998
RPO0OE319VG3R;B08TT63N58;6628
RPOJFOW2F49SE;B09FZ89DK6;3940
RPOYK3GUC98ZU;B081RLM75M;3186
RPP3YL70C1J1I;B075K76YW1;5050
RPQO0HYCTUH5T;B08TM71L54;1501
RPQSMIZYYZ5XY;B07MSLTW8Z;6153
RPRA1IC9U989B;B0B2931FCV;2609
RPRRWM1J2QDNP;B094JB13XL;3652
RPRRWM1J2QDNP;B09BNXQ6BR;3652
RPTZZYC6X5HF;B09DG9VNWB;2594
RPU9M945SJ641;B016MDK4F4;500
RPUDZMSMR65WV;B09PTT8DZF;3201
RPVB28C2TPEDX;B0BNDRK886;2069
RPVNHPEU1HG9F;B09Q8HMKZX;7889
RPVSPK4695JRQ;B09MFR93KS;6294
RPVZZE1EB5RNS;B08CF4SCNP;1941
RPW50TOB01UYA;B0B2DJ5RVQ;2258
RPWBSG3KWA82A;B012ELCYUG;6222
RPWGHZZ206ZUQ;B08MXJYB2V;3779
RPWJM0MSSSPKQ;B0B56YRBNT;4162
RPWUK2BJQ0G68;B07Z53L5QL;6580
RPXR67LNCQALE;B09CMP1SC8;2344
RPXUHUM30UTOQ;B09MQ9PDHR;8407
RPYDN6B28I73B;B09ZPJT8B2;5137
RPYQ3EMAHHNIH;B0BDG6QDYD;3824
RPYQIR3334L89;B07P1BR7L8;976
RPYZX0CFFJI72;B09N3ZNHTY;1781
RPZFZ77ZCT4IM;B08ZN4B121;8282
RPZQ7HTHUEAQM;B08BG4M4N7;5957
RPZX6OUAQAC2Q;B01N4EV2TL;5479
RQ03WWKIJ86VR;B07L3NDN24;907
RQ1YIKCGI9IPB;B09C635BMM;7391
RQ1YOGR9ENQ0S;B00C3GBCIS;7151
RQ2S0N0NGDQVY;B09LV13JFB;953
RQ38JN12KFAGP;B00R1P3B4O;6242
RQ3MM50LGXL1Z;B07GLS2563;605
RQ5130GKWN0HP;B009P2LK80;8517
RQ5FP6ADSIS6O;B09MT6XSFW;8058
RQ5FP6ADSIS6O;B09MT84WV5;8058
RQ6JZDYGL266A;B01LONQBDG;2676
RQ6P92L8AVQVW;B08S74GTBT;5615
RQ7XAO5UTJQZT;B00J5DYCCA;4374
RQ8DJGRM0OVUA;B08YK7BBD2;6955
RQ8LTTD9ZAD0U;B07DZ986Q2;3319
RQ93EWXEO7QN8;B08RHPDNVV;6524
RQ9RWJZB21GNX;B08SCCG9D4;527
RQAF3Q7KCEGHP;B0BFWGBX61;2340
RQAJZR3HP1BF8;B09YL9SN9B;6307
RQBZ31QLH40O;B00HVXS7WC;1599
RQCGOLYO4S7UF;B009P2LK08;826
RQCS96BTP35A9;B09LD3116F;265
RQELQR0TU48E;B097MKZHNV;3702
RQESDHNQG4JEE;B097RN7BBK;2388
RQFE7KDITY77S;B00J4YG0PC;2600
RQFWTYF7ISOCK;B086X18Q71;4782
RQGX2ONVZ89F8;B08J82K4GX;3228
RQH9Q1TBCSHWW;B095PWLLY6;8945
RQHAXYP2AT1QP;B01KK0HU3Y;6848
RQHLZKD65C2;B0B2CZTCL2;8220
RQHVUM93NUCOU;B07SPVMSC6;5790
RQI0L92ZT0TOP;B08XNL93PL;8621
RQI80JG2WZXNF;B083342NKJ;2118
RQIV7RKXG033Q;B07WKB69RS;3192
RQJXA2JEYSLSP;B07BRKK9JQ;4722
RQKLAO0RN02HA;B0756KCV5K;6198
RQL9ZMQUTY7P2;B08WRWPM22;7075
RQM34GWJC0DPJ;B07JF9B592;1558
RQOF3LTV1XO6K;B07J2BQZD6;3487
RQOWF9MFTN6CQ;B0BBVKRP7B;8581
RQPKLLF0EQESW;B0BPBG712X;3210
RQPUD710DM4CJ;B00O2R38C4;721
RQQT9ZUZIJ2J9;B09BW334ML;521
RQR59DAFHW3WV;B07Q4QV1DL;165
RQR59DAFHW3WV;B088ZFJY82;165
RQRALTGTHS809;B0B244R4KB;1358
RQRTXJPYHHSFL;B09NY7W8YD;4508
RQRYBRNF648MR;B017NC2IPM;5910
RQSHBH1TBP4AB;B07PLHTTB4;6824
RQSOPFFP2W9UH;B0B16KD737;2224
RQTVJP9U5HCTZ;B09ZQK9X8G;2977
RQU8SHDXBG8NZ;B09YV42QHZ;4123
RQU8SHDXBG8NZ;B09YV463SW;4123
RQU8SHDXBG8NZ;B09YV4RG4D;4123
RQV7WIBD0GS06;B08H673XKN;3544
RQVMA35UH4D2P;B071SDRGWL;1438
RQVMA35UH4D2P;B077Z65HSD;1438
RQVMA35UH4D2P;B0974G5Q2Y;1438
RQW7J1KQNV90H;B08XXF5V6G;4791
RQWPQXKORWT5I;B086GVRP63;3675
RQWYUTNJ2RA2L;B09Z28BQZT;2681
RQXD5SAMMPC6L;B0BQRJ3C47;5630
RQXMAOZFDCUDY;B09SJ1FTYV;8445
RQXZDM0PKSCMS;B00N1U9AJS;6262
RQYGF5HURT4Q7;B09GB5B4BK;8764
RQZRV02WQM827;B09X5HD5T1;5782
RR0KMPBLVAMVA;B09ZPJT8B2;2029
RR0XZNLNGQQUU;B097RN7BBK;6318
RR11J9T0OGAT7;B09N3BFP4M;3679
RR23X5VXCOUKW;B092R48XXB;7453
RR2G573NOMISE;B00P93X2H6;5699
RR30YFP5QKZZZ;B0BLC2BYPX;2834
RR4FYBIUQQF0S;B09XHXXCFH;1798
RR4IXFU8KX870;B08498H13H;2784
RR4N76OXC0SFK;B08CGW4GYR;2767
RR4S5JTJMCPA5;B0BPJBTB3F;197
RR77HDAK29S5E;B09VL9KFDB;5777
RR7DW11JUGVUX;B08H6B3G96;1033
RR7JLC3VD2TBS;B09VH568H7;4796
RR81G0GIJQKT9;B01FSYQ2A4;7248
RR8Y3CSNEHCK6;B08CYPB15D;1692
RR91VSJ4DDBZ6;B09MMD1FDN;1874
RR9I6SN1YILLK;B09BW2GP18;7383
RRAGFU9E9MAU7;B0B59K1C8F;1320
RRAGI9YCKE2H9;B09TP5KBN7;4475
RRBGOD13SHW3G;B009LJ2BXA;6007
RRBQIRD7QU74J;B00CEQEGPI;5501
RRC1X279O3BYB;B00SMFPJG0;1753
RRCQZ1NUT86W1;B0746JGVDS;5529
RRCUB6J7H9WK8;B09NTHQRW3;2746
RRDFD5UYQWGA2;B08J82K4GX;2768
RRF41F2P7DFYP;B09GP6FBZT;6067
RRGGJ6YHE8TBS;B08MZQBFLN;4813
RRHMKA6B4XPL7;B01GFTEV5Y;4261
RRHPL4BMSGAYI;B01LWYDEQ7;3231
RRI0B00NV10SB;B09TP5KBN7;8636
RRI2HSPM9BYXP;B07WGMMQGP;8500
RRI2HSPM9BYXP;B07WHQBZLS;8500
RRI2HSPM9BYXP;B07WJWRNVK;8500
RRIN800K9UFKC;B07SLNG3LW;7923
RRJES0SUCXLVP;B09BL2KHQW;4347
RRJFTC0VXGP9F;B08GTYFC37;938
RRK0TIGHV700F;B09TP5KBN7;3115
RRKAMPIXSKUW;B09XJ5LD6L;2808
RRKJ8FMQW12HS;B0162K34H2;8221
RRKKD7U3BYBEI;B0B2C5MJN6;2298
RRLP9GLVLYZF1;B07NC12T2R;9039
RRLSH7AHH6XLU;B08BG4M4N7;4699
RRMMF8UU19VAL;B085CZ3SR1;1850
RRNJOTGQVMBP9;B0B2DZ5S6R;5710
RRNOZ5CUP4LFK;B08D9NDZ1Y;5483
RRNZU0RMAOHLI;B07SY4C3TD;3401
RRO3M2JQNUPLE;B0BNQMF152;7695
RRO6AFAOOQJAK;B0B4KPCBSH;2181
RRO90ETYUURUA;B08RZ5K9YH;7155
RROVBM9HC5VHW;B07R679HTT;8953
RROY3V4G9AN02;B07YZG8PPY;3891
RRPKO7B62TUN8;B0747VDH9L;3908
RRQ95R1ZRK9NS;B08KDBLMQP;5090
RRQXXW3ICBFQF;B00C3GBCIS;2387
RRT9OUXNV4IJU;B078JBK4GX;7627
RRVOLO108F914;B0841KQR1Z;2333
RRVW4AYAAM5V4;B09MZ6WZ6V;1623
RRW1QA494UE5V;B085W8CFLH;334
RRXL16HKP2N8T;B00ABMASXG;3300
RRXQSGPAF67RM;B08YD264ZS;724
RRXUVCKCU8ZYM;B008QS9J6Y;3934
RRZOYTJL6LAHO;B0BMZ6SY89;7112
RS0V18ODCDQYA;B07WGPBXY9;183
RS0YPV8CGGS8R;B07W9KYT62;7715
RS0ZV034M4T2G;B0BK1K598K;8791
RS1N6TNO33BOK;B0B4F1YC3J;5359
RS1N6TNO33BOK;B0B4F2TTTS;5359
RS1N6TNO33BOK;B0B4F2XCK3;5359
RS1N6TNO33BOK;B0B4F2ZWL3;5359
RS1N6TNO33BOK;B0B4F3QNDM;5359
RS1N6TNO33BOK;B0B4F4QZ1H;5359
RS1N6TNO33BOK;B0B4F52B5X;5359
RS1N6TNO33BOK;B0B4F5L738;5359
RS1V5P4B8NSAO;B0BF4YBLPX;874
RS1V5P4B8NSAO;B0BF54972T;874
RS1V5P4B8NSAO;B0BF54LXW6;874
RS1V5P4B8NSAO;B0BF563HB4;874
RS1V5P4B8NSAO;B0BF57RN3K;874
RS2B5ERC0SV1O;B094JNXNPV;6686
RS2R19WDEHUNL;B099Z83VRC;1286
RS2SWNB31NQTZ;B08TT63N58;8085
RS2T771TLOD14;B06XPYRWV5;2781
RS323H3S7TUW3;B07WVQG8WZ;2950
RS38MZA2FG7HF;B0117H7GZ6;5391
RS3FCMS4SCQ6V;B07YY1BY5B;9025
RS3FCMS4SCQ6V;B08HV25BBQ;9025
RS4EISO2SVH41;B08VGDBF3B;7276
RS4WBWB5R5HX3;B01MF8MB65;2567
RS51GZQV4URIF;B086Q3QMFS;179
RS5SSFIL1MWFD;B098QXR9X2;1636
RS64CINVRWLQ7;B0083T231O;8446
RS73FA8EPYION;B09ZPM4C2C;7660
RS75FOY13AIG9;B08D9NDZ1Y;7127
RS75WH30OYOY3;B00PVT30YI;5091
RS7H27GCGREXQ;B09XX51X2G;5053
RS7K2VARSRPPH;B0B3DV7S9B;5384
RS7QQ6IPVH0ZK;B08VS3YLRK;1182
RS7UBBKWLI55Z;B01MQZ7J8K;5397
RS8LJM8U4MFL9;B07KR5P3YD;8430
RS93FM8EGCGVK;B07Z1Z77ZZ;2007
RS96LTGI8BWQ7;B08RP2L2NL;2597
RS9AG75KQ5ZWV;B08D9MNH4B;8465
RS9KLTRCAL9W0;B078WB1VWJ;3170
RS9M0L1XRI2AT;B009P2LITG;5405
RS9X8J9FRZLXD;B095244Q22;1553
RS9ZB4H3Y5CQZ;B087FXHB6J;4504
RSAB4HSG5ZH9H;B0B7B9V9QP;6349
RSAI7CGWIHYS0;B07GNC2592;3712
RSAWD2O7MGQHQ;B08BG4M4N7;845
RSAY82S1YEY1A;B00P93X2H6;5300
RSB9VP4KY975L;B00J4YG0PC;672
RSC0FWSR0TQTI;B07Q4QV1DL;8658
RSC0FWSR0TQTI;B088ZFJY82;8658
RSC1YPIBXFW9B;B09P1MFKG1;4299
RSCD0432EVS8F;B09LQH3SD9;4871
RSD0JTIIWQQL8;B08WRWPM22;4131
RSEQE3YO0NKC0;B08LKS3LSP;4291
RSFAK41WPQNGS;B09M3F4HGB;6298
RSFPLEMO7DSOR;B08RX8G496;7702
RSFTU5X4MU4K0;B07RZZ1QSW;4998
RSG6CEI9TVLPB;B08D9MNH4B;8372
RSGSF2Y8TNWD0;B09NS5TKPN;8470
RSH53O0JL66NL;B003L62T7W;1725
RSHEPWEKELRFO;B08WWKM5HQ;8520
RSHK5RYDB3VH6;B09BW334ML;5553
RSJ54MT2ZA62K;B07H3WDC4X;7958
RSJC3VP7IBJJY;B00SH18114;6205
RSK3T9GASN96L;B012ELCYUG;718
RSK7Z8ESBQEUX;B08LVVTGZK;6672
RSKKY88AN663W;B07PLHTTB4;87
RSKOVH69IL8VG;B09HSKYMB3;6830
RSL0KWN4H04GJ;B08MVXPTDG;7048
RSL20NEE3CM3Z;B09Y5MP7C4;6957
RSL3RF7SXG9CZ;B00KRCBA6E;7192
RSLWFI693E1IC;B07DGD4Z4C;4911
RSMINHFUL02QE;B07TTSS5MP;4417
RSN8CDJ5X1XI1;B07MSLTW8Z;101
RSN8DME4CMZOS;B08Y7MXFMK;8477
RSNHWPVLK9SAQ;B07KRCW6LZ;1280
RSO46BN8S4OSU;B097C564GC;5437
RSOGJ8FAFL4E5;B0718ZN31Q;579
RSOK1DI5JASHZ;B09NNGHG22;4922
RSOL1K3LF3E2I;B0993BB11X;8178
RSOL1K3LF3E2I;B09MZCQYHZ;8178
RSOVJCRH662YN;B00NNQMYNE;5475
RSOZUVKUZCPUL;B08WRKSF9D;211
RSP3LVQQTLFHS;B08CZHGHKH;4855
RSP7D739UWRFL;B00V4BGDKU;4385
RSP7D739UWRFL;B08FYB5HHK;4385
RSPH5EIECZOR0;B08ZXZ362Z;2231
RSQ14DVNFLV3C;B09ZPM4C2C;5656
RSQG0AYJ4V2D8;B07B88KQZ8;8647
RSQGCR6V7H766;B08TDJ5BVF;5089
RSQJ9ZHLKQ8HS;B076VQS87V;1660
RSQKDGLTZET66;B00KIDSU8S;2584
RST6G0XZXY8O3;B08CT62BM1;7983
RST6G0XZXY8O3;B08CTNJ985;7983
RSUWXFVM9EBIO;B08HQL67D6;8300
RSV9TZFCZGNJM;B0BDG6QDYD;7253
RSVPGFXI871XS;B086199CWG;2625
RSVUYAJ0BU54O;B09LD3116F;1867
RSVV6T480YK7W;B086Q3QMFS;1395
RSWGOFTPZPLTL;B08WLY8V9S;7110
RSWY4LT0L7TCL;B07MDRGHWQ;4541
RSWY4LT0L7TCL;B07MKFNHKG;4541
RSYBU38UVWSP6;B07QZ3CZ48;2728
RSZFFKU0IDHKS;B08L879JSN;1429
RSZSH0XP6FHXL;B00A328ENA;8479
RT127W0ZQV4V6;B07N2MGB3G;608
RT1WYUXVBO1SA;B01M0505SJ;4110
RT20S82LT3HZF;B00LUGTJGO;2842
RT2C0KDRUBKGV;B086394NY5;4914
RT2KK4EHU66TM;B0B23LW7NV;6177
RT2PBCZXFIDGN;B08X77LM8C;6070
RT2VNM024LSCP;B01FSYQ2A4;3194
RT3G3MB3U8LC1;B0B3DV7S9B;6904
RT44HXN50X2AN;B09H39KTTB;6506
RT4VEG1QJSZ5D;B07L5L4GTB;2264
RT55L3CO3TSZ6;B0B4KPCBSH;8935
RT5YXKE0NNQ8F;B09ZTZ9N3Q;4934
RT6Q1RSJWHH0A;B09XTQFFCG;5343
RT72XDZGEHFR6;B08ZN4B121;8722
RT7JIX9SX80E1;B01M72LILF;8566
RT7VNN6MKVQIW;B0BDS8MY8J;7347
RT8EWW3VVXA67;B01IOZUHRS;8579
RT8FDK4YOM2GF;B07YWS9SP9;6568
RT90DRDTG154I;B00KRCBA6E;8902
RTA5F8RZUBJ2D;B07PR1CL3S;6750
RTAB1NOENZ16O;B078JF6X9B;7928
RTATA9H2ELJ81;B07XJYYH7L;2469
RTBI29BIALOQ4;B09ZK6THRR;2724
RTBK03ZGZJSAC;B00F159RIK;3874
RTC6ZQC3MKS61;B07Q7561HD;3195
RTCE1LHDI5MSC;B07W4HTS8Q;5298
RTD1L3LGGMBG3;B084BR3QX8;5545
RTD8NH880GNXH;B08VB2CMR3;2088
RTD8NH880GNXH;B08VB34KJ1;2088
RTDFS7CJWZ7Z9;B0949FPSFY;4348
RTE5VGSY9115Z;B0747VDH9L;7333
RTEAGC48PIYAU;B08NCKT9FG;3508
RTEAGC48PIYAU;B0974H97TJ;3508
RTFGWAX83AVMH;B09F6VHQXB;2888
RTFWIHNYBS6OX;B09FPP3R1D;7890
RTFZIQRITFCIV;B00NM6MO26;1057
RTH4IIS0NEMZB;B08LVVTGZK;716
RTHHAHQ848PU8;B09P18XVW6;4285
RTHHAHQ848PU8;B09PLFJ7ZW;4285
RTID73IKA1G3K;B092R48XXB;7021
RTILNKKZAV4WT;B0BP89YBC1;1938
RTJCKSW3MGDCJ;B08Y5QJXSR;6802
RTK0O34YU9CJW;B09DDCQFMT;4755
RTKFSPNDCXIKO;B07H8W9PB6;4027
RTLATKAZTO4KF;B07Z1YVP72;6468
RTLJ2SFPAH8LU;B009P2L7CO;8355
RTM2W77UCIN1G;B08LT9BMPP;277
RTNPJ485GGG0B;B07W7Z6DVL;7694
RTNR1AFNBXK4C;B01892MIPA;1740
RTNU6RMF947TL;B07QMRHWJD;1777
RTP8C0IEC8HOG;B09HS1NDRQ;8532
RTS3Q7O97I2P7;B075JJ5NQC;7745
RTSX75DFGY3VC;B0B2DJDCPX;5552
RTT5VLIVBXJ9G;B08XLR6DSB;8587
RTT7TYSICUSK7;B07Y1RCCW5;8045
RTTCI4WPA20T0;B07VX71FZP;6601
RTTEA9QADDEHQ;B00W56GLOQ;7817
RTUH4QIEPCZI2;B08NW8GHCJ;3092
RTUH4QIEPCZI2;B08V9C4B1J;3092
RTWMPZGIX9EDV;B07KRCW6LZ;990
RTX0APKPL4NRR;B06XMZV7RH;3396
RTYO6OF7GIUIT;B08CZHGHKH;1504
RTYS2009LXZ0F;B08BJN4MP3;5568
RTYY30I8B4PS4;B016MDK4F4;587
RTZTMUWT2I4GS;B008YW3CYM;7800
RU005HHB0U3FV;B08CHZ3ZQ7;4398
RU09H6AAVSB29;B00GGGOYEU;8962
RU0EQUWAQWSU6;B096NTB9XT;1228
RU0LU2PAIIME;B08N1WL9XW;2334
RU0LU2PAIIME;B08P9RYPLR;2334
RU0LU2PAIIME;B09NHVCHS9;2334
RU0LU2PAIIME;B09NJN8L25;2334
RU0LU2PAIIME;B09NKZXMWJ;2334
RU0LU2PAIIME;B09NL4DJ2Z;2334
RU0LU2PAIIME;B0B3MQXNFB;2334
RU0LU2PAIIME;B0B3N8VG24;2334
RU2RYKNTJU52I;B09YV42QHZ;3384
RU2RYKNTJU52I;B09YV463SW;3384
RU2RYKNTJU52I;B09YV4RG4D;3384
RU2SGN0UVZU6E;B07GMFY9QM;5220
RU34IVNRBGN2X;B088GXTJM3;2782
RU423VYROXUDD;B01LONQBDG;8437
RU43GXLFBAS8O;B07DZ986Q2;5769
RU4VUDDZCAKWJ;B00A0VCJPI;4622
RU5K3FZ0CXHM7;B08CKW1KH9;3248
RU6YHY3TNNV6U;B085LPT5F4;7426
RU78E5A4MW0PK;B07L9FW9GF;6047
RU7ADO0K3THNI;B08FD2VSD9;4616
RU7Q1JVSNZAP7;B097JVLW3L;6916
RU7Y6AS0UOPYI;B07VV37FT4;710
RU8SZ6NFWFYV6;B08FN6WGDQ;8344
RU90SRND4C6NC;B09SDDQQKP;7009
RU9DOPO6AYDMQ;B09VPH38JS;4647
RU9GH76MXDYL8;B08MZQBFLN;2171
RU9KVASNZ0OC3;B00O24PUO6;7864
RUB7U91HVZ30;B0B94JPY2N;364
RUB8S6S3B4G58;B09FFK1PQG;7392
RUBFE0WN34MVP;B09TMZ1MF8;6612
RUBTHCF19J4V;B097RJ867P;1582
RUC6VSV4LU9P4;B0B84KSH3X;2805
RUCGD37GEB0KN;B07GLS2563;1771
RUDJ9ISAQDD3B;B014SZPBM4;7783
RUE1VX5KVXKYM;B08RZ12GKR;1516
RUEU6D8W0ESGK;B097RJ867P;6036
RUF8L2BWE5FXM;B09CKSYBLR;1528
RUFFDMZAXAV0E;B0BBMPH39N;8074
RUFFV2QR43OCM;B08B42LWKN;393
RUFFV2QR43OCM;B09Q5P2MT3;393
RUFFV2QR43OCM;B09Q5SWVBJ;393
RUG04XHXRXK95;B00NH11PEY;6619
RUG04XHXRXK95;B00NH13Q8W;6619
RUGI31F4HDHOV;B08QSC1XY8;5408
RUGI31F4HDHOV;B08QSDKFGQ;5408
RUGMBPEU1O5TW;B00CEQEGPI;2578
RUHJ2QE6OWH81;B09ZK6THRR;3140
RUHO80MJ5NV8O;B08444S68L;5773
RUIKGKRD5Y2WM;B08TT63N58;7139
RUKFW1KM46G2K;B008YW3CYM;7116
RUKK2PZV0ZTGD;B0B61HYR92;5697
RUKWFWPEE3FCG;B09PNR6F8Q;5046
RUL4CK8TAFSM6;B0B72BSW7K;2853
RUM1Z3OU0DSOB;B07J2NGB69;4181
RUM8TBPKUE5UF;B09VCHLSJF;7952
RUM8TBPKUE5UF;B0B3MMYHYW;7952
RUMWHXUP5WKO2;B083RD1J99;6208
RUMYIU0ZZG3K;B00GG59HU2;3812
RUN0V9GG0NY3K;B094G9L9LT;4889
RUN7GUB7PBBO2;B01CS4A5V4;8783
RUNNMDT7UQU00;B09SDDQQKP;1593
RUNP3LOY40PFP;B09SB6SJB4;4633
RUO5Z5INF7INR;B016XVRKZM;2161
RUOMB8W6YK7QR;B0B2931FCV;3060
RUOVM34GI6ISW;B077T3BG5L;6743
RUP7RE9R1GMG7;B08GM5S4CQ;1233
RUP9QA599PULX;B07JPX9CR7;5279
RUQ8WLFE1FRJ2;B009UORDX4;4328
RUQIUJ24RX540;B09G2VTHQM;6105
RUQMRRT0FY4YJ;B08H5L8V1L;4797
RUQZXIY1KFXLC;B00935MGHS;6488
RURQQWP8I8XS4;B01J8S6X2I;3175
RURU97F6DP2YP;B09Z7YGV3R;1839
RUS257RE8HM73;B0B8SSZ76F;3541
RUSJFUV64DPWM;B0B3CPQ5PF;3305
RUSJFUV64DPWM;B0B3CQBRB4;3305
RUSJFUV64DPWM;B0B3D39RKV;3305
RUTL2J228W4N;B0B8ZKWGKD;7291
RUTSM8SFB6IK1;B00UGZWM2I;4977
RUU9CCQBQ59IY;B084N18QZY;1307
RUUA046AAE2O4;B01MRARGBW;475
RUV07628Q4D75;B0B2CPVXHX;5873
RUV6A5DB7ROJU;B09NL4DCXK;4874
RUV6A5DB7ROJU;B09T37CKQ5;4874
RUVNSVGR3C0ZK;B07QZ3CZ48;2103
RUWA5ZR9LSQBH;B09XX51X2G;8575
RUXK9STZWSV93;B0B466C3G4;7421
RUY22A4DUCUEL;B096TWZRJC;5471
RUYKZDXCHIL0A;B0B2PQL5N3;8321
RUYL5687EN2BX;B00KIE28X0;1796
RUZV4DZKBFJGE;B08GTYFC37;8478
RV1VPXNF6R439;B01L8ZNWN2;3800
RV22EDSI7F9WX;B08B6XWQ1C;4682
RV24IG0ESY0QQ;B09XTQFFCG;5439
RV26OEPPLTVTZ;B09QS8V5N8;744
RV26OEPPLTVTZ;B09QS9CWLV;744
RV26OEPPLTVTZ;B09QS9X16F;744
RV26OEPPLTVTZ;B09QS9X9L8;744
RV2OCYSB602OB;B08YDFX7Y1;1488
RV3GIBR7FUXWH;B09H34V36W;8534
RV3NO42W0C95H;B0B694PXQJ;2563
RV401DJ0XBW51;B01M265AAK;5948
RV46F0P6E6UXD;B09YLFHFDW;6338
RV4T2P1TSYP7C;B08NW8GHCJ;3378
RV4T2P1TSYP7C;B08V9C4B1J;3378
RV4W2N7V5XWQ2;B085CZ3SR1;7464
RV51Y63DBOCWS;B07QZ3CZ48;1017
RV544Y0ARIS17;B08BCKN299;1434
RV54JVI6BCMEA;B09B9SPC7F;2648
RV56YWKRKX22O;B08D64C9FN;2347
RV77H2T0BJN4V;B09KNMLH4Y;3835
RV7AO8FJ14RY7;B0752LL57V;5620
RV83FJKABN7I9;B07HZ2QCGR;2312
RV9D590OVPKU7;B082T6GXS5;1019
RVAAWJ5HR7RIW;B078V8R9BS;6867
RVAITDIGNV43K;B01M0505SJ;5808
RVAOC66XONJBJ;B09XHXXCFH;502
RVAY1H2CHPFD5;B00KIDSU8S;8694
RVB2FQLVO9N0A;B07NPBG1B4;6714
RVBQL14APCWFY;B00LUGTJGO;4476
RVBV8BEJ26OG6;B08QJJCY2Q;1602
RVC3N6LRSJBX6;B0BMZ6SY89;674
RVC7CUNCVWKT0;B0188KPKB2;1813
RVDYX9SNZJ6MQ;B08HLC7Z3G;5759
RVEWH0LAEO3NH;B09L8DSSFH;7054
RVGO6MWYIVZIU;B09NR6G588;4353
RVH0I89DG4CBI;B07924P3C5;15
RVHDQX6TUCHG0;B08XXF5V6G;7570
RVHF9P5OW46KR;B07JQKQ91F;8914
RVHHM5FW31JN1;B08B42LWKN;6834
RVHHM5FW31JN1;B09Q5P2MT3;6834
RVHHM5FW31JN1;B09Q5SWVBJ;6834
RVHJAX9LZXL81;B08CGW4GYR;5865
RVIOYPQ1ULDAW;B07SY4C3TD;5070
RVITAAYFIMZKT;B08MZNT7GP;8054
RVJ7OESUFXN6U;B077T3BG5L;2220
RVJJVCMWN8Y41;B0B5KZ3C53;6728
RVKAO44KF8EF2;B07VQGVL68;27
RVLHMAS6PSLC9;B09TMZ1MF8;8492
RVLRZGC6D01FK;B071VNHMX2;681
RVLTVX5PB83WB;B07F1T31ZZ;7239
RVMBP0ZUQJNKH;B07Z1X6VFC;3097
RVMI19H090GN5;B07CVR2L5K;574
RVMWQ6RR0C1HY;B0BCKJJN8R;4381
RVNAAQ2FDKBI9;B07Z1Z77ZZ;972
RVNGA0FEAXYHI;B07F1P8KNV;6837
RVNGA0FEAXYHI;B07GVGTSLN;6837
RVNP5UR9UECQW;B07H1S7XW8;1766
RVNS9SRGUWUT3;B0B53DS4TF;1827
RVNYJGF3TJ1HH;B07N2MGB3G;1075
RVP0VF5HL82LG;B07DL1KC3H;8164
RVPA011CN6KFC;B071113J7M;2774
RVQ4ZTYZQXEP5;B01GZSQJPA;8052
RVQD2WX9EIW0W;B08KHM9VBJ;3699
RVRLO0A6SRBIU;B08LKS3LSP;7410
RVRVEXC4LY123;B0BGSV43WY;6949
RVRXFESU2TRZK;B09HSKYMB3;924
RVSI68M0EPAVZ;B07WMS7TWB;7761
RVSKWY5IP3JQB;B09DDCQFMT;8294
RVSWATRY0CJIV;B004IO5BMQ;869
RVUE4MKJEQRHT;B0BGSV43WY;2324
RVUGXND7SHFW8;B0819ZZK5K;5395
RVV3VEBYM65XS;B09474JWN6;4400
RVVK1C0RQFZYV;B01IOZUHRS;8408
RVVUYDXJQ5FWH;B08NW8GHCJ;6288
RVVUYDXJQ5FWH;B08V9C4B1J;6288
RVX4OJQUR5ZVE;B07989VV5K;8582
RVXBEXV3GDXD8;B07H3N8RJH;53
RVXXO15AGASNX;B005FYNT3G;3854
RVXZKH1V12BGV;B085CZ3SR1;218
RVY7BZCJPHJZU;B0BP89YBC1;8456
RVYACTR72CHW1;B07CWDX49D;2073
RVYACTR72CHW1;B07CWNJLPC;2073
RVYEL8OR4M003;B01MQ2A86A;6574
RVYETD2GBOPL1;B00LP9RFSU;177
RVYFHH68OOF4I;B0759QMF85;7939
RVZJOLWLG5JZ9;B07WDK3ZS6;4891
RVZJOLWLG5JZ9;B07WDKLRM4;4891
RVZJOLWLG5JZ9;B07WGPKMP5;4891
RVZJOLWLG5JZ9;B07WGPKTS4;4891
RVZJOLWLG5JZ9;B07WHQWXL7;4891
RVZJOLWLG5JZ9;B07WJV6P1R;4891
RW0LXEHCN4GNH;B07NCKMXVZ;2960
RW0MMI9AUXK5J;B082T6V3DT;5737
RW0XZ8GFEVSHT;B08H6CZSHT;1124
RW13JZ6UTG39E;B09NNJ9WYM;5108
RW1HT9YU7JHSI;B01EJ5MM5M;6561
RW1MNAXV6W46C;B071113J7M;2151
RW21FMMFE7BFI;B00935MD1C;4430
RW294SCHB5QTK;B09RZS1NQT;8685
RW2VQKGRRIM41;B08XNL93PL;3745
RW2Z2YM3K8UV5;B07F1P8KNV;5297
RW2Z2YM3K8UV5;B07GVGTSLN;5297
RW3YCZCKGOBH;B07JQKQ91F;5049
RW5C887MDJQZV;B07GXPDLYQ;2674
RW5LMN5G0IGL3;B09SFRNKSR;709
RW5MJG9LTX6QD;B07L9FW9GF;7774
RW5XWAMBITKJR;B0989W6J2F;6104
RW7GLU8WKBE0M;B09MQ9PDHR;7379
RW7Y9OWPKFCNF;B09FPP3R1D;3817
RW80Q6XC18TR1;B09YLWT89W;745
RW8C24FXP79KC;B07KKJPTWB;3706
RW9LHUMO78TE2;B09RQRZW2X;4439
RW9RTATRE2350;B09FZ89DK6;660
RWAZG6R4PYQD8;B09SB6SJB4;2989
RWB0U0JJ3NG4J;B09GYBZPHF;2198
RWBH0HJW2II45;B0949FPSFY;190
RWBPIAS5R7Z75;B07YWS9SP9;4036
RWBQ359RY77PV;B09MFR93KS;3647
RWBU98UIH3EG4;B08VGM3YMF;2568
RWC4G90JFDFX5;B08K4PSZ3V;6832
RWC4G90JFDFX5;B08K4RDQ71;6832
RWC90IUA5DUMH;B097R2V1W8;8526
RWDHPQP1486KE;B0116MIKKC;1448
RWDME913KW45B;B07VZYMQNZ;7608
RWEPEYF95XCK9;B09F6D21BY;1601
RWESRERAFOYEW;B07KY3FNQP;3308
RWFBNIYQTMW4A;B07YSJ7FF1;2475
RWGJNVEH5ZQME;B08Y1SJVV5;6894
RWGJNVEH5ZQME;B08Y1TFSP6;6894
RWGJNVEH5ZQME;B08Y5KXR6Z;6894
RWGNX3W7UOJ7W;B08WRWPM22;6663
RWGY8K9HNDNRU;B012ELCYUG;9014
RWIBZAS0R8OND;B01HGCLUH6;3322
RWIX4QGK0HB47;B081B1JL35;6076
RWJG2SH0FCSIY;B09MKP344P;1493
RWK29DZUWGFWM;B07KY3FNQP;2261
RWKQG2WMXYN20;B0B5F3YZY4;7997
RWLGI93AXFKRD;B07DJLFMPS;7371
RWMH1CZ8YZVA1;B0BMZ6SY89;6120
RWMXE334TZ0PH;B00V9NHDI4;1561
RWO7FXQAVPEXH;B0BMGB2TPR;2800
RWO7FXQAVPEXH;B0BMGB3CH9;2800
RWO7FXQAVPEXH;B0BMGG6NKT;2800
RWOQMMEBT56CR;B0BG62HMDJ;4260
RWOZF184HDN45;B0762HXMTF;5786
RWQ5WXJM5SYQM;B07H5PBN54;7450
RWSHFGBE1WU3I;B07XJYYH7L;153
RWSKD0OJUSGQS;B09ND94ZRG;3148
RWSKUEMV0AS0P;B0B2CWRDB1;3981
RWTE4VJZ96QEW;B075ZTJ9XR;517
RWTE7DKXWTMG4;B00ZRBWPA0;8048
RWU79XKQ6I1QF;B096MSW6CT;8632
RWULGXZ2D26AB;B0883KDSXC;5752
RWV1P8F9DC6TT;B07YNHCW6N;232
RWVCDTLWJRC3M;B09XBJ1CTN;5009
RWVKTGUMXNHW6;B082KVTRW8;2219
RWWGO6H2DZMYC;B08CTQP51L;3869
RWWWFTZ9CN3TK;B08CKW1KH9;8215
RWXV1G9ORG22P;B01LONQBDG;8067
RWXVF96DFZ856;B075TJHWVC;7350
RWY553B13GWAK;B0832W3B7Q;5539
RWYRMRDBVWYUO;B09V12K8NT;6250
RWYRMRDBVWYUO;B09V175NP7;6250
RWYRMRDBVWYUO;B09V17S2BG;6250
RWYWGRLTSJX7N;B084PJSSQ1;2881
RWZEH4UX501RZ;B082FTPRSK;3728
RX043807PIUYL;B08RWCZ6SY;4168
RX0A7QAF3B8I7;B08J7VCT12;575
RX2HFWXTTQDTS;B07F1P8KNV;3019
RX2HFWXTTQDTS;B07GVGTSLN;3019
RX492E2N9MM6W;B01J0XWYKQ;8959
RX4O8WQ6VY2AS;B0B9XN9S3W;5965
RX4PUH3NZTZHT;B00V9NHDI4;8715
RX58FZYTDEIBU;B00HVXS7WC;2835
RX593R5637QHH;B08L4SBJRY;4416
RX5FGOO2VEM95;B0B59K1C8F;3015
RX5JXI5MY648T;B00EDJJ7FS;661
RX6C2AZO7L6A3;B0BHVPTM2C;6081
RX6GFI0WHX38M;B07NTKGW45;3028
RX6LRL2BB59G;B07ZKD8T1Q;2954
RX6XRNRWHWUBM;B09ZQK9X8G;1476
RX74XLMFH35PD;B01GGKZ0V6;3254
RX74XLMFH35PD;B01GGKZ4NU;3254
RX87956266XU;B09T2S8X9C;1572
RX87956266XU;B09T2WRLJJ;1572
RX87956266XU;B09T39K9YL;1572
RX8EJPUCGLGYM;B09LD3116F;282
RX8N5J1JQM4W5;B0BL11S5QK;7000
RX8T7QUKKQ55A;B084N18QZY;3038
RX9ISCNT5KUMA;B08TGG316Z;1439
RXAODV2OHBKW4;B07FL3WRX5;2974
RXAU989TJMDX6;B09ZVJXN5L;3017
RXB5KHLQUXONP;B098R25TGC;284
RXCA5L1FET3BK;B07JB2Y4SR;4028
RXCDPPX5ZV2WX;B0BFWGBX61;213
RXCSU83UL85LG;B07JB2Y4SR;2195
RXDVRYTKOH8TS;B0BBWJFK5C;2035
RXEJH230ZKTRM;B08PSQRW2T;7071
RXEJH230ZKTRM;B08PSVBB2X;7071
RXF3HCCBWV0VB;B0141EZMAI;6065
RXG29ZHDAZJ1Q;B0B467CCB9;78
RXGEG3BUDZOW0;B07XJWTYM2;3746
RXGOGCFPVKD34;B09FFK1PQG;2116
RXGY54C9GN1LV;B0B23LW7NV;2120
RXH86NNRUTTSM;B07S9M8YTY;3414
RXHZQKEGCUAY8;B0B9RZ4G4W;4129
RXIDPVAI088YL;B0765B3TH7;1376
RXK8OJ3F42ATY;B08FY4FG5X;4252
RXKHOEIGETJQK;B07WNK1FFN;8281
RXM4QJZX5M7Q4;B09XX51X2G;1107
RXMRCXZ0C6AO1;B07JPX9CR7;2272
RXMRIDNTYYGO0;B08JMC1988;7613
RXN6DPSJFAMLA;B07NRTCDS5;3158
RXNSR6DWHY21T;B07H3N8RJH;6883
RXPE5ZQ9LKS94;B0B9JZW1SQ;7140
RXPI0WC1C9QAK;B008QTK47Q;3445
RXPIU94G6Y8XR;B08FTFXNNB;8071
RXPO6LV61TV1T;B00K32PEW4;8012
RXPUKJKEHY256;B07GWTWFS2;2106
RXQATD7YRR3TA;B09MDCZJXS;258
RXQMN1M04TM6F;B08RZ5K9YH;6850
RXQNT49DKJ26S;B0BQ3K23Y1;8304
RXQTOG0MDLE3A;B00LY1FN1K;2049
RXRM37GL3SHHH;B015GX9Y0W;6560
RXSU1WELHKSJV;B07TR5HSR9;3895
RXSYAGW0AG5GO;B07VVXJ2P5;7420
RXT32QTE7RUQ1;B07H5PBN54;5592
RXTFUL32UVMBF;B00N3XLDW0;5768
RXTN6L62R1AU0;B00KXULGJQ;1782
RXUB8YDK5V29B;B01M265AAK;7341
RXUFYS6IXXC27;B0BG62HMDJ;2301
RXUP19LST693F;B07WHS7MZ1;7173
RXV0W64L9ITU1;B00H47GVGY;1903
RXW00MCJXW4UW;B097R25DP7;2706
RXW65D85E5PT7;B08QW937WV;236
RXW8PLIUVJ2OE;B09J4YQYX3;7046
RXWY3WK7QVN25;B0B9959XF3;2014
RXWY3WK7QVN25;B0B997FBZT;2014
RXX6FP17PFNBS;B0B9JZW1SQ;2628
RXXQRRV1RLLF8;B01J1CFO5I;7886
RXY4DQWAVYWF6;B0841KQR1Z;737
RXYNQRMH2KD0E;B09RWQ7YR6;4472
RXZ2UHPZ7431G;B07JGCGNDG;8615
RXZ81N4MLYOJV;B08CZHGHKH;6207
RXZJVNNH9UTO7;B0BCKWZ884;7563
RXZL00UV67477;B09MTLG4TP;7481
RXZLH38FGBU9K;B0B86CDHL1;6742
RXZP61J92DA6M;B0B466C3G4;858
RY14T5VSHXOVL;B09MQSCJQ1;6228
RY1GC09VYZQT8;B094JNXNPV;17
RY1MX82BJD2VD;B08TGG316Z;5864
RY1WB55L5EA2V;B08RHPDNVV;6246
RY24YLHPCI7XM;B099FDW2ZF;2579
RY3SD0VYKQNWV;B08LW31NQ6;8176
RY4GOMU0VCJ6I;B01GFTEV5Y;1095
RY4WXRNZKRVWP;B09M8888DM;2945
RY57UJXJ6PFU9;B09127FZCK;4188
RY5MNH5OG5MSW;B00EYW1U68;4587
RY71WCYL05RXL;B07966M8XH;949
RY7XGBVY0116M;B09MMD1FDN;5985
RY83C96248L5V;B01DJJVFPC;3986
RY86UV8SMZI90;B08L879JSN;4524
RY95PJLUIT03E;B0B5B6PQCT;5206
RY95PJLUIT03E;B0B5CGTBKV;5206
RY95PJLUIT03E;B0B5D39BCD;5206
RY95PJLUIT03E;B0B5DDJNH4;5206
RY9JUX3BONIOX;B0746N6WML;1815
RY9QSE50DS1XF;B07K19NYZ8;5920
RYB8ZW396HQB;B07TCN5VR9;7725
RYBDLIADVEHDR;B09TBCVJS3;7482
RYC3XH9C3EBWK;B07YC8JHMB;1489
RYCABKJLDMHG2;B08GJNM9N7;8994
RYCTR2UZGN6GU;B07N42JB4S;2235
RYD25TMDIWVXF;B0B3CPQ5PF;4175
RYD25TMDIWVXF;B0B3CQBRB4;4175
RYD25TMDIWVXF;B0B3D39RKV;4175
RYDPEWV9WC0PU;B08H6B3G96;1354
RYERQXE72BWDZ;B071R3LHFM;6446
RYFM2V5BULJFL;B078JT7LTD;6526
RYFMIDRTCXL9G;B08FB2LNSZ;7708
RYG609Z9J78L1;B09BVCVTBC;5459
RYGGS0M09S3KY;B082LSVT4B;3784
RYGGS0M09S3KY;B082LZGK39;3784
RYGGS0M09S3KY;B098NS6PVG;3784
RYGVFM9ORV4JJ;B08YRMBK9R;6592
RYGZ67N1YAQ1V;B076VQS87V;6999
RYH2UHSWNFEWJ;B0BNV7JM5Y;8112
RYH2UHSWNFEWJ;B0BNVBJW2S;8112
RYHX3VX289G1;B09Z28BQZT;2101
RYIE3APCBZO0M;B08NW8GHCJ;4543
RYIE3APCBZO0M;B08V9C4B1J;4543
RYJAAGZ3I6ERK;B00P0R95EA;3153
RYKHQ54JHJYQB;B06XDKWLJH;1451
RYKSWQWZ75CWA;B07R679HTT;1023
RYL1C4JQ1KCOH;B08MVSGXMY;7336
RYLBN0DAJU4SZ;B07WGMMQGP;4211
RYLBN0DAJU4SZ;B07WHQBZLS;4211
RYLBN0DAJU4SZ;B07WJWRNVK;4211
RYLINO7NGDMUI;B09L8DT7D6;3831
RYLJRVXKJQYQE;B08C4Z69LN;2697
RYLP8P4MU9IXE;B08498H13H;3502
RYNFBD6U8G0VG;B014HDJ7ZE;8035
RYO5JW13I0MCH;B08CYNJ5KY;7469
RYO77QIQ3J77O;B08XLR6DSB;8915
RYPL17AT0RDI1;B07J2BQZD6;4530
RYPXAOQI77XRF;B09YV42QHZ;2580
RYPXAOQI77XRF;B09YV463SW;2580
RYPXAOQI77XRF;B09YV4RG4D;2580
RYQLHSHBY786Z;B075JJ5NQC;883
RYQT96J8HPIXE;B07YTNKVJQ;6741
RYQT96J8HPIXE;B08DDRGWTJ;6741
RYRHNVDKS5RFY;B0BF4YBLPX;6993
RYRHNVDKS5RFY;B0BF54972T;6993
RYRHNVDKS5RFY;B0BF54LXW6;6993
RYRHNVDKS5RFY;B0BF563HB4;6993
RYRHNVDKS5RFY;B0BF57RN3K;6993
RYRQ7HQ4WDD0R;B09LMMFW3S;3853
RYRUD4M0M77U6;B08PPHFXG3;3739
RYS9FSF2IYAMQ;B07SRM58TP;3458
RYSCU07717MB5;B08W9BK4MD;3906
RYT31I1KBXJ0V;B00PVT30YI;270
RYTDQJJGF8IM0;B07GLS2563;529
RYTQA3YC8EVSL;B0123P3PWE;2402
RYUKIJ43LG4RC;B08444S68L;6259
RYVGISVDMR782;B01HGCLUH6;2545
RYW158D6ZC85D;B09DSQXCM8;16
RYWES5AT5FQO6;B08DPLCM6T;1887
RYWL8U25UKVRN;B07K19NYZ8;8708
RYX7V566YA4IQ;B07Q4NJQC5;1790
RYXRDTE7LINT1;B0BN6M3TCM;8843
RYZ8HY7V1JOX0;B08GSQXLJ2;5951
RZ0VG2M2MCERQ;B08CFJBZRK;1231
RZ10G9SIHUWRY;B0B2CPVXHX;7429
RZ12R7OYYP0KX;B09YLX91QR;2271
RZ12R7OYYP0KX;B09YLXYP7Y;2271
RZ12R7OYYP0KX;B09YLYB9PB;2271
RZ2ITHHJJCWZS;B07Y1RCCW5;6623
RZ2N6DQS7N3YW;B09M3F4HGB;1563
RZ2TK6IVJL936;B0883LQJ6B;7187
RZ3JLZP8FSO3I;B09GFWJDY1;8291
RZ4IS44C3AS2F;B00UGZWM2I;1748
RZ5IVVOT5LORO;B08RHPDNVV;6281
RZ5JP629DU70F;B06XDKWLJH;3281
RZ5L8BVT0THNE;B09PL79D2X;3163
RZ7BLWVBP91F3;B07KY3FNQP;4452
RZ7HZPPMZP6NJ;B0B53NXFFR;7216
RZ7HZPPMZP6NJ;B0B53QFZPY;7216
RZ7HZPPMZP6NJ;B0B53QLB9H;7216
RZ8HXGE2HU1O;B0756KCV5K;6124
RZ8SZSYKJ5VFG;B018SJJ0GE;4332
RZ9F1LMTYQSA5;B01LONQBDG;4715
RZAAQFY7BDSWC;B07KCMR8D6;1946
RZAQWZXPXX0WI;B083J64CBB;6029
RZAZ7VZRRHLFH;B0B7B9V9QP;5732
RZBWQXTRZLTAQ;B09F3PDDRF;4725
RZCQSN74LHT1B;B07RCGTZ4M;2138
RZDYJDLTYVU7Y;B07SRM58TP;1290
RZE6PGLAOZVVT;B08WKCTFF3;4663
RZF02EKCFFWGK;B01MQZ7J8K;7010
RZF2IS7TK6MF4;B078G6ZF5Z;6899
RZF2IS7TK6MF4;B089WB69Y1;6899
RZFKWWARTVKAF;B08RZ5K9YH;3704
RZFMNMJ8EIG87;B0941392C8;5946
RZFN7UIGV6HRX;B084N18QZY;2093
RZFPMZJQG4VEF;B08CDKQ8T6;5516
RZFW11UFTCBVH;B08R69VDHT;6370
RZFW11UFTCBVH;B08R69WBN7;6370
RZFX345XRS4V2;B096YCN3SD;5496
RZHKJKK72JDBZ;B09FHHTL8L;7691
RZIKHTHHFH1HV;B07GXPDLYQ;5422
RZIRE8MUDAZ82;B08S6RKT4L;5611
RZJR37WFGXR9B;B0994GFWBH;2414
RZJR37WFGXR9B;B0B4G2MWSB;2414
RZK0M87UXFG2;B009VCGPSY;1165
RZLN7G4GGELUS;B09LV1CMGH;7167
RZN676INI7CXB;B09BCNQ9R2;2773
RZN6P7BA3HCH5;B07NC12T2R;352
RZNEIL92FFGTT;B07RX14W1Q;2876
RZNM6HFXBWRJW;B08S7V8YTN;4581
RZO17F76OW8H9;B07L3NDN24;4582
RZO6XGE3P1DX;B0BPBXNQQT;7243
RZPZS0APQWNRT;B0B84KSH3X;668
RZQBPVMZ63GKC;B0BCYQY9X5;3415
RZQQP8IHS7A65;B0B8ZKWGKD;1547
RZQSRHICMZS4I;B098T9CJVQ;3803
RZRHOS2N9ZVJM;B0B84KSH3X;3410
RZRUE1VLMP3QK;B01L6MT7E0;5158
RZSF37HFFK0LN;B01KCSGBU2;30
RZSQX768Q8BRO;B078HG2ZPS;2186
RZTG7YA8FY53X;B09WMTJPG7;8146
RZU3UK8OZKD6X;B09C6HXFC1;4683
RZU6RWH3LJNWV;B0BCZCQTJX;4404
RZU7M4VT3VR9I;B00A7PLVU6;4692
RZUSCY8LR0F4K;B07ZR4S1G4;1466
RZV4F09ALESRQ;B00MUTWLW4;3065
RZV7UUDKB6JRH;B084DTMYWK;5691
RZW6HFWRZFZSM;B0B2CZTCL2;5398
RZWZCWS5OSBP1;B01D5H8LDM;5381
RZXPK0F5S2VTS;B086X18Q71;6489
RZYOW4CYXKVOE;B0B9F9PT8R;2448
RZZ1KIFLBPEDW;B08J82K4GX;2879
RZZ48A786H79G;B07KSB1MLX;1963
RZZB1IDY3USBP;B08XXVXP3J;6461
RZZBLKLCKMBIO;B0814LP6S9;6990
RZZWEYTD4NC3T;B0765B3TH7;91
